{
  "type": "FeatureCollection",
  "features": [
    {
      "type": "Feature",
      "geometry": {
        "type": "Polygon",
        "coordinates": [
          [
            [71.117195, 23.212517],
            [71.111338, 23.216918],
            [71.109276, 23.222286],
            [71.107958, 23.217455],
            [71.098145, 23.211305],
            [71.084844, 23.196679],
            [71.088434, 23.193117],
            [71.081416, 23.193897],
            [71.066183, 23.181995],
            [71.065487, 23.177187],
            [71.041505, 23.16774],
            [71.029962, 23.167494],
            [71.006652, 23.176477],
            [71.00137, 23.174211],
            [71.008917, 23.171733],
            [71.001506, 23.169226],
            [70.983825, 23.171697],
            [70.985222, 23.16687],
            [70.980705, 23.159699],
            [70.968913, 23.159598],
            [70.964915, 23.155081],
            [70.962725, 23.15804],
            [70.964756, 23.165429],
            [70.960114, 23.167369],
            [70.964355, 23.17143],
            [70.964347, 23.174378],
            [70.954144, 23.170758],
            [70.951046, 23.167148],
            [70.951556, 23.154452],
            [70.952726, 23.15037],
            [70.955387, 23.150558],
            [70.960085, 23.144898],
            [70.953504, 23.146329],
            [70.953508, 23.144712],
            [70.956558, 23.141902],
            [70.964404, 23.142521],
            [70.965945, 23.139432],
            [70.969762, 23.138951],
            [70.961354, 23.136861],
            [70.953316, 23.141732],
            [70.958678, 23.135869],
            [70.954397, 23.136161],
            [70.954386, 23.133822],
            [70.951877, 23.134663],
            [70.949976, 23.13149],
            [70.946437, 23.132489],
            [70.947908, 23.13578],
            [70.945977, 23.140129],
            [70.939978, 23.141581],
            [70.930178, 23.137851],
            [70.944806, 23.150161],
            [70.943238, 23.156858],
            [70.937181, 23.16212],
            [70.92634, 23.16142],
            [70.914383, 23.164051],
            [70.893494, 23.162258],
            [70.890573, 23.158028],
            [70.892325, 23.149391],
            [70.889776, 23.145892],
            [70.890127, 23.140632],
            [70.893002, 23.139422],
            [70.900145, 23.143579],
            [70.900842, 23.13719],
            [70.905094, 23.135072],
            [70.897463, 23.131493],
            [70.895134, 23.133191],
            [70.890272, 23.131363],
            [70.887446, 23.135702],
            [70.881016, 23.135061],
            [70.881504, 23.124492],
            [70.875705, 23.121675],
            [70.873318, 23.126145],
            [70.876686, 23.131391],
            [70.874865, 23.137554],
            [70.864047, 23.139802],
            [70.849008, 23.148302],
            [70.834683, 23.151243],
            [70.829735, 23.157738],
            [70.825791, 23.153312],
            [70.827281, 23.149692],
            [70.848072, 23.142003],
            [70.856387, 23.134334],
            [70.858219, 23.129711],
            [70.857028, 23.125363],
            [70.84852, 23.120102],
            [70.847769, 23.116964],
            [70.842258, 23.117243],
            [70.842431, 23.109116],
            [70.838013, 23.113264],
            [70.835763, 23.111873],
            [70.838443, 23.091977],
            [70.831672, 23.096345],
            [70.833671, 23.088355],
            [70.827964, 23.079716],
            [70.82588, 23.081178],
            [70.825203, 23.092145],
            [70.821902, 23.094785],
            [70.823653, 23.098424],
            [70.829499, 23.100205],
            [70.829752, 23.105366],
            [70.823151, 23.110366],
            [70.827773, 23.111925],
            [70.828633, 23.121705],
            [70.833593, 23.121715],
            [70.829662, 23.125994],
            [70.834479, 23.128411],
            [70.827174, 23.133922],
            [70.821873, 23.132692],
            [70.815305, 23.136852],
            [70.820504, 23.139423],
            [70.817134, 23.141661],
            [70.816672, 23.14819],
            [70.812996, 23.148012],
            [70.818572, 23.158602],
            [70.816075, 23.164569],
            [70.812283, 23.1605],
            [70.809356, 23.164589],
            [70.807683, 23.16095],
            [70.796248, 23.159292],
            [70.795436, 23.153449],
            [70.787177, 23.150691],
            [70.785279, 23.15571],
            [70.793786, 23.161679],
            [70.790976, 23.165809],
            [70.787767, 23.165988],
            [70.782377, 23.158373],
            [70.772671, 23.162859],
            [70.773859, 23.168038],
            [70.764568, 23.166041],
            [70.765629, 23.164362],
            [70.759963, 23.160448],
            [70.765872, 23.153513],
            [70.765439, 23.145382],
            [70.75664, 23.141691],
            [70.748369, 23.146202],
            [70.693669, 23.120144],
            [70.638554, 23.081168],
            [70.629326, 23.062468],
            [70.622148, 23.060287],
            [70.609687, 23.063587],
            [70.597118, 23.06094],
            [70.593728, 23.05498],
            [70.602158, 23.034253],
            [70.587529, 23.030571],
            [70.572214, 23.037145],
            [70.561705, 23.029],
            [70.54722, 22.996869],
            [70.541659, 22.959578],
            [70.537853, 22.96475],
            [70.523138, 22.964669],
            [70.512395, 22.960142],
            [70.490658, 22.966862],
            [70.479206, 22.974862],
            [70.475198, 22.974711],
            [70.462587, 22.965996],
            [70.439843, 22.96835],
            [70.43266, 22.967062],
            [70.457808, 22.948999],
            [70.480303, 22.937098],
            [70.492312, 22.934168],
            [70.513857, 22.936507],
            [70.539654, 22.925498],
            [70.532433, 22.908086],
            [70.530491, 22.908237],
            [70.530134, 22.912344],
            [70.522332, 22.914764],
            [70.491093, 22.889887],
            [70.494362, 22.88006],
            [70.485503, 22.881548],
            [70.48187, 22.871298],
            [70.477166, 22.867227],
            [70.479662, 22.861851],
            [70.477932, 22.86056],
            [70.487732, 22.857369],
            [70.499285, 22.843342],
            [70.513914, 22.848992],
            [70.519816, 22.843973],
            [70.513962, 22.836438],
            [70.510991, 22.826054],
            [70.510443, 22.818041],
            [70.513892, 22.818089],
            [70.516991, 22.812311],
            [70.523137, 22.813439],
            [70.523288, 22.811343],
            [70.529425, 22.81373],
            [70.532467, 22.808672],
            [70.53837, 22.812004],
            [70.542284, 22.810339],
            [70.541694, 22.806734],
            [70.544079, 22.804927],
            [70.552967, 22.807706],
            [70.552014, 22.793152],
            [70.54884, 22.79473],
            [70.547213, 22.792055],
            [70.551648, 22.791756],
            [70.551573, 22.789699],
            [70.557374, 22.790682],
            [70.559778, 22.776704],
            [70.564546, 22.771402],
            [70.568206, 22.761977],
            [70.563301, 22.745161],
            [70.567355, 22.727789],
            [70.571276, 22.729861],
            [70.572773, 22.727038],
            [70.577146, 22.727585],
            [70.579474, 22.721732],
            [70.592196, 22.724002],
            [70.600681, 22.728259],
            [70.602234, 22.719142],
            [70.612503, 22.694446],
            [70.610187, 22.689686],
            [70.615794, 22.672497],
            [70.615999, 22.660754],
            [70.614062, 22.658383],
            [70.616072, 22.650811],
            [70.608295, 22.640331],
            [70.574778, 22.633881],
            [70.57193, 22.613842],
            [70.564902, 22.602877],
            [70.581538, 22.602986],
            [70.581969, 22.609908],
            [70.584677, 22.613322],
            [70.592746, 22.60693],
            [70.603849, 22.605537],
            [70.603033, 22.6001],
            [70.605888, 22.591332],
            [70.601605, 22.589733],
            [70.605097, 22.583552],
            [70.610153, 22.586194],
            [70.619941, 22.581765],
            [70.628474, 22.580885],
            [70.631863, 22.575787],
            [70.640746, 22.58046],
            [70.64004, 22.566259],
            [70.635557, 22.558313],
            [70.628347, 22.556841],
            [70.631429, 22.553189],
            [70.626018, 22.549202],
            [70.623787, 22.535457],
            [70.619233, 22.532563],
            [70.622747, 22.525709],
            [70.625192, 22.510231],
            [70.644106, 22.516483],
            [70.645603, 22.512455],
            [70.641418, 22.511824],
            [70.643347, 22.511187],
            [70.64288, 22.507466],
            [70.647579, 22.506897],
            [70.647526, 22.504125],
            [70.651748, 22.503433],
            [70.651505, 22.501212],
            [70.65911, 22.502768],
            [70.654943, 22.49136],
            [70.656434, 22.489815],
            [70.660327, 22.491941],
            [70.662249, 22.48384],
            [70.667344, 22.479468],
            [70.666643, 22.473138],
            [70.656926, 22.474445],
            [70.680076, 22.461033],
            [70.683326, 22.449155],
            [70.687617, 22.451311],
            [70.685834, 22.454333],
            [70.690275, 22.457333],
            [70.69158, 22.464393],
            [70.698023, 22.468964],
            [70.696397, 22.476357],
            [70.689951, 22.481356],
            [70.685944, 22.480871],
            [70.686303, 22.483212],
            [70.704735, 22.485078],
            [70.704008, 22.470929],
            [70.719876, 22.462318],
            [70.727885, 22.462268],
            [70.731006, 22.462995],
            [70.73286, 22.47452],
            [70.739373, 22.480063],
            [70.747041, 22.484552],
            [70.754425, 22.483425],
            [70.754903, 22.491964],
            [70.781578, 22.501279],
            [70.784852, 22.49843],
            [70.782951, 22.492239],
            [70.794702, 22.479851],
            [70.797063, 22.48057],
            [70.800258, 22.474498],
            [70.812253, 22.476978],
            [70.814359, 22.48288],
            [70.814604, 22.477231],
            [70.822535, 22.471784],
            [70.821822, 22.470276],
            [70.836056, 22.471092],
            [70.843291, 22.464411],
            [70.848276, 22.464227],
            [70.848209, 22.460105],
            [70.87191, 22.459592],
            [70.873849, 22.454196],
            [70.879853, 22.454828],
            [70.891486, 22.442921],
            [70.904941, 22.444747],
            [70.915548, 22.44041],
            [70.920109, 22.442301],
            [70.921755, 22.438923],
            [70.928274, 22.441057],
            [70.93396, 22.437144],
            [70.93618, 22.427463],
            [70.938798, 22.426071],
            [70.941425, 22.424878],
            [70.948848, 22.428735],
            [70.953566, 22.424502],
            [70.963735, 22.422569],
            [70.980814, 22.414896],
            [71.019453, 22.435026],
            [71.027042, 22.441426],
            [71.039511, 22.440785],
            [71.04964, 22.434466],
            [71.052599, 22.434856],
            [71.053599, 22.438086],
            [71.058069, 22.437336],
            [71.064628, 22.427756],
            [71.072237, 22.423047],
            [71.076356, 22.404578],
            [71.084475, 22.401708],
            [71.087225, 22.397249],
            [71.094444, 22.399398],
            [71.098493, 22.404598],
            [71.097664, 22.416727],
            [71.100853, 22.425386],
            [71.100523, 22.432426],
            [71.105313, 22.435935],
            [71.12624, 22.437725],
            [71.119111, 22.445365],
            [71.117321, 22.451344],
            [71.13106, 22.460913],
            [71.13025, 22.480882],
            [71.138009, 22.481402],
            [71.145498, 22.478072],
            [71.157337, 22.479482],
            [71.164166, 22.483981],
            [71.163878, 22.50449],
            [71.144187, 22.524824],
            [71.134293, 22.545871],
            [71.115832, 22.547596],
            [71.100506, 22.512186],
            [71.094135, 22.513439],
            [71.084752, 22.524008],
            [71.07041, 22.529835],
            [71.067687, 22.534499],
            [71.06168, 22.537461],
            [71.066189, 22.542329],
            [71.072696, 22.543623],
            [71.070395, 22.549682],
            [71.07575, 22.556926],
            [71.094411, 22.56336],
            [71.10221, 22.583183],
            [71.09322, 22.589873],
            [71.093373, 22.606161],
            [71.097071, 22.602972],
            [71.102697, 22.602673],
            [71.096651, 22.618518],
            [71.101936, 22.63089],
            [71.104465, 22.631595],
            [71.109931, 22.642369],
            [71.120149, 22.636156],
            [71.129353, 22.634987],
            [71.12679, 22.643363],
            [71.128016, 22.652583],
            [71.137333, 22.657585],
            [71.139951, 22.663156],
            [71.143556, 22.663314],
            [71.15795, 22.6793],
            [71.160276, 22.678057],
            [71.162559, 22.683922],
            [71.163849, 22.702551],
            [71.147938, 22.712596],
            [71.146153, 22.72043],
            [71.125834, 22.742596],
            [71.122879, 22.756839],
            [71.125581, 22.760681],
            [71.133008, 22.761957],
            [71.129164, 22.76814],
            [71.124895, 22.784395],
            [71.125055, 22.797908],
            [71.117731, 22.801511],
            [71.113567, 22.808505],
            [71.10423, 22.813999],
            [71.09945, 22.823182],
            [71.145065, 22.827462],
            [71.140254, 22.839477],
            [71.139039, 22.862351],
            [71.161363, 22.861647],
            [71.162331, 22.856987],
            [71.178619, 22.836814],
            [71.183671, 22.825926],
            [71.187651, 22.826692],
            [71.186434, 22.829289],
            [71.188982, 22.830218],
            [71.189804, 22.826958],
            [71.207141, 22.830508],
            [71.208863, 22.826949],
            [71.214852, 22.823749],
            [71.227447, 22.822341],
            [71.239938, 22.825931],
            [71.244055, 22.832326],
            [71.2544, 22.83685],
            [71.245166, 22.862775],
            [71.255193, 22.866356],
            [71.262418, 22.872334],
            [71.263279, 22.884816],
            [71.266048, 22.88537],
            [71.265587, 22.89428],
            [71.270564, 22.905859],
            [71.284207, 22.910514],
            [71.292229, 22.919074],
            [71.289778, 22.934004],
            [71.29398, 22.933861],
            [71.299747, 22.941914],
            [71.298103, 22.944952],
            [71.302801, 22.947825],
            [71.293599, 22.973918],
            [71.300322, 22.97989],
            [71.316502, 22.987263],
            [71.313864, 22.999446],
            [71.314731, 23.014021],
            [71.295482, 23.018528],
            [71.294046, 23.030419],
            [71.29815, 23.044666],
            [71.302262, 23.044857],
            [71.301646, 23.048505],
            [71.297635, 23.049352],
            [71.291847, 23.068014],
            [71.297586, 23.075055],
            [71.306116, 23.075118],
            [71.306961, 23.082532],
            [71.326056, 23.085076],
            [71.339982, 23.092272],
            [71.34185, 23.096282],
            [71.347457, 23.098423],
            [71.343889, 23.103379],
            [71.345484, 23.105727],
            [71.342729, 23.115177],
            [71.354283, 23.11735],
            [71.359608, 23.120886],
            [71.354984, 23.126691],
            [71.353245, 23.133504],
            [71.345575, 23.135887],
            [71.335311, 23.133438],
            [71.337279, 23.126132],
            [71.327357, 23.125163],
            [71.306661, 23.11411],
            [71.276173, 23.118348],
            [71.269866, 23.138012],
            [71.269373, 23.155914],
            [71.25, 23.152804],
            [71.246576, 23.147983],
            [71.247317, 23.151834],
            [71.241091, 23.150963],
            [71.240412, 23.155844],
            [71.2384, 23.150477],
            [71.235764, 23.151084],
            [71.236924, 23.148934],
            [71.233492, 23.14923],
            [71.237505, 23.148103],
            [71.234594, 23.141568],
            [71.222149, 23.146994],
            [71.218894, 23.142752],
            [71.208395, 23.137977],
            [71.208768, 23.141295],
            [71.215043, 23.143391],
            [71.224306, 23.159002],
            [71.223624, 23.161689],
            [71.216717, 23.164379],
            [71.211716, 23.177218],
            [71.206455, 23.182648],
            [71.187249, 23.186891],
            [71.18376, 23.181913],
            [71.182761, 23.185819],
            [71.178224, 23.18587],
            [71.176325, 23.189139],
            [71.163306, 23.177337],
            [71.161409, 23.186417],
            [71.151425, 23.202844],
            [71.148734, 23.202501],
            [71.147361, 23.199183],
            [71.144983, 23.201526],
            [71.146199, 23.203188],
            [71.13036, 23.210025],
            [71.126559, 23.210074],
            [71.126823, 23.208119],
            [71.12253, 23.205636],
            [71.124483, 23.209785],
            [71.120683, 23.210467],
            [71.120048, 23.213104],
            [71.117195, 23.212517]
          ]
        ]
      },
      "properties": {
        "dtname": "Morbi",
        "stname": "Gujarat",
        "stcode11": "24",
        "dtcode11": "727",
        "dist_lgd": 673,
        "state_lgd": 24
      }
    },
    {
      "type": "Feature",
      "geometry": {
        "type": "Polygon",
        "coordinates": [
          [
            [72.030004, 23.50846],
            [72.004899, 23.499125],
            [71.998418, 23.498748],
            [71.99298, 23.484658],
            [71.980172, 23.478538],
            [71.979422, 23.474728],
            [71.963784, 23.46257],
            [71.967163, 23.434222],
            [71.970353, 23.431092],
            [71.968393, 23.409224],
            [71.956064, 23.387616],
            [71.928288, 23.389845],
            [71.903031, 23.380846],
            [71.898421, 23.381386],
            [71.887863, 23.390776],
            [71.870465, 23.381806],
            [71.872005, 23.369237],
            [71.882853, 23.357738],
            [71.882983, 23.352009],
            [71.890162, 23.342789],
            [71.890442, 23.33509],
            [71.894432, 23.32938],
            [71.888442, 23.328401],
            [71.879963, 23.321581],
            [71.876214, 23.309792],
            [71.884013, 23.302433],
            [71.879793, 23.290584],
            [71.875964, 23.290644],
            [71.872574, 23.279325],
            [71.871764, 23.271965],
            [71.879713, 23.253737],
            [71.875412, 23.249713],
            [71.874161, 23.225247],
            [71.869999, 23.218529],
            [71.897013, 23.219099],
            [71.90254, 23.256076],
            [71.90575, 23.256926],
            [71.90679, 23.260736],
            [71.918048, 23.261636],
            [71.919728, 23.264065],
            [71.928067, 23.265655],
            [71.933556, 23.261606],
            [71.943185, 23.236977],
            [71.947657, 23.239785],
            [71.961322, 23.240439],
            [71.969981, 23.250276],
            [71.987971, 23.250832],
            [71.995691, 23.248453],
            [71.996684, 23.239355],
            [71.990544, 23.223318],
            [71.98828, 23.209432],
            [71.967086, 23.209437],
            [71.963624, 23.204387],
            [71.954536, 23.200153],
            [71.949713, 23.204074],
            [71.946179, 23.198915],
            [71.94406, 23.201092],
            [71.940859, 23.197825],
            [71.942206, 23.195978],
            [71.931259, 23.191178],
            [71.927929, 23.18047],
            [71.912008, 23.179829],
            [71.906098, 23.176228],
            [71.908072, 23.16094],
            [71.90586, 23.15918],
            [71.904743, 23.142538],
            [71.900118, 23.137568],
            [71.904425, 23.12107],
            [71.903481, 23.110772],
            [71.899648, 23.102646],
            [71.908972, 23.090643],
            [71.908721, 23.084241],
            [71.912093, 23.084886],
            [71.913698, 23.081834],
            [71.911194, 23.080579],
            [71.918788, 23.066071],
            [71.931993, 23.059818],
            [71.945491, 23.062973],
            [71.951259, 23.047628],
            [71.946101, 23.035305],
            [71.952263, 23.028904],
            [71.962082, 23.028628],
            [71.959014, 23.0357],
            [71.960767, 23.047095],
            [71.973402, 23.058605],
            [71.985026, 23.060701],
            [71.997383, 23.059216],
            [72.005794, 23.05535],
            [72.015467, 23.058052],
            [72.017854, 23.050893],
            [72.018523, 23.031434],
            [72.021806, 23.024605],
            [72.021713, 23.018415],
            [72.010363, 23.011987],
            [72.008757, 23.001746],
            [72.011315, 22.993096],
            [72.020772, 22.992236],
            [72.017084, 22.981217],
            [71.995677, 22.9519],
            [71.993987, 22.937921],
            [72.000816, 22.927252],
            [72.005305, 22.924452],
            [71.999486, 22.908143],
            [72.002436, 22.897094],
            [71.990067, 22.882485],
            [71.989547, 22.862987],
            [71.994656, 22.845568],
            [72.009042, 22.819899],
            [72.013583, 22.818218],
            [72.017722, 22.818429],
            [72.027973, 22.82859],
            [72.031633, 22.854328],
            [72.034382, 22.860018],
            [72.034531, 22.839628],
            [72.041778, 22.826651],
            [72.036911, 22.820481],
            [72.035583, 22.809829],
            [72.048388, 22.798932],
            [72.057179, 22.796701],
            [72.047139, 22.768545],
            [72.055697, 22.770572],
            [72.054398, 22.759663],
            [72.062495, 22.756925],
            [72.053998, 22.750727],
            [72.069778, 22.733985],
            [72.10815, 22.721238],
            [72.094001, 22.67562],
            [72.067665, 22.675143],
            [72.057336, 22.694121],
            [72.041721, 22.68548],
            [72.023011, 22.680192],
            [72.061388, 22.653662],
            [72.064186, 22.640944],
            [72.063615, 22.622075],
            [72.084262, 22.625714],
            [72.08434, 22.623444],
            [72.088272, 22.623906],
            [72.088411, 22.61286],
            [72.086368, 22.61063],
            [72.150175, 22.584039],
            [72.164734, 22.573547],
            [72.175674, 22.561818],
            [72.176552, 22.55793],
            [72.184722, 22.553958],
            [72.189408, 22.54238],
            [72.172632, 22.53699],
            [72.145317, 22.517102],
            [72.150496, 22.510306],
            [72.152744, 22.501324],
            [72.148015, 22.495786],
            [72.164012, 22.479736],
            [72.157093, 22.481128],
            [72.147803, 22.475585],
            [72.146155, 22.472145],
            [72.120586, 22.461427],
            [72.10579, 22.446498],
            [72.102162, 22.446751],
            [72.090133, 22.43589],
            [72.083901, 22.435672],
            [72.053074, 22.443138],
            [72.050857, 22.475756],
            [72.048497, 22.473727],
            [72.045499, 22.474678],
            [72.039017, 22.483367],
            [72.035558, 22.490544],
            [72.033259, 22.506846],
            [72.027891, 22.510726],
            [72.015702, 22.512606],
            [71.978404, 22.511828],
            [71.977959, 22.513779],
            [71.966991, 22.515601],
            [71.968529, 22.525963],
            [71.973022, 22.52852],
            [71.970798, 22.53873],
            [71.959759, 22.545071],
            [71.941522, 22.548593],
            [71.926001, 22.534985],
            [71.92597, 22.52935],
            [71.913463, 22.526505],
            [71.918537, 22.509991],
            [71.923843, 22.507908],
            [71.927634, 22.509442],
            [71.931426, 22.502966],
            [71.919268, 22.501755],
            [71.916677, 22.482549],
            [71.936727, 22.47982],
            [71.941551, 22.487083],
            [71.967423, 22.492678],
            [71.968498, 22.47347],
            [71.972268, 22.472677],
            [71.942171, 22.463617],
            [71.93399, 22.453416],
            [71.937932, 22.427686],
            [71.941499, 22.4221],
            [71.938233, 22.415929],
            [71.944361, 22.405139],
            [71.942648, 22.397301],
            [71.944858, 22.384874],
            [71.937439, 22.38031],
            [71.927623, 22.387815],
            [71.924281, 22.386305],
            [71.92135, 22.380435],
            [71.917598, 22.400647],
            [71.903463, 22.423308],
            [71.891972, 22.422533],
            [71.888688, 22.413155],
            [71.882258, 22.406852],
            [71.874469, 22.405705],
            [71.874658, 22.40235],
            [71.870764, 22.402694],
            [71.86062, 22.396254],
            [71.862859, 22.371437],
            [71.851772, 22.368003],
            [71.846695, 22.358601],
            [71.84056, 22.321818],
            [71.848665, 22.318895],
            [71.847558, 22.314947],
            [71.857673, 22.316754],
            [71.856549, 22.311886],
            [71.858137, 22.312469],
            [71.857511, 22.308193],
            [71.859169, 22.307727],
            [71.852051, 22.290552],
            [71.854471, 22.290091],
            [71.854917, 22.285371],
            [71.865899, 22.281893],
            [71.869036, 22.265959],
            [71.872886, 22.262721],
            [71.878628, 22.261943],
            [71.880314, 22.253924],
            [71.889598, 22.253511],
            [71.897613, 22.255781],
            [71.897683, 22.258222],
            [71.904243, 22.25904],
            [71.908298, 22.255235],
            [71.929342, 22.271493],
            [71.934115, 22.271132],
            [71.938302, 22.254601],
            [71.943355, 22.252969],
            [71.996636, 22.250741],
            [72.008821, 22.24627],
            [72.013908, 22.241434],
            [72.03119, 22.244742],
            [72.026184, 22.211395],
            [72.018218, 22.194783],
            [72.033869, 22.180307],
            [72.039478, 22.158805],
            [72.041366, 22.148243],
            [72.03727, 22.140994],
            [72.038804, 22.140954],
            [72.032106, 22.121205],
            [72.056274, 22.102126],
            [72.060072, 22.103324],
            [72.057474, 22.095434],
            [72.061321, 22.084477],
            [72.078733, 22.056979],
            [72.086111, 22.054271],
            [72.104009, 22.054649],
            [72.105927, 22.05861],
            [72.123307, 22.05726],
            [72.1509, 22.01558],
            [72.168981, 21.994564],
            [72.175347, 21.990746],
            [72.187296, 21.990503],
            [72.218355, 21.981615],
            [72.232194, 21.990574],
            [72.227424, 21.996032],
            [72.226951, 22.004794],
            [72.231247, 22.000004],
            [72.244282, 21.994503],
            [72.24172, 21.975774],
            [72.268869, 21.970603],
            [72.284615, 22.013371],
            [72.293885, 22.027302],
            [72.39325, 22.105284],
            [72.343637, 22.167221],
            [72.334192, 22.190469],
            [72.33919, 22.213846],
            [72.35839, 22.249164],
            [72.362477, 22.271593],
            [72.362378, 22.29542],
            [72.370204, 22.306668],
            [72.374038, 22.317347],
            [72.382055, 22.323068],
            [72.386545, 22.330174],
            [72.387453, 22.337385],
            [72.401571, 22.353106],
            [72.399505, 22.362986],
            [72.385005, 22.372655],
            [72.350258, 22.376934],
            [72.344742, 22.379864],
            [72.341512, 22.38669],
            [72.367978, 22.407229],
            [72.373339, 22.446819],
            [72.366956, 22.441278],
            [72.355931, 22.440438],
            [72.363827, 22.453546],
            [72.373217, 22.450526],
            [72.376807, 22.452395],
            [72.378114, 22.459186],
            [72.375729, 22.473287],
            [72.406902, 22.481795],
            [72.408155, 22.476124],
            [72.409875, 22.477103],
            [72.424873, 22.489313],
            [72.438769, 22.509192],
            [72.44004, 22.535072],
            [72.436948, 22.544799],
            [72.422483, 22.562527],
            [72.42249, 22.566866],
            [72.426269, 22.571727],
            [72.431822, 22.573717],
            [72.440988, 22.565468],
            [72.447627, 22.571069],
            [72.465649, 22.577498],
            [72.487886, 22.598624],
            [72.503814, 22.605924],
            [72.505593, 22.624392],
            [72.511481, 22.633061],
            [72.517692, 22.632623],
            [72.52152, 22.626223],
            [72.523609, 22.62957],
            [72.529171, 22.626282],
            [72.53542, 22.626262],
            [72.531659, 22.642921],
            [72.537257, 22.652248],
            [72.541517, 22.654431],
            [72.549799, 22.65076],
            [72.559254, 22.65392],
            [72.569325, 22.65368],
            [72.559986, 22.66021],
            [72.560257, 22.664658],
            [72.547885, 22.664359],
            [72.549126, 22.672757],
            [72.531478, 22.674938],
            [72.527072, 22.67801],
            [72.526408, 22.681459],
            [72.542228, 22.686426],
            [72.545039, 22.690035],
            [72.544078, 22.693028],
            [72.523342, 22.695888],
            [72.517981, 22.700585],
            [72.518131, 22.707665],
            [72.522313, 22.712313],
            [72.53727, 22.708994],
            [72.540656, 22.711466],
            [72.523889, 22.733233],
            [72.524781, 22.738344],
            [72.535807, 22.745214],
            [72.539668, 22.751291],
            [72.5209, 22.752504],
            [72.521273, 22.755732],
            [72.527691, 22.760604],
            [72.527268, 22.766319],
            [72.52977, 22.76731],
            [72.514312, 22.778872],
            [72.51996, 22.78615],
            [72.522051, 22.7958],
            [72.538651, 22.806049],
            [72.547748, 22.806519],
            [72.549998, 22.814959],
            [72.570347, 22.826887],
            [72.581416, 22.819065],
            [72.583333, 22.823527],
            [72.597634, 22.824907],
            [72.598541, 22.815868],
            [72.608039, 22.813575],
            [72.606221, 22.822366],
            [72.607819, 22.822926],
            [72.602171, 22.835626],
            [72.608632, 22.862744],
            [72.606513, 22.865923],
            [72.602839, 22.864545],
            [72.600471, 22.866143],
            [72.599013, 22.872193],
            [72.605332, 22.877612],
            [72.608099, 22.886191],
            [72.61534, 22.887731],
            [72.620739, 22.88388],
            [72.633769, 22.881762],
            [72.634705, 22.889063],
            [72.643775, 22.897392],
            [72.647927, 22.893901],
            [72.655855, 22.893241],
            [72.667552, 22.89545],
            [72.670752, 22.891621],
            [72.667734, 22.88772],
            [72.673613, 22.88058],
            [72.683783, 22.881809],
            [72.689181, 22.879613],
            [72.699641, 22.883812],
            [72.706568, 22.889691],
            [72.715886, 22.904739],
            [72.715396, 22.908221],
            [72.723604, 22.909159],
            [72.724578, 22.914319],
            [72.737625, 22.913439],
            [72.736475, 22.908261],
            [72.742012, 22.90865],
            [72.742014, 22.90572],
            [72.747705, 22.909328],
            [72.757601, 22.91029],
            [72.76007, 22.906991],
            [72.771132, 22.909319],
            [72.775822, 22.906618],
            [72.791208, 22.907949],
            [72.788918, 22.915199],
            [72.799287, 22.919308],
            [72.797579, 22.931367],
            [72.805875, 22.932676],
            [72.804866, 22.941696],
            [72.810467, 22.943225],
            [72.819335, 22.953897],
            [72.825394, 22.956996],
            [72.827072, 22.954423],
            [72.838395, 22.964363],
            [72.840794, 22.962874],
            [72.842622, 22.967114],
            [72.839315, 22.970504],
            [72.838712, 22.982013],
            [72.831945, 22.980273],
            [72.830354, 22.984092],
            [72.838382, 22.996334],
            [72.833425, 23.00293],
            [72.824124, 23.005699],
            [72.822507, 23.011099],
            [72.819375, 23.012141],
            [72.819058, 23.01405],
            [72.824564, 23.014562],
            [72.823416, 23.019289],
            [72.818266, 23.017242],
            [72.815366, 23.023269],
            [72.811547, 23.022649],
            [72.806936, 23.026259],
            [72.811797, 23.030541],
            [72.810645, 23.032667],
            [72.814898, 23.033739],
            [72.815336, 23.037369],
            [72.810969, 23.038591],
            [72.805126, 23.03662],
            [72.794487, 23.044218],
            [72.797537, 23.051136],
            [72.789789, 23.058469],
            [72.766071, 23.059615],
            [72.770903, 23.070156],
            [72.778149, 23.077375],
            [72.77522, 23.085604],
            [72.766033, 23.095454],
            [72.762015, 23.096323],
            [72.753723, 23.091265],
            [72.743985, 23.089035],
            [72.744165, 23.099884],
            [72.741015, 23.097404],
            [72.736176, 23.100274],
            [72.736097, 23.098486],
            [72.732465, 23.098015],
            [72.733116, 23.099752],
            [72.716318, 23.094774],
            [72.71035, 23.110733],
            [72.699891, 23.112003],
            [72.69048, 23.102986],
            [72.683803, 23.101693],
            [72.681094, 23.102575],
            [72.680525, 23.106602],
            [72.672135, 23.108063],
            [72.665254, 23.094837],
            [72.659955, 23.096955],
            [72.654917, 23.094776],
            [72.650384, 23.100583],
            [72.646627, 23.101215],
            [72.642809, 23.095265],
            [72.637367, 23.091983],
            [72.610359, 23.091514],
            [72.609905, 23.100788],
            [72.61861, 23.115051],
            [72.612961, 23.115246],
            [72.614346, 23.123293],
            [72.608541, 23.12907],
            [72.597035, 23.131938],
            [72.582696, 23.129919],
            [72.578213, 23.118196],
            [72.571497, 23.122113],
            [72.569077, 23.11613],
            [72.563078, 23.116035],
            [72.567935, 23.126852],
            [72.566976, 23.132454],
            [72.562619, 23.13727],
            [72.557878, 23.138632],
            [72.55233, 23.133993],
            [72.54058, 23.132271],
            [72.539742, 23.137314],
            [72.541881, 23.136963],
            [72.54332, 23.14565],
            [72.540892, 23.1488],
            [72.548578, 23.16401],
            [72.53743, 23.164411],
            [72.530761, 23.148533],
            [72.518495, 23.150521],
            [72.511823, 23.159839],
            [72.504215, 23.155003],
            [72.504986, 23.144163],
            [72.493916, 23.141793],
            [72.487616, 23.144922],
            [72.483056, 23.144433],
            [72.486087, 23.137794],
            [72.484515, 23.132404],
            [72.486467, 23.125265],
            [72.498976, 23.112302],
            [72.498008, 23.099725],
            [72.48171, 23.097235],
            [72.478667, 23.095075],
            [72.475679, 23.086968],
            [72.45971, 23.083939],
            [72.460219, 23.079537],
            [72.465788, 23.081637],
            [72.47396, 23.07221],
            [72.471778, 23.063628],
            [72.461978, 23.060347],
            [72.452943, 23.062569],
            [72.448809, 23.060458],
            [72.447421, 23.047541],
            [72.435174, 23.04351],
            [72.426604, 23.047888],
            [72.431052, 23.05568],
            [72.430255, 23.063238],
            [72.427635, 23.064968],
            [72.414666, 23.064597],
            [72.407216, 23.067908],
            [72.403346, 23.06516],
            [72.403027, 23.05715],
            [72.397367, 23.057241],
            [72.387247, 23.051739],
            [72.388087, 23.054949],
            [72.38114, 23.060661],
            [72.381028, 23.07337],
            [72.384269, 23.079677],
            [72.375163, 23.080937],
            [72.369502, 23.093597],
            [72.3655, 23.090206],
            [72.355984, 23.088237],
            [72.348643, 23.090457],
            [72.344854, 23.099446],
            [72.334866, 23.108117],
            [72.31591, 23.105944],
            [72.30643, 23.097728],
            [72.305261, 23.084869],
            [72.322869, 23.068039],
            [72.322986, 23.055768],
            [72.302948, 23.045683],
            [72.295361, 23.038803],
            [72.290109, 23.043401],
            [72.288362, 23.052028],
            [72.28037, 23.059451],
            [72.282992, 23.064757],
            [72.282742, 23.080148],
            [72.279074, 23.084566],
            [72.256536, 23.087387],
            [72.261253, 23.101634],
            [72.257647, 23.106756],
            [72.241876, 23.112544],
            [72.242927, 23.114746],
            [72.23788, 23.120475],
            [72.219979, 23.124943],
            [72.216101, 23.121957],
            [72.194455, 23.118744],
            [72.194994, 23.114486],
            [72.191203, 23.106885],
            [72.159506, 23.105717],
            [72.160298, 23.109135],
            [72.154417, 23.112955],
            [72.156389, 23.113285],
            [72.155609, 23.115466],
            [72.161188, 23.116178],
            [72.163955, 23.131135],
            [72.161859, 23.140273],
            [72.187882, 23.144152],
            [72.183946, 23.152272],
            [72.186225, 23.161603],
            [72.183436, 23.169243],
            [72.173155, 23.178403],
            [72.167697, 23.197687],
            [72.170887, 23.19854],
            [72.175726, 23.20839],
            [72.184955, 23.214088],
            [72.184814, 23.224558],
            [72.180287, 23.241396],
            [72.185146, 23.246925],
            [72.174978, 23.259457],
            [72.174925, 23.272852],
            [72.183007, 23.282253],
            [72.200473, 23.279483],
            [72.200334, 23.29389],
            [72.208084, 23.305841],
            [72.208754, 23.313759],
            [72.217422, 23.315619],
            [72.22136, 23.312858],
            [72.224511, 23.3231],
            [72.230128, 23.329227],
            [72.230932, 23.325638],
            [72.23739, 23.32603],
            [72.250944, 23.332939],
            [72.248279, 23.33735],
            [72.252859, 23.339446],
            [72.254058, 23.343808],
            [72.258576, 23.343617],
            [72.261095, 23.348658],
            [72.267028, 23.352825],
            [72.260247, 23.374563],
            [72.274875, 23.379715],
            [72.273545, 23.386242],
            [72.288483, 23.393172],
            [72.289284, 23.398771],
            [72.256601, 23.41333],
            [72.257342, 23.421034],
            [72.261461, 23.424499],
            [72.2523, 23.433696],
            [72.253311, 23.435833],
            [72.249636, 23.438014],
            [72.249659, 23.440571],
            [72.247646, 23.440022],
            [72.247318, 23.445559],
            [72.243349, 23.445097],
            [72.242801, 23.438872],
            [72.238418, 23.440162],
            [72.239432, 23.430581],
            [72.232908, 23.428771],
            [72.229171, 23.429649],
            [72.225283, 23.437828],
            [72.211392, 23.438721],
            [72.209875, 23.43055],
            [72.211735, 23.424003],
            [72.204434, 23.421361],
            [72.191695, 23.422392],
            [72.191007, 23.416573],
            [72.179815, 23.420343],
            [72.17176, 23.427519],
            [72.171756, 23.444219],
            [72.154803, 23.448061],
            [72.153042, 23.451348],
            [72.148329, 23.449909],
            [72.142472, 23.452239],
            [72.14001, 23.449102],
            [72.127562, 23.453888],
            [72.109065, 23.449761],
            [72.099168, 23.459769],
            [72.087737, 23.459419],
            [72.051933, 23.443339],
            [72.042876, 23.458292],
            [72.033936, 23.45723],
            [72.033276, 23.470481],
            [72.026455, 23.47556],
            [72.025797, 23.478648],
            [72.029085, 23.480717],
            [72.035444, 23.501297],
            [72.034445, 23.508186],
            [72.030004, 23.50846]
          ]
        ]
      },
      "properties": {
        "dtname": "Ahmedabad",
        "stname": "Gujarat",
        "stcode11": "24",
        "dtcode11": "474",
        "dist_lgd": 438,
        "state_lgd": 24
      }
    },
    {
      "type": "Feature",
      "geometry": {
        "type": "Polygon",
        "coordinates": [
          [
            [73.026138, 22.734782],
            [73.02172, 22.725433],
            [73.011629, 22.726975],
            [73.003563, 22.722694],
            [73.005539, 22.717227],
            [73.003993, 22.715574],
            [73.008499, 22.710985],
            [73.009209, 22.705346],
            [72.997333, 22.700031],
            [72.995183, 22.688246],
            [72.992195, 22.687874],
            [72.991801, 22.671985],
            [72.984863, 22.653677],
            [72.976315, 22.65287],
            [72.975115, 22.641709],
            [72.962775, 22.63391],
            [72.961866, 22.63615],
            [72.940928, 22.630051],
            [72.92978, 22.62917],
            [72.92501, 22.605991],
            [72.918689, 22.595743],
            [72.913179, 22.593045],
            [72.900745, 22.590343],
            [72.897585, 22.594953],
            [72.878883, 22.585545],
            [72.867209, 22.582434],
            [72.85972, 22.591415],
            [72.863046, 22.593745],
            [72.862977, 22.600865],
            [72.875028, 22.603511],
            [72.871886, 22.620389],
            [72.860209, 22.617101],
            [72.853809, 22.618392],
            [72.856426, 22.609511],
            [72.849798, 22.605745],
            [72.850621, 22.601704],
            [72.843362, 22.597305],
            [72.839719, 22.598695],
            [72.83054, 22.594295],
            [72.827242, 22.595793],
            [72.827201, 22.603943],
            [72.822523, 22.603603],
            [72.821896, 22.607183],
            [72.8105, 22.608145],
            [72.808262, 22.611514],
            [72.801772, 22.608694],
            [72.796035, 22.609358],
            [72.795904, 22.61408],
            [72.790206, 22.623264],
            [72.776734, 22.619816],
            [72.777593, 22.615695],
            [72.770945, 22.612255],
            [72.776372, 22.593955],
            [72.779463, 22.590141],
            [72.776981, 22.588509],
            [72.760767, 22.590841],
            [72.7561, 22.593627],
            [72.752189, 22.592854],
            [72.750426, 22.597133],
            [72.756949, 22.612637],
            [72.75209, 22.614739],
            [72.73809, 22.610492],
            [72.73519, 22.611565],
            [72.73786, 22.615763],
            [72.734296, 22.617656],
            [72.732282, 22.625362],
            [72.737818, 22.625906],
            [72.738091, 22.628847],
            [72.741683, 22.630023],
            [72.745548, 22.637632],
            [72.742787, 22.6408],
            [72.747232, 22.641197],
            [72.743964, 22.644262],
            [72.740725, 22.645189],
            [72.733765, 22.640548],
            [72.727535, 22.629301],
            [72.718908, 22.630859],
            [72.717294, 22.624769],
            [72.714259, 22.624631],
            [72.714409, 22.630672],
            [72.708477, 22.633741],
            [72.685619, 22.629191],
            [72.685449, 22.620103],
            [72.690268, 22.608804],
            [72.688968, 22.605382],
            [72.691257, 22.602432],
            [72.69382, 22.602932],
            [72.693959, 22.598905],
            [72.705737, 22.599455],
            [72.710468, 22.589735],
            [72.697597, 22.581944],
            [72.694241, 22.588926],
            [72.691319, 22.590273],
            [72.675291, 22.585962],
            [72.673119, 22.576766],
            [72.668504, 22.572496],
            [72.67134, 22.564056],
            [72.660522, 22.558406],
            [72.661201, 22.553019],
            [72.655513, 22.552207],
            [72.649042, 22.547508],
            [72.647204, 22.540907],
            [72.643655, 22.539869],
            [72.641103, 22.535341],
            [72.642346, 22.528879],
            [72.666983, 22.530297],
            [72.671369, 22.505931],
            [72.666173, 22.503689],
            [72.652231, 22.50101],
            [72.652242, 22.506952],
            [72.649055, 22.509883],
            [72.638587, 22.507162],
            [72.640355, 22.50368],
            [72.635753, 22.503843],
            [72.627808, 22.509673],
            [72.621398, 22.509501],
            [72.618969, 22.513321],
            [72.604749, 22.509572],
            [72.6044, 22.504971],
            [72.59942, 22.500762],
            [72.596698, 22.502532],
            [72.588919, 22.50021],
            [72.576993, 22.503692],
            [72.572432, 22.511611],
            [72.574924, 22.515002],
            [72.573673, 22.521319],
            [72.567564, 22.520012],
            [72.567346, 22.543527],
            [72.557635, 22.541501],
            [72.557454, 22.552739],
            [72.552426, 22.555816],
            [72.554088, 22.567827],
            [72.546697, 22.569878],
            [72.532938, 22.569289],
            [72.533568, 22.588104],
            [72.525788, 22.587557],
            [72.52599, 22.598123],
            [72.521068, 22.599434],
            [72.51605, 22.611762],
            [72.512391, 22.613402],
            [72.505091, 22.614025],
            [72.503581, 22.605734],
            [72.487886, 22.598624],
            [72.465649, 22.577498],
            [72.447627, 22.571069],
            [72.440988, 22.565468],
            [72.431822, 22.573717],
            [72.426269, 22.571727],
            [72.42249, 22.566866],
            [72.422483, 22.562527],
            [72.436948, 22.544799],
            [72.44004, 22.535072],
            [72.438769, 22.509192],
            [72.424873, 22.489313],
            [72.409875, 22.477103],
            [72.408155, 22.476124],
            [72.406902, 22.481795],
            [72.375729, 22.473287],
            [72.378114, 22.459186],
            [72.376807, 22.452395],
            [72.373217, 22.450526],
            [72.363827, 22.453546],
            [72.355931, 22.440438],
            [72.366956, 22.441278],
            [72.373339, 22.446819],
            [72.367978, 22.407229],
            [72.341512, 22.38669],
            [72.346719, 22.378225],
            [72.383495, 22.373355],
            [72.393544, 22.368044],
            [72.400951, 22.359685],
            [72.399721, 22.349255],
            [72.388084, 22.338306],
            [72.386545, 22.330174],
            [72.382055, 22.323068],
            [72.374038, 22.317347],
            [72.370204, 22.306668],
            [72.362378, 22.29542],
            [72.362477, 22.271593],
            [72.35839, 22.249164],
            [72.33919, 22.213846],
            [72.334089, 22.192347],
            [72.342468, 22.168919],
            [72.39325, 22.105284],
            [72.43345, 22.140251],
            [72.499408, 22.179227],
            [72.531324, 22.215796],
            [72.562902, 22.230522],
            [72.575822, 22.232815],
            [72.619705, 22.233874],
            [72.634163, 22.232054],
            [72.662, 22.223304],
            [72.698956, 22.199906],
            [72.712694, 22.209124],
            [72.740102, 22.220291],
            [72.775164, 22.229193],
            [72.794852, 22.241892],
            [72.802734, 22.252281],
            [72.814932, 22.254719],
            [72.839836, 22.27482],
            [72.868586, 22.27462],
            [72.895359, 22.25988],
            [72.912969, 22.263079],
            [72.916711, 22.267629],
            [72.91696, 22.274307],
            [72.911268, 22.287846],
            [72.911129, 22.293657],
            [72.916571, 22.300916],
            [72.925797, 22.305844],
            [72.937438, 22.306378],
            [72.944158, 22.303517],
            [72.949706, 22.289557],
            [72.951715, 22.263308],
            [72.968204, 22.262789],
            [72.974533, 22.254098],
            [73.009238, 22.267697],
            [73.035097, 22.295794],
            [73.051813, 22.304305],
            [73.05988, 22.311063],
            [73.063632, 22.320443],
            [73.053353, 22.339381],
            [73.046764, 22.362781],
            [73.052734, 22.373372],
            [73.067969, 22.385267],
            [73.072971, 22.397058],
            [73.065731, 22.419456],
            [73.065023, 22.428355],
            [73.093357, 22.455531],
            [73.08788, 22.502742],
            [73.092237, 22.510852],
            [73.097028, 22.511752],
            [73.099958, 22.515549],
            [73.116545, 22.515939],
            [73.137346, 22.526139],
            [73.15025, 22.552059],
            [73.153573, 22.565626],
            [73.15347, 22.582933],
            [73.156204, 22.588843],
            [73.160172, 22.592554],
            [73.191288, 22.603222],
            [73.200336, 22.617441],
            [73.218046, 22.62084],
            [73.219796, 22.62633],
            [73.216786, 22.633939],
            [73.218763, 22.636833],
            [73.212466, 22.644091],
            [73.212974, 22.651451],
            [73.207754, 22.651499],
            [73.200227, 22.666027],
            [73.196306, 22.666121],
            [73.194508, 22.670487],
            [73.199816, 22.671429],
            [73.201396, 22.668958],
            [73.201167, 22.676408],
            [73.203717, 22.677829],
            [73.202305, 22.683298],
            [73.182761, 22.687108],
            [73.157924, 22.681408],
            [73.145645, 22.697326],
            [73.145505, 22.704776],
            [73.143632, 22.704808],
            [73.141954, 22.711554],
            [73.136465, 22.717415],
            [73.124828, 22.722093],
            [73.112748, 22.718453],
            [73.104488, 22.719636],
            [73.09748, 22.717797],
            [73.096959, 22.723034],
            [73.100589, 22.724746],
            [73.099678, 22.727636],
            [73.085773, 22.725114],
            [73.078542, 22.720457],
            [73.074862, 22.722334],
            [73.065334, 22.717007],
            [73.060904, 22.719056],
            [73.052417, 22.718415],
            [73.044316, 22.713206],
            [73.044684, 22.716226],
            [73.041306, 22.717146],
            [73.042488, 22.718596],
            [73.036768, 22.721297],
            [73.037008, 22.726025],
            [73.039777, 22.726234],
            [73.038987, 22.728974],
            [73.033788, 22.730213],
            [73.032607, 22.734384],
            [73.026138, 22.734782]
          ],
          [
            [72.745716, 22.599302],
            [72.745895, 22.59666],
            [72.741957, 22.598105],
            [72.740277, 22.605717],
            [72.745559, 22.604406],
            [72.745716, 22.599302]
          ]
        ]
      },
      "properties": {
        "dtname": "Anand",
        "stname": "Gujarat",
        "stcode11": "24",
        "dtcode11": "482",
        "dist_lgd": 440,
        "state_lgd": 24
      }
    },
    {
      "type": "Feature",
      "geometry": {
        "type": "MultiPolygon",
        "coordinates": [
          [
            [
              [69.339409, 22.385974],
              [69.335126, 22.386624],
              [69.330014, 22.382278],
              [69.32336, 22.381291],
              [69.332696, 22.372817],
              [69.339821, 22.380389],
              [69.339409, 22.385974]
            ]
          ],
          [
            [
              [69.628928, 22.458852],
              [69.621201, 22.457337],
              [69.614304, 22.451971],
              [69.595493, 22.444447],
              [69.589909, 22.437321],
              [69.590347, 22.430724],
              [69.60681, 22.417174],
              [69.636498, 22.405716],
              [69.642472, 22.415001],
              [69.656807, 22.426942],
              [69.650489, 22.431235],
              [69.646196, 22.444553],
              [69.628928, 22.458852]
            ]
          ],
          [
            [
              [69.142493, 22.476449],
              [69.126829, 22.474976],
              [69.093973, 22.460911],
              [69.093033, 22.446733],
              [69.095701, 22.445762],
              [69.096459, 22.441169],
              [69.085673, 22.431974],
              [69.084447, 22.422157],
              [69.087264, 22.421366],
              [69.092757, 22.429446],
              [69.10363, 22.432804],
              [69.108339, 22.436969],
              [69.106544, 22.444427],
              [69.109819, 22.452677],
              [69.107311, 22.459254],
              [69.115422, 22.466788],
              [69.122825, 22.468065],
              [69.127847, 22.465355],
              [69.132418, 22.466455],
              [69.138496, 22.462391],
              [69.142059, 22.463072],
              [69.141571, 22.454803],
              [69.144736, 22.450449],
              [69.14297, 22.45825],
              [69.150236, 22.468841],
              [69.148007, 22.473276],
              [69.142493, 22.476449]
            ]
          ],
          [
            [
              [69.732571, 22.484628],
              [69.713271, 22.475049],
              [69.712311, 22.471017],
              [69.70049, 22.460873],
              [69.696148, 22.452527],
              [69.694622, 22.442689],
              [69.698957, 22.436212],
              [69.7054, 22.433721],
              [69.700188, 22.423415],
              [69.699125, 22.414525],
              [69.695593, 22.412896],
              [69.700633, 22.411512],
              [69.699738, 22.400026],
              [69.702161, 22.398693],
              [69.700552, 22.396246],
              [69.694234, 22.395025],
              [69.677881, 22.397271],
              [69.673486, 22.394329],
              [69.669738, 22.397197],
              [69.666882, 22.393111],
              [69.660905, 22.396242],
              [69.663544, 22.388317],
              [69.661374, 22.38769],
              [69.655938, 22.37559],
              [69.65779, 22.366216],
              [69.655366, 22.359565],
              [69.649206, 22.357219],
              [69.635453, 22.358182],
              [69.623162, 22.36487],
              [69.621133, 22.371828],
              [69.62122, 22.367615],
              [69.616812, 22.368513],
              [69.615225, 22.364662],
              [69.618934, 22.357853],
              [69.616444, 22.353179],
              [69.618376, 22.351355],
              [69.615978, 22.347643],
              [69.617352, 22.345417],
              [69.613614, 22.344934],
              [69.613119, 22.349535],
              [69.609401, 22.352547],
              [69.607246, 22.34683],
              [69.597659, 22.34616],
              [69.5914, 22.35966],
              [69.588812, 22.361985],
              [69.585637, 22.359835],
              [69.582962, 22.361144],
              [69.579581, 22.367356],
              [69.574368, 22.367481],
              [69.569752, 22.363307],
              [69.567061, 22.356565],
              [69.561323, 22.35584],
              [69.560255, 22.36716],
              [69.540442, 22.377206],
              [69.534775, 22.370878],
              [69.527988, 22.371984],
              [69.523251, 22.369792],
              [69.515869, 22.373056],
              [69.499482, 22.366325],
              [69.490256, 22.352696],
              [69.490282, 22.337439],
              [69.471257, 22.332322],
              [69.465183, 22.328555],
              [69.460679, 22.32854],
              [69.455847, 22.332177],
              [69.443397, 22.330313],
              [69.435934, 22.321737],
              [69.423188, 22.316012],
              [69.392032, 22.315951],
              [69.378978, 22.320986],
              [69.363429, 22.317143],
              [69.356731, 22.319626],
              [69.351746, 22.326846],
              [69.341783, 22.324957],
              [69.332726, 22.327831],
              [69.332393, 22.322038],
              [69.335935, 22.322639],
              [69.340072, 22.313031],
              [69.336052, 22.305074],
              [69.331462, 22.301307],
              [69.324241, 22.302841],
              [69.325533, 22.300127],
              [69.32243, 22.292559],
              [69.314377, 22.289824],
              [69.312481, 22.287046],
              [69.298226, 22.28784],
              [69.295423, 22.2841],
              [69.292802, 22.286794],
              [69.295634, 22.281079],
              [69.293807, 22.277091],
              [69.279858, 22.269886],
              [69.280147, 22.259325],
              [69.283829, 22.254581],
              [69.279953, 22.259352],
              [69.279514, 22.269935],
              [69.252815, 22.266436],
              [69.25, 22.264575],
              [69.249812, 22.261156],
              [69.244861, 22.259047],
              [69.244616, 22.256293],
              [69.240519, 22.258373],
              [69.240744, 22.255334],
              [69.2336, 22.249919],
              [69.233628, 22.235114],
              [69.237588, 22.222706],
              [69.221835, 22.216456],
              [69.220311, 22.214633],
              [69.222263, 22.21195],
              [69.212815, 22.210349],
              [69.211499, 22.219462],
              [69.195193, 22.225334],
              [69.190297, 22.243642],
              [69.184644, 22.240204],
              [69.190073, 22.234855],
              [69.181691, 22.232502],
              [69.179152, 22.228142],
              [69.178532, 22.212839],
              [69.176564, 22.214981],
              [69.16849, 22.214813],
              [69.169224, 22.208238],
              [69.167161, 22.203995],
              [69.161215, 22.202313],
              [69.156446, 22.195243],
              [69.136401, 22.195547],
              [69.134667, 22.202221],
              [69.139431, 22.21098],
              [69.13379, 22.222645],
              [69.139508, 22.225434],
              [69.148363, 22.236381],
              [69.153941, 22.248733],
              [69.15031, 22.251251],
              [69.148477, 22.25756],
              [69.155925, 22.262787],
              [69.154578, 22.269457],
              [69.160733, 22.284248],
              [69.158439, 22.286569],
              [69.16045, 22.295911],
              [69.15722, 22.302603],
              [69.160068, 22.301636],
              [69.160636, 22.306557],
              [69.156796, 22.315987],
              [69.16497, 22.323345],
              [69.169264, 22.33349],
              [69.169432, 22.342552],
              [69.166894, 22.344643],
              [69.164093, 22.343529],
              [69.163357, 22.348613],
              [69.170002, 22.350372],
              [69.175394, 22.347883],
              [69.173294, 22.351451],
              [69.177402, 22.35615],
              [69.171805, 22.355185],
              [69.17093, 22.352693],
              [69.169067, 22.354161],
              [69.171209, 22.359854],
              [69.173637, 22.360463],
              [69.172623, 22.363005],
              [69.1761, 22.365135],
              [69.177042, 22.367429],
              [69.175363, 22.367746],
              [69.180247, 22.367776],
              [69.180932, 22.370656],
              [69.178996, 22.372133],
              [69.176932, 22.369664],
              [69.173728, 22.370785],
              [69.169484, 22.368677],
              [69.17065, 22.371856],
              [69.16797, 22.370656],
              [69.167947, 22.373518],
              [69.172224, 22.373224],
              [69.174229, 22.374537],
              [69.173322, 22.377246],
              [69.181557, 22.379384],
              [69.184361, 22.384399],
              [69.190164, 22.386718],
              [69.189718, 22.388678],
              [69.192762, 22.386663],
              [69.197525, 22.387835],
              [69.196828, 22.390982],
              [69.199804, 22.390719],
              [69.197073, 22.394617],
              [69.200922, 22.401356],
              [69.19694, 22.401855],
              [69.195293, 22.399575],
              [69.192657, 22.401103],
              [69.196805, 22.403178],
              [69.191842, 22.402995],
              [69.190418, 22.400363],
              [69.187681, 22.402523],
              [69.189042, 22.406405],
              [69.191295, 22.405068],
              [69.189883, 22.408622],
              [69.191768, 22.410043],
              [69.196631, 22.403724],
              [69.190998, 22.413958],
              [69.191875, 22.411154],
              [69.189777, 22.410464],
              [69.187423, 22.413292],
              [69.194829, 22.421845],
              [69.182512, 22.420829],
              [69.175825, 22.422958],
              [69.173003, 22.421027],
              [69.176053, 22.422593],
              [69.182468, 22.419615],
              [69.177551, 22.413489],
              [69.175483, 22.415608],
              [69.172359, 22.413667],
              [69.171192, 22.409419],
              [69.167958, 22.41077],
              [69.168851, 22.407482],
              [69.163363, 22.404192],
              [69.1569, 22.405602],
              [69.16031, 22.410934],
              [69.156289, 22.408673],
              [69.163054, 22.412017],
              [69.160373, 22.412117],
              [69.151111, 22.404714],
              [69.151465, 22.39976],
              [69.14505, 22.397811],
              [69.145429, 22.401265],
              [69.142006, 22.400475],
              [69.141593, 22.398055],
              [69.138505, 22.401604],
              [69.130298, 22.395089],
              [69.132342, 22.39294],
              [69.129123, 22.390064],
              [69.130875, 22.388596],
              [69.127379, 22.37874],
              [69.12117, 22.375638],
              [69.128268, 22.386623],
              [69.127977, 22.395107],
              [69.111384, 22.406495],
              [69.11049, 22.409944],
              [69.099588, 22.408236],
              [69.098307, 22.403906],
              [69.102149, 22.402376],
              [69.103373, 22.398926],
              [69.097455, 22.393484],
              [69.085995, 22.393378],
              [69.081845, 22.388203],
              [69.07079, 22.387933],
              [69.070087, 22.385296],
              [69.064963, 22.389344],
              [69.060829, 22.383333],
              [69.061973, 22.387551],
              [69.057617, 22.387441],
              [69.062719, 22.390919],
              [69.055896, 22.393111],
              [69.056484, 22.390822],
              [69.05332, 22.388608],
              [69.05383, 22.396876],
              [69.049008, 22.397894],
              [69.045049, 22.392393],
              [69.043354, 22.393363],
              [69.043535, 22.390609],
              [69.039678, 22.393871],
              [69.040026, 22.388561],
              [69.038363, 22.392304],
              [69.03549, 22.39027],
              [69.033967, 22.393967],
              [69.039349, 22.399732],
              [69.037439, 22.402603],
              [69.039744, 22.403985],
              [69.040622, 22.413707],
              [69.046823, 22.423197],
              [69.044581, 22.430334],
              [69.041214, 22.432094],
              [69.043576, 22.436967],
              [69.03804, 22.442848],
              [69.039467, 22.445711],
              [69.046902, 22.447977],
              [69.052155, 22.445252],
              [69.047838, 22.442636],
              [69.045899, 22.443818],
              [69.049574, 22.437679],
              [69.06598, 22.453028],
              [69.073723, 22.453726],
              [69.076406, 22.46548],
              [69.083622, 22.47459],
              [69.078781, 22.479672],
              [69.069278, 22.478437],
              [69.068116, 22.481385],
              [69.055131, 22.466439],
              [69.012456, 22.444363],
              [69.005257, 22.438357],
              [68.991732, 22.418632],
              [68.984477, 22.413435],
              [68.978415, 22.404138],
              [68.980647, 22.402312],
              [68.989535, 22.404582],
              [68.996935, 22.403619],
              [68.999511, 22.406475],
              [69.0, 22.404098],
              [68.996374, 22.4016],
              [68.977132, 22.403551],
              [68.968144, 22.388964],
              [68.96516, 22.378187],
              [68.957381, 22.368267],
              [68.958192, 22.351551],
              [68.954495, 22.345886],
              [68.955693, 22.337654],
              [68.950371, 22.331999],
              [68.941789, 22.331249],
              [68.935787, 22.312011],
              [68.936662, 22.304095],
              [68.951808, 22.271723],
              [68.954738, 22.242945],
              [68.958368, 22.240555],
              [68.958356, 22.237976],
              [68.961736, 22.238331],
              [68.964931, 22.234586],
              [68.97019, 22.238194],
              [68.973757, 22.23654],
              [68.972815, 22.232552],
              [68.970788, 22.236916],
              [68.965858, 22.234081],
              [68.977775, 22.216481],
              [69.048199, 22.136699],
              [69.09016, 22.097038],
              [69.109617, 22.071006],
              [69.23855, 21.935869],
              [69.244201, 21.933562],
              [69.282152, 21.894994],
              [69.312587, 21.870588],
              [69.316904, 21.867785],
              [69.318281, 21.872085],
              [69.319723, 21.871268],
              [69.31761, 21.868901],
              [69.318651, 21.865171],
              [69.353964, 21.837892],
              [69.364808, 21.834565],
              [69.370979, 21.830058],
              [69.373775, 21.83288],
              [69.384432, 21.861933],
              [69.385139, 21.877047],
              [69.389087, 21.879408],
              [69.391986, 21.885323],
              [69.398397, 21.888894],
              [69.398238, 21.892299],
              [69.402835, 21.893996],
              [69.422324, 21.87947],
              [69.430428, 21.879386],
              [69.447642, 21.85303],
              [69.487245, 21.854773],
              [69.488775, 21.856872],
              [69.483338, 21.875363],
              [69.485941, 21.875623],
              [69.486712, 21.896886],
              [69.5, 21.895021],
              [69.504452, 21.904073],
              [69.506836, 21.900982],
              [69.518038, 21.899992],
              [69.527865, 21.893026],
              [69.534319, 21.894221],
              [69.538372, 21.897037],
              [69.536032, 21.900959],
              [69.541278, 21.925242],
              [69.548174, 21.934986],
              [69.568739, 21.946197],
              [69.611503, 21.948265],
              [69.618227, 21.94193],
              [69.620985, 21.942526],
              [69.622989, 21.929494],
              [69.627074, 21.920892],
              [69.636225, 21.919568],
              [69.656459, 21.924546],
              [69.649869, 21.955763],
              [69.667582, 21.959169],
              [69.685284, 21.959235],
              [69.687302, 21.978462],
              [69.690236, 21.979332],
              [69.719866, 21.973948],
              [69.722938, 21.955907],
              [69.726737, 21.955282],
              [69.7224, 21.941841],
              [69.725217, 21.940806],
              [69.724866, 21.937884],
              [69.720176, 21.937436],
              [69.720213, 21.935151],
              [69.70698, 21.934801],
              [69.707633, 21.925666],
              [69.68808, 21.912462],
              [69.681956, 21.927935],
              [69.666565, 21.925682],
              [69.672244, 21.903726],
              [69.664196, 21.901316],
              [69.667197, 21.887417],
              [69.656074, 21.869754],
              [69.633846, 21.875578],
              [69.630909, 21.867274],
              [69.615046, 21.87006],
              [69.614084, 21.864989],
              [69.608903, 21.864352],
              [69.608621, 21.831225],
              [69.613433, 21.830959],
              [69.612318, 21.808544],
              [69.615364, 21.808995],
              [69.616302, 21.803292],
              [69.631926, 21.804787],
              [69.63316, 21.816676],
              [69.630225, 21.829623],
              [69.633189, 21.829654],
              [69.639168, 21.83761],
              [69.646433, 21.839533],
              [69.656435, 21.838254],
              [69.664732, 21.812382],
              [69.675211, 21.813331],
              [69.673865, 21.822467],
              [69.68464, 21.82291],
              [69.689871, 21.818966],
              [69.690559, 21.811127],
              [69.697309, 21.809656],
              [69.700566, 21.796415],
              [69.710852, 21.79925],
              [69.71125, 21.79389],
              [69.715859, 21.79498],
              [69.726757, 21.80778],
              [69.726569, 21.821729],
              [69.732433, 21.82527],
              [69.73849, 21.834243],
              [69.762358, 21.822222],
              [69.775275, 21.822623],
              [69.791565, 21.827121],
              [69.80176, 21.826552],
              [69.814993, 21.8243],
              [69.833701, 21.818241],
              [69.835066, 21.814561],
              [69.83907, 21.814977],
              [69.838938, 21.818477],
              [69.842434, 21.820053],
              [69.852952, 21.821852],
              [69.855462, 21.820276],
              [69.85581, 21.822268],
              [69.862063, 21.822684],
              [69.866899, 21.827751],
              [69.86702, 21.826017],
              [69.869695, 21.826374],
              [69.869371, 21.828193],
              [69.874139, 21.830117],
              [69.87426, 21.833255],
              [69.881834, 21.832758],
              [69.885041, 21.835319],
              [69.887309, 21.830916],
              [69.8969, 21.835209],
              [69.896427, 21.840876],
              [69.909655, 21.840955],
              [69.910987, 21.848175],
              [69.91524, 21.851096],
              [69.911301, 21.863483],
              [69.911892, 21.869037],
              [69.91466, 21.870418],
              [69.911687, 21.877562],
              [69.915073, 21.877914],
              [69.915989, 21.88312],
              [69.936019, 21.893287],
              [69.925883, 21.895133],
              [69.9245, 21.899207],
              [69.919052, 21.899868],
              [69.921143, 21.902134],
              [69.919078, 21.905765],
              [69.921767, 21.913716],
              [69.918188, 21.921412],
              [69.919995, 21.92692],
              [69.915243, 21.927829],
              [69.915631, 21.932186],
              [69.919189, 21.933987],
              [69.917279, 21.940061],
              [69.921587, 21.941889],
              [69.924475, 21.937363],
              [69.928149, 21.939412],
              [69.925833, 21.944561],
              [69.930224, 21.946952],
              [69.926731, 21.95239],
              [69.930648, 21.953513],
              [69.929351, 21.955568],
              [69.933599, 21.96085],
              [69.923067, 21.966633],
              [69.915805, 21.964472],
              [69.902909, 21.965347],
              [69.899266, 21.973945],
              [69.891162, 21.979938],
              [69.890466, 21.989168],
              [69.886893, 21.99465],
              [69.875534, 22.000611],
              [69.876876, 22.010638],
              [69.870498, 22.011261],
              [69.865772, 22.017718],
              [69.856178, 22.01751],
              [69.854769, 22.015672],
              [69.853476, 22.01979],
              [69.855471, 22.022743],
              [69.863718, 22.025078],
              [69.862982, 22.026785],
              [69.867234, 22.030551],
              [69.867146, 22.0369],
              [69.870498, 22.038092],
              [69.865601, 22.046225],
              [69.862816, 22.043154],
              [69.857328, 22.044075],
              [69.859046, 22.053349],
              [69.856779, 22.061008],
              [69.859264, 22.061748],
              [69.857829, 22.071199],
              [69.854638, 22.071512],
              [69.85402, 22.06893],
              [69.852412, 22.072043],
              [69.837206, 22.069112],
              [69.825051, 22.07749],
              [69.819317, 22.078679],
              [69.806937, 22.071941],
              [69.805838, 22.080685],
              [69.810904, 22.084037],
              [69.815908, 22.094859],
              [69.810694, 22.09866],
              [69.811351, 22.103067],
              [69.81574, 22.106184],
              [69.816793, 22.114299],
              [69.814723, 22.116389],
              [69.817383, 22.116679],
              [69.817871, 22.120955],
              [69.822443, 22.116482],
              [69.822766, 22.120686],
              [69.809661, 22.131726],
              [69.813158, 22.150521],
              [69.812948, 22.176349],
              [69.802639, 22.189313],
              [69.8067, 22.19299],
              [69.810046, 22.203454],
              [69.799774, 22.215551],
              [69.795997, 22.214853],
              [69.790661, 22.217655],
              [69.791314, 22.220924],
              [69.782731, 22.218888],
              [69.769544, 22.220058],
              [69.760356, 22.235969],
              [69.755452, 22.237325],
              [69.754025, 22.243401],
              [69.76176, 22.245732],
              [69.759871, 22.247695],
              [69.761692, 22.251463],
              [69.758054, 22.252047],
              [69.758289, 22.254621],
              [69.753261, 22.257873],
              [69.748177, 22.2768],
              [69.732638, 22.308111],
              [69.753882, 22.32098],
              [69.749024, 22.333945],
              [69.74486, 22.333854],
              [69.74007, 22.340544],
              [69.736199, 22.368018],
              [69.727432, 22.369076],
              [69.725353, 22.386795],
              [69.729034, 22.387678],
              [69.725893, 22.394701],
              [69.737343, 22.395782],
              [69.739146, 22.397889],
              [69.734726, 22.401663],
              [69.736902, 22.402655],
              [69.734151, 22.406016],
              [69.742339, 22.406994],
              [69.744743, 22.412971],
              [69.750851, 22.411889],
              [69.755706, 22.425732],
              [69.754716, 22.430165],
              [69.746039, 22.428046],
              [69.739617, 22.432173],
              [69.747656, 22.433129],
              [69.743001, 22.44191],
              [69.73283, 22.44283],
              [69.741635, 22.446386],
              [69.734783, 22.449222],
              [69.741913, 22.448666],
              [69.743538, 22.451175],
              [69.74045, 22.45325],
              [69.743656, 22.45262],
              [69.743708, 22.457],
              [69.741067, 22.464181],
              [69.73446, 22.470209],
              [69.736297, 22.47694],
              [69.733007, 22.482379],
              [69.736633, 22.484476],
              [69.732571, 22.484628]
            ]
          ]
        ]
      },
      "properties": {
        "dtname": "Devbhumi Dwarka",
        "stname": "Gujarat",
        "stcode11": "24",
        "dtcode11": "728",
        "dist_lgd": 674,
        "state_lgd": 24
      }
    },
    {
      "type": "Feature",
      "geometry": {
        "type": "MultiPolygon",
        "coordinates": [
          [
            [
              [70.536349, 22.405978],
              [70.534875, 22.4183],
              [70.52316, 22.419494],
              [70.524203, 22.414437],
              [70.516765, 22.411891],
              [70.515949, 22.405578],
              [70.519625, 22.405833],
              [70.519585, 22.401774],
              [70.50676, 22.396112],
              [70.505486, 22.392602],
              [70.509563, 22.389259],
              [70.512144, 22.390733],
              [70.5119, 22.386918],
              [70.514722, 22.385299],
              [70.516822, 22.388578],
              [70.530316, 22.387589],
              [70.532749, 22.40156],
              [70.537036, 22.402317],
              [70.536349, 22.405978]
            ]
          ],
          [
            [
              [70.520692, 22.461109],
              [70.518039, 22.461753],
              [70.519158, 22.459551],
              [70.516773, 22.45866],
              [70.514887, 22.461083],
              [70.510841, 22.459793],
              [70.51162, 22.456945],
              [70.52682, 22.443558],
              [70.528997, 22.43549],
              [70.534228, 22.435597],
              [70.534833, 22.438284],
              [70.537859, 22.438101],
              [70.523358, 22.454921],
              [70.520692, 22.461109]
            ]
          ],
          [
            [
              [70.045906, 22.552125],
              [70.040162, 22.552844],
              [70.038821, 22.539778],
              [70.034911, 22.535587],
              [70.039148, 22.533738],
              [70.046108, 22.523617],
              [70.054302, 22.531923],
              [70.048936, 22.539358],
              [70.053649, 22.54265],
              [70.057201, 22.536945],
              [70.059373, 22.537434],
              [70.054375, 22.545854],
              [70.05155, 22.544935],
              [70.045906, 22.552125]
            ]
          ],
          [
            [
              [70.48572, 22.857683],
              [70.478514, 22.860482],
              [70.462323, 22.831307],
              [70.439297, 22.827484],
              [70.433404, 22.818788],
              [70.413309, 22.81839],
              [70.396214, 22.802614],
              [70.361121, 22.782565],
              [70.323284, 22.74891],
              [70.310224, 22.743291],
              [70.293072, 22.728132],
              [70.278688, 22.725272],
              [70.280386, 22.718664],
              [70.27492, 22.715245],
              [70.268133, 22.705253],
              [70.268023, 22.68725],
              [70.268653, 22.683063],
              [70.273448, 22.678939],
              [70.272999, 22.672094],
              [70.263996, 22.669903],
              [70.266598, 22.663071],
              [70.263509, 22.653459],
              [70.255446, 22.649467],
              [70.236953, 22.632259],
              [70.232949, 22.6328],
              [70.228919, 22.625674],
              [70.224783, 22.624218],
              [70.219509, 22.614191],
              [70.210928, 22.611043],
              [70.209063, 22.607004],
              [70.211044, 22.59863],
              [70.208011, 22.598335],
              [70.20554, 22.594083],
              [70.204568, 22.596382],
              [70.199277, 22.59705],
              [70.198614, 22.587771],
              [70.204085, 22.582005],
              [70.194568, 22.582746],
              [70.179182, 22.567522],
              [70.176052, 22.544378],
              [70.178895, 22.542067],
              [70.18508, 22.54306],
              [70.184725, 22.522165],
              [70.172876, 22.525658],
              [70.171978, 22.529309],
              [70.16348, 22.526633],
              [70.149166, 22.511966],
              [70.132762, 22.51718],
              [70.124146, 22.512616],
              [70.118867, 22.505828],
              [70.119878, 22.486314],
              [70.117865, 22.488018],
              [70.116291, 22.501036],
              [70.108256, 22.497568],
              [70.08583, 22.494058],
              [70.085741, 22.498714],
              [70.081265, 22.499532],
              [70.091217, 22.508161],
              [70.081188, 22.514546],
              [70.073181, 22.513875],
              [70.073124, 22.517826],
              [70.057049, 22.506673],
              [70.047571, 22.504935],
              [70.031309, 22.508413],
              [70.028869, 22.504703],
              [70.027686, 22.507895],
              [70.020697, 22.507151],
              [70.010296, 22.499923],
              [69.99944, 22.508863],
              [69.991102, 22.510564],
              [69.989846, 22.508504],
              [69.987662, 22.510466],
              [69.985606, 22.508265],
              [69.989294, 22.505473],
              [69.984643, 22.504785],
              [69.98158, 22.499748],
              [69.982995, 22.497114],
              [69.979355, 22.49547],
              [69.978706, 22.491458],
              [69.983821, 22.484834],
              [69.982216, 22.480276],
              [69.986676, 22.477205],
              [69.979823, 22.473793],
              [69.979255, 22.468166],
              [69.970545, 22.468174],
              [69.964247, 22.477693],
              [69.961724, 22.478299],
              [69.956739, 22.478341],
              [69.95755, 22.475021],
              [69.950515, 22.472345],
              [69.939849, 22.482788],
              [69.936457, 22.478888],
              [69.935042, 22.471296],
              [69.937406, 22.463269],
              [69.925683, 22.464482],
              [69.920546, 22.460924],
              [69.91493, 22.465456],
              [69.9132, 22.464404],
              [69.914268, 22.459873],
              [69.919097, 22.456457],
              [69.913278, 22.455424],
              [69.91366, 22.451784],
              [69.90666, 22.448459],
              [69.907539, 22.451324],
              [69.904265, 22.450342],
              [69.903373, 22.454045],
              [69.902363, 22.45166],
              [69.900409, 22.456441],
              [69.894585, 22.457903],
              [69.8878, 22.454635],
              [69.877701, 22.444314],
              [69.876534, 22.435954],
              [69.870642, 22.427318],
              [69.870997, 22.422967],
              [69.86716, 22.427363],
              [69.867144, 22.433154],
              [69.863634, 22.435649],
              [69.832823, 22.447073],
              [69.8263, 22.42568],
              [69.822075, 22.421431],
              [69.822565, 22.417613],
              [69.815979, 22.412712],
              [69.813825, 22.409108],
              [69.814828, 22.405801],
              [69.809358, 22.401482],
              [69.813899, 22.398834],
              [69.813712, 22.395319],
              [69.809837, 22.394461],
              [69.809289, 22.386173],
              [69.800577, 22.382827],
              [69.795492, 22.379278],
              [69.79653, 22.377739],
              [69.791852, 22.380172],
              [69.791238, 22.383572],
              [69.795551, 22.389259],
              [69.797266, 22.405962],
              [69.793205, 22.407301],
              [69.789719, 22.413774],
              [69.78581, 22.413162],
              [69.779306, 22.416391],
              [69.764501, 22.43168],
              [69.759076, 22.443303],
              [69.755585, 22.436636],
              [69.754697, 22.418366],
              [69.750851, 22.411889],
              [69.744743, 22.412971],
              [69.742339, 22.406994],
              [69.734151, 22.406016],
              [69.736902, 22.402655],
              [69.734726, 22.401663],
              [69.739146, 22.397889],
              [69.737343, 22.395782],
              [69.725893, 22.394701],
              [69.729034, 22.387678],
              [69.725353, 22.386795],
              [69.727432, 22.369076],
              [69.736199, 22.368018],
              [69.74007, 22.340544],
              [69.74486, 22.333854],
              [69.749024, 22.333945],
              [69.753882, 22.32098],
              [69.732638, 22.308111],
              [69.748177, 22.2768],
              [69.753261, 22.257873],
              [69.758289, 22.254621],
              [69.758054, 22.252047],
              [69.761692, 22.251463],
              [69.759871, 22.247695],
              [69.76176, 22.245732],
              [69.754025, 22.243401],
              [69.755452, 22.237325],
              [69.760356, 22.235969],
              [69.769544, 22.220058],
              [69.782731, 22.218888],
              [69.791314, 22.220924],
              [69.790661, 22.217655],
              [69.795997, 22.214853],
              [69.799774, 22.215551],
              [69.810046, 22.203454],
              [69.8067, 22.19299],
              [69.802639, 22.189313],
              [69.812948, 22.176349],
              [69.813158, 22.150521],
              [69.809661, 22.131726],
              [69.822766, 22.120686],
              [69.822443, 22.116482],
              [69.817871, 22.120955],
              [69.817383, 22.116679],
              [69.814723, 22.116389],
              [69.816793, 22.114299],
              [69.81574, 22.106184],
              [69.811351, 22.103067],
              [69.810694, 22.09866],
              [69.815908, 22.094859],
              [69.810904, 22.084037],
              [69.805838, 22.080685],
              [69.806937, 22.071941],
              [69.819317, 22.078679],
              [69.825051, 22.07749],
              [69.837206, 22.069112],
              [69.852412, 22.072043],
              [69.85402, 22.06893],
              [69.854638, 22.071512],
              [69.857829, 22.071199],
              [69.859264, 22.061748],
              [69.856779, 22.061008],
              [69.859046, 22.053349],
              [69.857328, 22.044075],
              [69.862816, 22.043154],
              [69.865601, 22.046225],
              [69.870498, 22.038092],
              [69.867146, 22.0369],
              [69.867234, 22.030551],
              [69.862982, 22.026785],
              [69.863718, 22.025078],
              [69.855471, 22.022743],
              [69.853476, 22.01979],
              [69.854769, 22.015672],
              [69.856178, 22.01751],
              [69.865772, 22.017718],
              [69.870498, 22.011261],
              [69.876876, 22.010638],
              [69.875534, 22.000611],
              [69.886893, 21.99465],
              [69.890466, 21.989168],
              [69.891162, 21.979938],
              [69.899266, 21.973945],
              [69.902909, 21.965347],
              [69.915805, 21.964472],
              [69.923067, 21.966633],
              [69.933599, 21.96085],
              [69.929351, 21.955568],
              [69.930648, 21.953513],
              [69.926731, 21.95239],
              [69.930224, 21.946952],
              [69.925833, 21.944561],
              [69.928149, 21.939412],
              [69.924475, 21.937363],
              [69.921587, 21.941889],
              [69.917279, 21.940061],
              [69.919189, 21.933987],
              [69.915631, 21.932186],
              [69.915243, 21.927829],
              [69.919995, 21.92692],
              [69.918188, 21.921412],
              [69.921767, 21.913716],
              [69.919078, 21.905765],
              [69.921143, 21.902134],
              [69.919052, 21.899868],
              [69.9245, 21.899207],
              [69.925883, 21.895133],
              [69.936019, 21.893287],
              [69.915989, 21.88312],
              [69.915073, 21.877914],
              [69.911687, 21.877562],
              [69.91466, 21.870418],
              [69.911892, 21.869037],
              [69.911301, 21.863483],
              [69.91524, 21.851096],
              [69.910987, 21.848175],
              [69.909655, 21.840955],
              [69.896427, 21.840876],
              [69.8969, 21.835209],
              [69.887309, 21.830916],
              [69.885041, 21.835319],
              [69.881834, 21.832758],
              [69.87426, 21.833255],
              [69.874139, 21.830117],
              [69.869371, 21.828193],
              [69.869695, 21.826374],
              [69.86702, 21.826017],
              [69.866899, 21.827751],
              [69.862063, 21.822684],
              [69.85581, 21.822268],
              [69.855462, 21.820276],
              [69.852952, 21.821852],
              [69.842434, 21.820053],
              [69.838938, 21.818477],
              [69.83907, 21.814977],
              [69.835066, 21.814561],
              [69.833701, 21.818241],
              [69.814993, 21.8243],
              [69.816161, 21.793725],
              [69.808647, 21.761805],
              [69.818463, 21.741667],
              [69.829014, 21.744497],
              [69.833987, 21.74355],
              [69.83965, 21.733445],
              [69.848751, 21.731676],
              [69.86397, 21.739215],
              [69.867338, 21.737838],
              [69.8677, 21.759863],
              [69.862986, 21.76996],
              [69.863957, 21.781082],
              [69.866403, 21.782396],
              [69.872137, 21.781958],
              [69.871813, 21.77826],
              [69.88168, 21.76781],
              [69.883276, 21.772141],
              [69.893839, 21.774357],
              [69.903186, 21.78056],
              [69.91609, 21.781821],
              [69.919426, 21.781306],
              [69.920358, 21.777711],
              [69.929505, 21.778923],
              [69.943706, 21.792884],
              [69.951039, 21.789038],
              [69.967006, 21.799737],
              [69.973774, 21.797561],
              [69.992118, 21.807429],
              [69.99888, 21.80387],
              [70.011127, 21.804352],
              [70.012057, 21.790729],
              [70.008718, 21.781863],
              [70.009672, 21.761444],
              [70.007822, 21.754028],
              [70.019835, 21.746049],
              [70.019694, 21.713383],
              [70.024518, 21.704011],
              [70.038979, 21.698004],
              [70.048217, 21.699314],
              [70.060531, 21.705645],
              [70.064967, 21.718341],
              [70.070039, 21.724922],
              [70.076428, 21.724449],
              [70.078445, 21.732858],
              [70.07056, 21.738961],
              [70.068396, 21.747829],
              [70.062699, 21.757083],
              [70.054688, 21.759107],
              [70.050996, 21.774721],
              [70.041074, 21.779096],
              [70.029659, 21.793172],
              [70.030925, 21.794426],
              [70.03466, 21.791886],
              [70.051565, 21.797042],
              [70.06016, 21.80241],
              [70.09205, 21.80054],
              [70.093863, 21.802794],
              [70.08086, 21.819341],
              [70.086537, 21.821433],
              [70.090368, 21.818747],
              [70.09707, 21.822808],
              [70.101375, 21.817015],
              [70.106428, 21.823708],
              [70.109445, 21.823961],
              [70.107796, 21.828088],
              [70.102645, 21.831167],
              [70.091734, 21.831454],
              [70.090471, 21.834764],
              [70.095774, 21.849323],
              [70.106197, 21.850386],
              [70.11604, 21.859197],
              [70.116727, 21.862425],
              [70.128288, 21.865135],
              [70.121825, 21.874577],
              [70.123727, 21.878718],
              [70.136993, 21.882614],
              [70.140912, 21.890398],
              [70.139593, 21.906253],
              [70.143697, 21.908921],
              [70.140218, 21.914308],
              [70.144786, 21.940968],
              [70.147757, 21.938475],
              [70.164881, 21.93848],
              [70.171321, 21.931227],
              [70.175997, 21.912349],
              [70.174453, 21.907474],
              [70.177441, 21.899309],
              [70.176375, 21.895042],
              [70.186865, 21.895034],
              [70.190811, 21.891474],
              [70.196241, 21.892939],
              [70.217418, 21.906281],
              [70.21824, 21.934869],
              [70.21071, 21.95317],
              [70.204483, 21.957485],
              [70.203068, 21.96309],
              [70.216393, 21.967287],
              [70.222761, 21.964406],
              [70.231051, 21.9666],
              [70.23766, 21.962058],
              [70.247453, 21.962918],
              [70.252221, 21.967203],
              [70.257248, 21.994765],
              [70.265842, 22.001503],
              [70.278289, 21.998301],
              [70.289019, 22.005447],
              [70.299925, 21.993805],
              [70.300362, 22.002016],
              [70.29699, 22.004706],
              [70.294196, 22.012756],
              [70.326428, 22.014918],
              [70.329106, 22.029034],
              [70.325701, 22.030541],
              [70.327314, 22.043117],
              [70.325317, 22.046612],
              [70.330823, 22.050975],
              [70.349448, 22.052266],
              [70.361563, 22.044117],
              [70.372829, 22.046714],
              [70.381358, 22.041114],
              [70.392493, 22.037528],
              [70.398262, 22.038485],
              [70.402479, 22.031372],
              [70.414423, 22.035379],
              [70.412682, 22.025418],
              [70.42222, 22.031543],
              [70.433368, 22.02935],
              [70.452715, 22.035355],
              [70.454523, 22.039437],
              [70.458336, 22.041269],
              [70.455082, 22.050802],
              [70.461415, 22.053978],
              [70.491104, 22.05544],
              [70.5, 22.049655],
              [70.515824, 22.049792],
              [70.530538, 22.043936],
              [70.531243, 22.039163],
              [70.525786, 22.037494],
              [70.521853, 22.030393],
              [70.520637, 22.018724],
              [70.51641, 22.017687],
              [70.51017, 22.020821],
              [70.500702, 22.021379],
              [70.501054, 21.996773],
              [70.509637, 22.002037],
              [70.511514, 21.999264],
              [70.521834, 22.003314],
              [70.526348, 22.001366],
              [70.553381, 22.013788],
              [70.55821, 22.020455],
              [70.569642, 22.027002],
              [70.571222, 22.036611],
              [70.562667, 22.039169],
              [70.556508, 22.045727],
              [70.549751, 22.045688],
              [70.546818, 22.060534],
              [70.562033, 22.072759],
              [70.556617, 22.082569],
              [70.551352, 22.080603],
              [70.554132, 22.090737],
              [70.562424, 22.098642],
              [70.581059, 22.100544],
              [70.58244, 22.099032],
              [70.588161, 22.105513],
              [70.588963, 22.117868],
              [70.578229, 22.117188],
              [70.56976, 22.122766],
              [70.564766, 22.128346],
              [70.568439, 22.131625],
              [70.562651, 22.145065],
              [70.56672, 22.151122],
              [70.568389, 22.16014],
              [70.587579, 22.167072],
              [70.584455, 22.17472],
              [70.581046, 22.17523],
              [70.580001, 22.184649],
              [70.589866, 22.188828],
              [70.591147, 22.187067],
              [70.598937, 22.193304],
              [70.614914, 22.189788],
              [70.609531, 22.197324],
              [70.603368, 22.198994],
              [70.602815, 22.201405],
              [70.597801, 22.200899],
              [70.595546, 22.203865],
              [70.596292, 22.207609],
              [70.587646, 22.207851],
              [70.580649, 22.222795],
              [70.578635, 22.240048],
              [70.574619, 22.239785],
              [70.571357, 22.234085],
              [70.548991, 22.229539],
              [70.538604, 22.242596],
              [70.536393, 22.249508],
              [70.519381, 22.245132],
              [70.516029, 22.251406],
              [70.515888, 22.258306],
              [70.508281, 22.270487],
              [70.505282, 22.283625],
              [70.49741, 22.286088],
              [70.49457, 22.295775],
              [70.481787, 22.301094],
              [70.473273, 22.309293],
              [70.46905, 22.324811],
              [70.488374, 22.327414],
              [70.494872, 22.326542],
              [70.5, 22.322208],
              [70.515096, 22.328541],
              [70.520807, 22.337242],
              [70.53059, 22.339817],
              [70.529889, 22.343645],
              [70.525149, 22.346659],
              [70.517741, 22.360882],
              [70.515476, 22.358519],
              [70.509267, 22.364389],
              [70.505793, 22.362621],
              [70.504392, 22.365975],
              [70.500876, 22.366803],
              [70.498877, 22.362275],
              [70.487156, 22.361972],
              [70.486711, 22.367081],
              [70.484335, 22.366913],
              [70.473602, 22.378563],
              [70.475443, 22.38217],
              [70.484086, 22.385152],
              [70.491831, 22.398418],
              [70.493592, 22.411787],
              [70.499316, 22.412706],
              [70.501367, 22.410841],
              [70.507848, 22.412909],
              [70.508393, 22.418025],
              [70.505382, 22.423993],
              [70.506558, 22.428513],
              [70.485674, 22.427905],
              [70.475678, 22.423094],
              [70.472073, 22.426529],
              [70.464769, 22.424739],
              [70.463538, 22.421226],
              [70.458394, 22.419372],
              [70.4476, 22.427442],
              [70.445266, 22.433884],
              [70.457033, 22.435759],
              [70.457106, 22.43882],
              [70.461973, 22.438998],
              [70.460442, 22.445132],
              [70.4561, 22.448925],
              [70.462147, 22.449947],
              [70.465787, 22.469233],
              [70.470881, 22.470201],
              [70.479988, 22.454443],
              [70.487165, 22.453104],
              [70.487844, 22.449997],
              [70.498908, 22.451479],
              [70.501062, 22.454138],
              [70.498559, 22.466742],
              [70.503747, 22.466941],
              [70.503083, 22.471157],
              [70.499159, 22.469371],
              [70.494425, 22.476876],
              [70.499622, 22.489459],
              [70.50461, 22.490554],
              [70.511838, 22.469232],
              [70.513976, 22.469707],
              [70.516538, 22.464964],
              [70.519656, 22.466421],
              [70.519519, 22.462728],
              [70.522148, 22.463785],
              [70.521912, 22.466709],
              [70.525677, 22.467195],
              [70.533774, 22.45806],
              [70.552564, 22.462468],
              [70.54835, 22.474576],
              [70.540229, 22.479394],
              [70.552839, 22.48429],
              [70.586859, 22.490546],
              [70.574728, 22.513122],
              [70.553628, 22.501176],
              [70.542504, 22.502223],
              [70.535351, 22.495041],
              [70.528534, 22.515535],
              [70.536016, 22.518678],
              [70.539557, 22.531105],
              [70.542928, 22.533283],
              [70.565928, 22.533325],
              [70.571343, 22.520318],
              [70.59323, 22.530063],
              [70.601721, 22.531157],
              [70.600398, 22.53453],
              [70.593418, 22.53564],
              [70.589786, 22.544268],
              [70.584001, 22.546208],
              [70.58027, 22.552483],
              [70.572177, 22.551221],
              [70.571399, 22.55281],
              [70.568191, 22.551639],
              [70.569072, 22.547499],
              [70.566093, 22.545638],
              [70.560839, 22.543658],
              [70.558068, 22.544971],
              [70.552154, 22.551769],
              [70.549422, 22.56101],
              [70.55342, 22.576571],
              [70.57193, 22.613842],
              [70.574778, 22.633881],
              [70.608295, 22.640331],
              [70.616072, 22.650811],
              [70.614062, 22.658383],
              [70.616368, 22.668294],
              [70.610187, 22.689686],
              [70.612503, 22.694446],
              [70.602234, 22.719142],
              [70.600681, 22.728259],
              [70.592196, 22.724002],
              [70.579474, 22.721732],
              [70.577146, 22.727585],
              [70.56626, 22.729422],
              [70.563301, 22.745161],
              [70.568206, 22.761977],
              [70.564546, 22.771402],
              [70.559778, 22.776704],
              [70.557374, 22.790682],
              [70.551573, 22.789699],
              [70.551648, 22.791756],
              [70.547213, 22.792055],
              [70.54884, 22.79473],
              [70.552014, 22.793152],
              [70.552967, 22.807706],
              [70.544079, 22.804927],
              [70.541694, 22.806734],
              [70.542284, 22.810339],
              [70.53837, 22.812004],
              [70.532467, 22.808672],
              [70.529425, 22.81373],
              [70.523288, 22.811343],
              [70.523137, 22.813439],
              [70.516991, 22.812311],
              [70.513892, 22.818089],
              [70.510443, 22.818041],
              [70.510991, 22.826054],
              [70.513962, 22.836438],
              [70.519816, 22.843973],
              [70.513914, 22.848992],
              [70.499285, 22.843342],
              [70.48572, 22.857683]
            ],
            [
              [70.414292, 22.410166],
              [70.438189, 22.416315],
              [70.447382, 22.404274],
              [70.449755, 22.391774],
              [70.440828, 22.389304],
              [70.441746, 22.387259],
              [70.432134, 22.386862],
              [70.426847, 22.378802],
              [70.421196, 22.375575],
              [70.429657, 22.366037],
              [70.451584, 22.357597],
              [70.461753, 22.350712],
              [70.466159, 22.332845],
              [70.448846, 22.328052],
              [70.441455, 22.340119],
              [70.440269, 22.356946],
              [70.410419, 22.359526],
              [70.407949, 22.391955],
              [70.404551, 22.399479],
              [70.404313, 22.408344],
              [70.414292, 22.410166]
            ]
          ]
        ]
      },
      "properties": {
        "dtname": "Jamnagar",
        "stname": "Gujarat",
        "stcode11": "24",
        "dtcode11": "477",
        "dist_lgd": 447,
        "state_lgd": 24
      }
    },
    {
      "type": "Feature",
      "geometry": {
        "type": "MultiPolygon",
        "coordinates": [
          [
            [
              [70.257809, 23.170642],
              [70.256464, 23.173775],
              [70.25662, 23.170621],
              [70.257809, 23.170642]
            ]
          ],
          [
            [
              [70.252541, 23.175842],
              [70.25268, 23.177405],
              [70.24957, 23.176977],
              [70.252171, 23.175485],
              [70.252609, 23.170875],
              [70.255989, 23.175383],
              [70.252541, 23.175842]
            ]
          ],
          [
            [
              [68.529241, 23.688646],
              [68.525319, 23.689686],
              [68.527223, 23.686997],
              [68.526622, 23.677286],
              [68.524173, 23.661917],
              [68.520903, 23.656759],
              [68.522042, 23.653478],
              [68.525668, 23.654897],
              [68.52287, 23.654738],
              [68.52253, 23.656778],
              [68.527031, 23.661345],
              [68.533911, 23.662076],
              [68.532189, 23.664666],
              [68.535261, 23.667056],
              [68.531119, 23.666715],
              [68.528698, 23.673996],
              [68.536188, 23.673346],
              [68.538949, 23.670526],
              [68.547427, 23.674954],
              [68.543419, 23.679024],
              [68.544207, 23.682343],
              [68.538567, 23.685645],
              [68.534381, 23.684974],
              [68.53543, 23.678266],
              [68.529809, 23.675685],
              [68.529371, 23.679147],
              [68.532462, 23.681334],
              [68.530371, 23.68664],
              [68.534021, 23.688536],
              [68.529241, 23.688646]
            ]
          ],
          [
            [
              [71.301266, 24.577975],
              [71.306813, 24.589444],
              [71.284615, 24.593883],
              [71.287823, 24.616229],
              [71.113397, 24.675257],
              [71.09649, 24.688725],
              [71.085433, 24.671926],
              [71.074732, 24.66192],
              [71.049197, 24.64839],
              [71.00946, 24.635423],
              [71.00713, 24.62861],
              [70.998822, 24.621843],
              [70.986261, 24.595464],
              [70.992462, 24.563847],
              [70.987355, 24.543421],
              [71.003032, 24.53002],
              [71.00521, 24.523021],
              [71.0, 24.486339],
              [70.996036, 24.475016],
              [70.998638, 24.472472],
              [70.996366, 24.465898],
              [70.998565, 24.444427],
              [71.01021, 24.444255],
              [71.037536, 24.431936],
              [71.067561, 24.436915],
              [71.103067, 24.435696],
              [71.125526, 24.420079],
              [71.121844, 24.405661],
              [71.118236, 24.40153],
              [71.108047, 24.396708],
              [71.081889, 24.392912],
              [71.066681, 24.37689],
              [71.05727, 24.361484],
              [71.042053, 24.353875],
              [71.042134, 24.351252],
              [71.039925, 24.353274],
              [71.020205, 24.347366],
              [71.003547, 24.350956],
              [70.986542, 24.364709],
              [70.955367, 24.34861],
              [70.94768, 24.348052],
              [70.923658, 24.327734],
              [70.924769, 24.325883],
              [70.878666, 24.301397],
              [70.882634, 24.299809],
              [70.874505, 24.29449],
              [70.875749, 24.280232],
              [70.882851, 24.272819],
              [70.909203, 24.262831],
              [70.907258, 24.258779],
              [70.876609, 24.245747],
              [70.852233, 24.245073],
              [70.836192, 24.231487],
              [70.80546, 24.220854],
              [70.740202, 24.219039],
              [70.7139, 24.215653],
              [70.700538, 24.218662],
              [70.696456, 24.217427],
              [70.698422, 24.220266],
              [70.666943, 24.219583],
              [70.643504, 24.224892],
              [70.585623, 24.24736],
              [70.582778, 24.243915],
              [70.581959, 24.247937],
              [70.57123, 24.251735],
              [70.574401, 24.264146],
              [70.584821, 24.277985],
              [70.584531, 24.290362],
              [70.579442, 24.295291],
              [70.581774, 24.304469],
              [70.562042, 24.354456],
              [70.580453, 24.363275],
              [70.598979, 24.405964],
              [70.602469, 24.408123],
              [70.573122, 24.422362],
              [70.557766, 24.419801],
              [70.548595, 24.411861],
              [70.547446, 24.413382],
              [70.53476, 24.407895],
              [70.515331, 24.404063],
              [70.476095, 24.389786],
              [70.438701, 24.383316],
              [70.411675, 24.375615],
              [70.390915, 24.359878],
              [70.368459, 24.350769],
              [70.354199, 24.354108],
              [70.345591, 24.351579],
              [70.325585, 24.351876],
              [70.26586, 24.333681],
              [70.250651, 24.32442],
              [70.214199, 24.321212],
              [70.165911, 24.303483],
              [70.139367, 24.302902],
              [70.109868, 24.294975],
              [70.06681, 24.199159],
              [70.051047, 24.1896],
              [70.038664, 24.176462],
              [70.025057, 24.171285],
              [69.731214, 24.171057],
              [69.594446, 24.292398],
              [69.563679, 24.281488],
              [69.494006, 24.26778],
              [69.469737, 24.27112],
              [69.445992, 24.280328],
              [69.404977, 24.271201],
              [69.376278, 24.269493],
              [69.31274, 24.281602],
              [69.193754, 24.236114],
              [69.094753, 24.274494],
              [69.093666, 24.271325],
              [69.082869, 24.265107],
              [69.033902, 24.239548],
              [69.016146, 24.225669],
              [69.005328, 24.22312],
              [68.984741, 24.22761],
              [68.967342, 24.271725],
              [68.945284, 24.302493],
              [68.90675, 24.279786],
              [68.897499, 24.263686],
              [68.889903, 24.237888],
              [68.880292, 24.216568],
              [68.874922, 24.212329],
              [68.864821, 24.21278],
              [68.857404, 24.21431],
              [68.847668, 24.23925],
              [68.843385, 24.277936],
              [68.830708, 24.311861],
              [68.826312, 24.317363],
              [68.820412, 24.312341],
              [68.80823, 24.3136],
              [68.764704, 24.295844],
              [68.768286, 24.282407],
              [68.769345, 24.264387],
              [68.762518, 24.114311],
              [68.753026, 23.97131],
              [68.397379, 23.970475],
              [68.38966, 23.966594],
              [68.385809, 23.969515],
              [68.378602, 23.984462],
              [68.368933, 23.984774],
              [68.350367, 23.976005],
              [68.339035, 23.966952],
              [68.335697, 23.956297],
              [68.338316, 23.936398],
              [68.334709, 23.927129],
              [68.328655, 23.922347],
              [68.318936, 23.9221],
              [68.289184, 23.931977],
              [68.275744, 23.928769],
              [68.252165, 23.896898],
              [68.230838, 23.885733],
              [68.216893, 23.882492],
              [68.20865, 23.875463],
              [68.199532, 23.847094],
              [68.19854, 23.813236],
              [68.203453, 23.789668],
              [68.202639, 23.766672],
              [68.184643, 23.737334],
              [68.181654, 23.721633],
              [68.189763, 23.717224],
              [68.191783, 23.707345],
              [68.19682, 23.702977],
              [68.198482, 23.694606],
              [68.205702, 23.680338],
              [68.206659, 23.668889],
              [68.20177, 23.658669],
              [68.188072, 23.658589],
              [68.182571, 23.655039],
              [68.20847, 23.65067],
              [68.196433, 23.650342],
              [68.186321, 23.645281],
              [68.185951, 23.641223],
              [68.182392, 23.638479],
              [68.177512, 23.627863],
              [68.177655, 23.619195],
              [68.180502, 23.607045],
              [68.181032, 23.609383],
              [68.183863, 23.607874],
              [68.195121, 23.588737],
              [68.207669, 23.586157],
              [68.207281, 23.584667],
              [68.19221, 23.586697],
              [68.185371, 23.595553],
              [68.184, 23.587003],
              [68.187451, 23.582257],
              [68.193691, 23.580155],
              [68.19924, 23.579425],
              [68.207751, 23.583335],
              [68.215259, 23.582108],
              [68.222109, 23.578686],
              [68.221549, 23.577106],
              [68.224557, 23.577276],
              [68.222287, 23.575047],
              [68.223619, 23.573904],
              [68.229708, 23.574595],
              [68.231737, 23.576508],
              [68.229559, 23.577986],
              [68.246315, 23.572556],
              [68.244153, 23.570576],
              [68.266321, 23.567017],
              [68.265634, 23.563517],
              [68.27267, 23.564291],
              [68.278081, 23.559729],
              [68.281867, 23.566128],
              [68.290979, 23.571366],
              [68.334151, 23.578633],
              [68.388929, 23.595621],
              [68.398185, 23.607611],
              [68.403497, 23.657718],
              [68.412725, 23.702974],
              [68.419025, 23.717902],
              [68.420977, 23.733209],
              [68.434843, 23.738979],
              [68.438863, 23.735673],
              [68.445071, 23.73507],
              [68.455158, 23.740979],
              [68.463957, 23.742243],
              [68.473179, 23.73909],
              [68.475628, 23.735021],
              [68.488424, 23.731622],
              [68.505722, 23.740922],
              [68.508759, 23.750488],
              [68.51935, 23.747649],
              [68.52108, 23.74389],
              [68.523201, 23.746559],
              [68.527003, 23.745821],
              [68.530695, 23.7536],
              [68.551756, 23.779014],
              [68.580833, 23.820987],
              [68.602649, 23.829524],
              [68.655479, 23.83279],
              [68.67186, 23.843445],
              [68.688235, 23.846446],
              [68.69271, 23.844417],
              [68.711243, 23.830169],
              [68.693854, 23.818173],
              [68.681488, 23.794956],
              [68.672532, 23.804042],
              [68.660799, 23.796168],
              [68.656747, 23.798209],
              [68.65179, 23.794382],
              [68.635288, 23.761017],
              [68.638971, 23.753564],
              [68.644527, 23.750529],
              [68.641956, 23.742708],
              [68.643957, 23.741358],
              [68.648155, 23.743579],
              [68.645766, 23.740812],
              [68.648846, 23.738902],
              [68.642098, 23.739431],
              [68.640896, 23.73618],
              [68.637929, 23.739038],
              [68.638337, 23.742239],
              [68.634953, 23.738759],
              [68.630039, 23.741499],
              [68.628479, 23.738989],
              [68.618479, 23.738019],
              [68.618308, 23.734592],
              [68.615282, 23.735951],
              [68.613649, 23.731843],
              [68.61568, 23.72587],
              [68.621628, 23.724439],
              [68.62869, 23.734511],
              [68.632156, 23.72782],
              [68.623178, 23.725771],
              [68.622148, 23.721153],
              [68.620927, 23.722611],
              [68.620211, 23.720362],
              [68.61494, 23.72029],
              [68.612768, 23.717951],
              [68.61013, 23.721021],
              [68.605501, 23.719571],
              [68.602583, 23.723621],
              [68.596821, 23.724053],
              [68.599881, 23.72144],
              [68.595214, 23.719791],
              [68.592351, 23.713691],
              [68.59646, 23.714022],
              [68.600462, 23.708794],
              [68.587236, 23.702625],
              [68.584593, 23.704024],
              [68.584861, 23.706773],
              [68.580763, 23.705152],
              [68.579723, 23.708934],
              [68.577424, 23.706812],
              [68.571745, 23.708801],
              [68.572033, 23.713383],
              [68.569566, 23.715143],
              [68.573723, 23.717113],
              [68.569187, 23.717703],
              [68.573305, 23.721442],
              [68.567116, 23.721463],
              [68.557189, 23.716633],
              [68.549966, 23.701014],
              [68.548289, 23.691812],
              [68.551876, 23.694545],
              [68.550668, 23.697935],
              [68.552545, 23.699344],
              [68.557686, 23.694444],
              [68.557135, 23.689225],
              [68.564826, 23.690004],
              [68.568195, 23.687726],
              [68.567956, 23.684945],
              [68.564686, 23.683987],
              [68.561537, 23.688694],
              [68.562598, 23.683557],
              [68.560185, 23.677606],
              [68.551286, 23.662176],
              [68.547989, 23.660905],
              [68.548617, 23.658278],
              [68.540707, 23.657507],
              [68.542911, 23.653237],
              [68.539309, 23.652869],
              [68.539229, 23.655366],
              [68.53491, 23.650217],
              [68.534991, 23.653066],
              [68.532501, 23.653317],
              [68.520732, 23.64959],
              [68.521811, 23.642119],
              [68.527158, 23.648108],
              [68.533371, 23.649236],
              [68.533138, 23.646789],
              [68.529021, 23.64667],
              [68.529661, 23.642729],
              [68.526018, 23.639286],
              [68.529019, 23.635798],
              [68.51694, 23.635429],
              [68.51191, 23.63841],
              [68.513831, 23.644059],
              [68.51064, 23.639479],
              [68.507931, 23.621978],
              [68.515352, 23.623921],
              [68.515712, 23.621402],
              [68.511951, 23.619182],
              [68.514681, 23.618399],
              [68.512381, 23.615219],
              [68.509574, 23.61407],
              [68.505911, 23.617751],
              [68.50536, 23.614731],
              [68.5073, 23.614579],
              [68.502212, 23.612841],
              [68.502352, 23.60955],
              [68.510551, 23.611832],
              [68.508883, 23.609401],
              [68.509121, 23.611302],
              [68.50627, 23.610393],
              [68.501132, 23.604493],
              [68.496462, 23.605862],
              [68.495372, 23.603651],
              [68.492905, 23.605834],
              [68.493944, 23.600542],
              [68.497554, 23.600611],
              [68.495074, 23.599182],
              [68.493663, 23.593052],
              [68.494511, 23.589074],
              [68.497633, 23.590711],
              [68.492074, 23.586015],
              [68.490403, 23.579533],
              [68.494812, 23.559196],
              [68.492432, 23.553866],
              [68.483593, 23.548708],
              [68.489624, 23.539796],
              [68.490616, 23.532229],
              [68.494303, 23.526768],
              [68.494334, 23.518118],
              [68.500733, 23.511608],
              [68.502362, 23.512589],
              [68.503343, 23.510577],
              [68.50456, 23.513341],
              [68.502524, 23.50719],
              [68.50501, 23.50284],
              [68.502421, 23.50193],
              [68.504527, 23.499471],
              [68.512942, 23.50104],
              [68.513671, 23.495958],
              [68.511792, 23.494756],
              [68.517395, 23.490363],
              [68.517707, 23.486417],
              [68.512978, 23.487353],
              [68.512775, 23.484594],
              [68.521167, 23.468559],
              [68.519217, 23.464779],
              [68.522188, 23.464587],
              [68.521393, 23.461178],
              [68.52878, 23.449914],
              [68.530733, 23.449459],
              [68.532199, 23.452489],
              [68.529221, 23.45707],
              [68.53558, 23.460478],
              [68.534169, 23.456351],
              [68.540754, 23.458472],
              [68.543789, 23.465502],
              [68.546265, 23.465061],
              [68.543825, 23.462857],
              [68.546024, 23.46],
              [68.543221, 23.457177],
              [68.542085, 23.458906],
              [68.539299, 23.45373],
              [68.5416, 23.452021],
              [68.536212, 23.451598],
              [68.530629, 23.445202],
              [68.533384, 23.436711],
              [68.54235, 23.425032],
              [68.547752, 23.424538],
              [68.548291, 23.422911],
              [68.543306, 23.421931],
              [68.543488, 23.420211],
              [68.547722, 23.417062],
              [68.565873, 23.417214],
              [68.570343, 23.403786],
              [68.574266, 23.406918],
              [68.57657, 23.405588],
              [68.5753, 23.402621],
              [68.583199, 23.402908],
              [68.590319, 23.393162],
              [68.594859, 23.391578],
              [68.599501, 23.386089],
              [68.608565, 23.382858],
              [68.610888, 23.380027],
              [68.609911, 23.376763],
              [68.606883, 23.376668],
              [68.609588, 23.372005],
              [68.610488, 23.374975],
              [68.620377, 23.374005],
              [68.61198, 23.371702],
              [68.611941, 23.369133],
              [68.625815, 23.364903],
              [68.625111, 23.359165],
              [68.62914, 23.357906],
              [68.625844, 23.354795],
              [68.630411, 23.354465],
              [68.627355, 23.351603],
              [68.632519, 23.352537],
              [68.629115, 23.348899],
              [68.633868, 23.349427],
              [68.63686, 23.347074],
              [68.636958, 23.343584],
              [68.639637, 23.343033],
              [68.635965, 23.338894],
              [68.640551, 23.339448],
              [68.64213, 23.335489],
              [68.648158, 23.33691],
              [68.643699, 23.333452],
              [68.652622, 23.335555],
              [68.642511, 23.332279],
              [68.643791, 23.325917],
              [68.640026, 23.323186],
              [68.64423, 23.321272],
              [68.646707, 23.311199],
              [68.652336, 23.303143],
              [68.655289, 23.303468],
              [68.658087, 23.311955],
              [68.655526, 23.313265],
              [68.656724, 23.316574],
              [68.653092, 23.316886],
              [68.654682, 23.321428],
              [68.651779, 23.326088],
              [68.655784, 23.330073],
              [68.655741, 23.33383],
              [68.661198, 23.336461],
              [68.661161, 23.343833],
              [68.658878, 23.345563],
              [68.660506, 23.347454],
              [68.670279, 23.343172],
              [68.665153, 23.336351],
              [68.668261, 23.331488],
              [68.684985, 23.328855],
              [68.679252, 23.319976],
              [68.678825, 23.31562],
              [68.681399, 23.311849],
              [68.692807, 23.308833],
              [68.698397, 23.313463],
              [68.713515, 23.317956],
              [68.707636, 23.313611],
              [68.712975, 23.307184],
              [68.711643, 23.304318],
              [68.713986, 23.295632],
              [68.709685, 23.291614],
              [68.702628, 23.292548],
              [68.699309, 23.284193],
              [68.708334, 23.288333],
              [68.711866, 23.286719],
              [68.706643, 23.280469],
              [68.71222, 23.282646],
              [68.712624, 23.280529],
              [68.706096, 23.274063],
              [68.705547, 23.270722],
              [68.714625, 23.268649],
              [68.716836, 23.265086],
              [68.724172, 23.266792],
              [68.725773, 23.264475],
              [68.72452, 23.255135],
              [68.722503, 23.255624],
              [68.723108, 23.261046],
              [68.714739, 23.264121],
              [68.705888, 23.254198],
              [68.701996, 23.240056],
              [68.699812, 23.240631],
              [68.69293, 23.235062],
              [68.681228, 23.232959],
              [68.677182, 23.229064],
              [68.674149, 23.233259],
              [68.659542, 23.23208],
              [68.658119, 23.22962],
              [68.653518, 23.231147],
              [68.645544, 23.225243],
              [68.642929, 23.218015],
              [68.63061, 23.217447],
              [68.622012, 23.212689],
              [68.620987, 23.205727],
              [68.623199, 23.205185],
              [68.623043, 23.208797],
              [68.628142, 23.211867],
              [68.638044, 23.211194],
              [68.640775, 23.216056],
              [68.640789, 23.213044],
              [68.644946, 23.214525],
              [68.6547, 23.211593],
              [68.662034, 23.217948],
              [68.669171, 23.218199],
              [68.67034, 23.20749],
              [68.673718, 23.20189],
              [68.669711, 23.198153],
              [68.662454, 23.200851],
              [68.659552, 23.1977],
              [68.670101, 23.182004],
              [68.675634, 23.181063],
              [68.676707, 23.17825],
              [68.680761, 23.179016],
              [68.680217, 23.173991],
              [68.682601, 23.175846],
              [68.678808, 23.168406],
              [68.682319, 23.157913],
              [68.676496, 23.162118],
              [68.682776, 23.152693],
              [68.695081, 23.15542],
              [68.702191, 23.148689],
              [68.712246, 23.151429],
              [68.712463, 23.147501],
              [68.715542, 23.144591],
              [68.713055, 23.141365],
              [68.724412, 23.136491],
              [68.725865, 23.134585],
              [68.724135, 23.131751],
              [68.72796, 23.134637],
              [68.731889, 23.134179],
              [68.734294, 23.126087],
              [68.733229, 23.119532],
              [68.739464, 23.115563],
              [68.73979, 23.119509],
              [68.742322, 23.117963],
              [68.739927, 23.113951],
              [68.744119, 23.113176],
              [68.745864, 23.110019],
              [68.749874, 23.117061],
              [68.753261, 23.117495],
              [68.754432, 23.123031],
              [68.762976, 23.121141],
              [68.770057, 23.124482],
              [68.769976, 23.121809],
              [68.774993, 23.122893],
              [68.776533, 23.120332],
              [68.783645, 23.120012],
              [68.784907, 23.115208],
              [68.773187, 23.116736],
              [68.7709, 23.113687],
              [68.76942, 23.114653],
              [68.770755, 23.111443],
              [68.766777, 23.1107],
              [68.766803, 23.102908],
              [68.764486, 23.107082],
              [68.761187, 23.101129],
              [68.765135, 23.096035],
              [68.760109, 23.09977],
              [68.763775, 23.093587],
              [68.760969, 23.093616],
              [68.760942, 23.090461],
              [68.772716, 23.080423],
              [68.772337, 23.07831],
              [68.781537, 23.083277],
              [68.773055, 23.077642],
              [68.778481, 23.07755],
              [68.765138, 23.079023],
              [68.769486, 23.079726],
              [68.763117, 23.080583],
              [68.763738, 23.084331],
              [68.760931, 23.086144],
              [68.76356, 23.087555],
              [68.757991, 23.089],
              [68.75616, 23.084434],
              [68.760067, 23.086157],
              [68.75698, 23.083613],
              [68.751686, 23.088661],
              [68.749858, 23.08801],
              [68.758589, 23.080345],
              [68.783734, 23.073495],
              [68.811799, 23.05878],
              [68.811949, 23.060979],
              [68.803243, 23.064872],
              [68.807679, 23.06277],
              [68.809069, 23.064486],
              [68.808792, 23.062003],
              [68.81174, 23.061399],
              [68.812571, 23.068149],
              [68.809718, 23.074297],
              [68.815153, 23.077031],
              [68.816037, 23.062791],
              [68.820749, 23.06822],
              [68.817931, 23.061903],
              [68.818932, 23.059867],
              [68.821571, 23.061335],
              [68.821212, 23.057235],
              [68.823789, 23.055412],
              [68.823368, 23.056983],
              [68.827013, 23.057526],
              [68.824576, 23.062401],
              [68.829433, 23.057179],
              [68.831936, 23.058132],
              [68.834768, 23.050553],
              [68.836645, 23.05319],
              [68.834421, 23.052778],
              [68.834195, 23.056611],
              [68.837645, 23.055168],
              [68.838698, 23.058495],
              [68.841786, 23.058577],
              [68.837119, 23.052097],
              [68.839076, 23.050256],
              [68.84351, 23.053823],
              [68.843208, 23.050112],
              [68.847019, 23.048438],
              [68.839057, 23.047316],
              [68.840974, 23.048865],
              [68.835939, 23.050697],
              [68.83672, 23.046368],
              [68.842072, 23.046658],
              [68.839907, 23.044468],
              [68.854226, 23.037386],
              [68.855924, 23.038434],
              [68.855768, 23.035296],
              [68.862457, 23.031806],
              [68.868979, 23.034335],
              [68.868618, 23.032186],
              [68.871691, 23.032994],
              [68.870281, 23.02722],
              [68.864525, 23.030226],
              [68.867057, 23.031707],
              [68.862174, 23.031454],
              [68.820021, 23.056481],
              [68.812956, 23.057928],
              [68.868433, 23.027233],
              [68.874579, 23.021138],
              [68.917827, 22.996164],
              [68.917812, 22.994096],
              [68.925478, 22.993561],
              [68.940555, 22.980367],
              [69.043767, 22.929944],
              [69.099893, 22.896113],
              [69.131242, 22.872293],
              [69.150077, 22.866205],
              [69.174935, 22.851435],
              [69.177342, 22.851736],
              [69.167596, 22.859695],
              [69.172376, 22.860253],
              [69.174191, 22.856424],
              [69.177431, 22.855646],
              [69.181183, 22.857767],
              [69.18671, 22.852004],
              [69.194183, 22.851856],
              [69.191881, 22.846254],
              [69.19627, 22.845458],
              [69.193789, 22.843788],
              [69.195832, 22.838026],
              [69.198862, 22.837826],
              [69.203229, 22.841657],
              [69.201278, 22.837468],
              [69.227562, 22.837326],
              [69.234497, 22.833507],
              [69.267909, 22.825196],
              [69.285818, 22.827555],
              [69.301689, 22.833396],
              [69.313974, 22.833266],
              [69.335452, 22.827967],
              [69.347762, 22.820746],
              [69.358039, 22.821686],
              [69.379878, 22.816738],
              [69.381218, 22.818775],
              [69.381047, 22.817027],
              [69.384486, 22.817325],
              [69.381447, 22.815817],
              [69.397455, 22.811106],
              [69.409653, 22.804016],
              [69.443692, 22.780088],
              [69.43423, 22.78802],
              [69.43811, 22.78708],
              [69.445308, 22.779771],
              [69.471758, 22.773748],
              [69.494701, 22.779868],
              [69.469978, 22.776449],
              [69.469235, 22.778819],
              [69.459708, 22.782807],
              [69.457899, 22.786687],
              [69.451107, 22.786591],
              [69.439498, 22.79703],
              [69.438221, 22.795699],
              [69.43683, 22.799049],
              [69.43367, 22.798997],
              [69.436158, 22.799456],
              [69.432653, 22.800189],
              [69.433929, 22.801317],
              [69.430841, 22.801278],
              [69.432113, 22.803178],
              [69.418635, 22.808126],
              [69.416834, 22.810868],
              [69.418622, 22.812849],
              [69.421942, 22.809047],
              [69.424534, 22.813087],
              [69.42707, 22.809569],
              [69.434813, 22.808198],
              [69.444268, 22.810898],
              [69.447987, 22.808206],
              [69.449119, 22.811808],
              [69.45202, 22.808317],
              [69.457337, 22.814278],
              [69.45765, 22.808616],
              [69.45864, 22.811027],
              [69.463515, 22.803958],
              [69.467878, 22.803296],
              [69.465865, 22.800706],
              [69.467919, 22.798339],
              [69.477345, 22.79552],
              [69.483216, 22.799047],
              [69.482846, 22.805689],
              [69.487443, 22.799807],
              [69.492906, 22.799538],
              [69.494283, 22.796908],
              [69.504673, 22.798957],
              [69.505341, 22.808895],
              [69.508685, 22.805412],
              [69.51314, 22.806869],
              [69.518524, 22.802868],
              [69.524202, 22.803969],
              [69.527023, 22.801853],
              [69.527158, 22.80351],
              [69.530823, 22.799882],
              [69.530519, 22.802189],
              [69.533369, 22.801834],
              [69.530425, 22.805648],
              [69.534392, 22.808585],
              [69.537005, 22.804057],
              [69.541036, 22.807256],
              [69.546641, 22.806808],
              [69.546173, 22.808898],
              [69.556873, 22.807322],
              [69.557271, 22.810709],
              [69.561172, 22.8096],
              [69.564858, 22.813556],
              [69.567269, 22.812031],
              [69.569371, 22.815865],
              [69.571005, 22.80963],
              [69.575963, 22.810386],
              [69.577978, 22.812929],
              [69.575619, 22.817727],
              [69.578231, 22.815389],
              [69.581747, 22.81674],
              [69.581222, 22.813968],
              [69.584042, 22.812384],
              [69.587748, 22.815491],
              [69.588538, 22.811699],
              [69.591634, 22.814377],
              [69.597426, 22.810129],
              [69.598848, 22.811944],
              [69.60049, 22.805325],
              [69.605911, 22.802951],
              [69.618276, 22.812253],
              [69.62523, 22.808506],
              [69.627807, 22.810276],
              [69.631187, 22.808867],
              [69.634279, 22.811761],
              [69.636417, 22.805593],
              [69.64023, 22.804441],
              [69.645939, 22.810003],
              [69.647905, 22.805939],
              [69.645962, 22.804012],
              [69.647037, 22.796657],
              [69.651254, 22.795762],
              [69.664544, 22.799014],
              [69.666122, 22.797461],
              [69.671645, 22.800399],
              [69.682904, 22.800052],
              [69.689521, 22.806749],
              [69.691506, 22.803818],
              [69.706044, 22.804647],
              [69.707992, 22.80586],
              [69.705603, 22.809189],
              [69.70926, 22.807684],
              [69.709032, 22.809774],
              [69.71079, 22.808626],
              [69.712121, 22.810816],
              [69.713165, 22.806002],
              [69.716893, 22.809698],
              [69.719902, 22.808892],
              [69.720054, 22.81112],
              [69.722138, 22.809889],
              [69.724884, 22.815346],
              [69.731976, 22.816447],
              [69.729388, 22.820661],
              [69.734344, 22.816883],
              [69.741618, 22.820269],
              [69.747972, 22.818526],
              [69.768607, 22.826403],
              [69.800663, 22.85106],
              [69.812346, 22.849968],
              [69.835523, 22.859768],
              [69.831693, 22.860236],
              [69.837481, 22.86017],
              [69.839254, 22.862843],
              [69.856266, 22.86872],
              [69.879444, 22.87134],
              [69.877646, 22.874162],
              [69.887795, 22.871105],
              [69.887171, 22.875534],
              [69.890652, 22.875533],
              [69.894432, 22.870833],
              [69.897813, 22.873221],
              [69.898744, 22.871261],
              [69.910264, 22.878564],
              [69.913671, 22.882934],
              [69.911943, 22.886506],
              [69.91816, 22.886012],
              [69.919302, 22.890071],
              [69.923634, 22.889735],
              [69.930663, 22.894262],
              [69.927048, 22.896028],
              [69.932271, 22.894749],
              [69.932145, 22.897006],
              [69.937044, 22.89835],
              [69.958701, 22.898624],
              [69.962241, 22.893588],
              [69.959033, 22.899278],
              [69.982116, 22.902854],
              [69.984758, 22.914578],
              [69.995944, 22.913999],
              [70.016752, 22.920243],
              [70.018977, 22.92359],
              [70.027296, 22.926957],
              [70.024209, 22.92905],
              [70.027215, 22.932037],
              [70.026252, 22.939705],
              [70.036546, 22.95269],
              [70.046023, 22.951229],
              [70.058406, 22.957929],
              [70.059519, 22.963616],
              [70.083716, 22.968012],
              [70.083855, 22.973408],
              [70.080531, 22.975711],
              [70.090069, 22.974195],
              [70.097184, 22.975803],
              [70.1181, 22.99127],
              [70.118216, 22.996828],
              [70.122089, 22.996589],
              [70.125249, 23.004829],
              [70.132965, 23.011019],
              [70.134985, 23.021376],
              [70.138434, 23.021227],
              [70.139025, 23.026437],
              [70.147216, 23.032685],
              [70.150123, 23.031244],
              [70.148207, 23.034816],
              [70.158143, 23.032303],
              [70.147955, 23.020418],
              [70.142208, 23.008928],
              [70.133789, 23.001569],
              [70.128965, 22.990448],
              [70.133636, 22.98577],
              [70.133407, 22.981111],
              [70.121177, 22.968948],
              [70.121119, 22.962632],
              [70.133547, 22.958753],
              [70.164393, 22.938282],
              [70.180382, 22.93755],
              [70.207416, 22.943732],
              [70.226406, 22.951821],
              [70.230743, 22.955159],
              [70.228616, 22.959992],
              [70.230254, 22.97266],
              [70.225515, 22.986578],
              [70.223964, 23.005565],
              [70.220824, 23.013437],
              [70.222141, 23.015381],
              [70.220176, 23.015216],
              [70.222284, 23.035455],
              [70.217988, 23.052574],
              [70.219218, 23.060813],
              [70.217835, 23.064272],
              [70.213638, 23.063231],
              [70.216465, 23.065912],
              [70.210816, 23.074633],
              [70.188617, 23.072814],
              [70.186141, 23.068342],
              [70.169952, 23.057412],
              [70.171521, 23.050924],
              [70.1696, 23.042843],
              [70.162594, 23.040605],
              [70.159872, 23.035024],
              [70.149295, 23.036996],
              [70.150837, 23.039574],
              [70.153256, 23.038214],
              [70.164725, 23.053843],
              [70.168163, 23.063242],
              [70.164944, 23.06741],
              [70.167767, 23.064388],
              [70.17953, 23.070918],
              [70.180631, 23.076873],
              [70.183634, 23.079681],
              [70.173882, 23.077403],
              [70.201557, 23.114306],
              [70.2073, 23.125617],
              [70.20839, 23.135915],
              [70.212806, 23.139854],
              [70.208766, 23.160354],
              [70.218307, 23.166263],
              [70.238536, 23.164881],
              [70.239675, 23.166984],
              [70.236185, 23.168152],
              [70.236187, 23.170301],
              [70.246198, 23.176353],
              [70.245109, 23.173107],
              [70.249762, 23.172779],
              [70.246464, 23.176471],
              [70.249681, 23.177894],
              [70.267574, 23.178462],
              [70.268763, 23.182472],
              [70.283701, 23.198252],
              [70.29153, 23.1991],
              [70.29331, 23.211097],
              [70.29665, 23.21374],
              [70.29567, 23.218959],
              [70.303449, 23.223906],
              [70.311775, 23.219417],
              [70.323856, 23.218117],
              [70.322814, 23.221719],
              [70.327673, 23.226267],
              [70.341622, 23.21986],
              [70.366359, 23.219858],
              [70.36399, 23.222449],
              [70.365509, 23.224978],
              [70.369398, 23.224919],
              [70.369891, 23.227506],
              [70.378011, 23.231637],
              [70.385666, 23.233389],
              [70.388705, 23.230856],
              [70.395148, 23.230968],
              [70.403015, 23.235396],
              [70.424761, 23.237255],
              [70.436309, 23.233377],
              [70.432233, 23.229897],
              [70.431682, 23.222728],
              [70.428031, 23.217546],
              [70.451471, 23.204471],
              [70.475714, 23.19968],
              [70.488791, 23.191431],
              [70.491644, 23.186088],
              [70.501243, 23.178119],
              [70.578963, 23.177709],
              [70.617908, 23.181828],
              [70.638307, 23.186618],
              [70.649023, 23.192039],
              [70.644375, 23.201168],
              [70.644635, 23.208216],
              [70.652066, 23.216906],
              [70.650803, 23.223895],
              [70.656195, 23.221307],
              [70.662233, 23.222344],
              [70.665263, 23.224095],
              [70.665322, 23.227106],
              [70.667244, 23.219566],
              [70.675481, 23.222087],
              [70.678172, 23.219856],
              [70.677151, 23.218434],
              [70.681562, 23.217787],
              [70.680471, 23.214487],
              [70.68775, 23.215455],
              [70.68496, 23.213668],
              [70.68769, 23.212539],
              [70.683112, 23.212315],
              [70.686911, 23.209315],
              [70.698548, 23.211717],
              [70.700498, 23.214416],
              [70.711846, 23.215647],
              [70.713174, 23.209955],
              [70.715874, 23.212687],
              [70.719196, 23.212365],
              [70.724613, 23.205815],
              [70.728003, 23.205858],
              [70.730886, 23.207838],
              [70.724233, 23.214208],
              [70.723913, 23.217658],
              [70.732463, 23.219395],
              [70.732915, 23.222356],
              [70.733144, 23.220776],
              [70.737053, 23.222737],
              [70.744521, 23.220876],
              [70.749631, 23.235071],
              [70.767679, 23.246105],
              [70.782808, 23.249514],
              [70.801657, 23.234683],
              [70.812246, 23.230074],
              [70.823212, 23.234764],
              [70.831005, 23.248451],
              [70.834161, 23.24981],
              [70.870679, 23.229806],
              [70.893127, 23.224703],
              [70.860198, 23.208468],
              [70.86094, 23.205836],
              [70.873288, 23.203994],
              [70.871149, 23.200225],
              [70.861327, 23.197786],
              [70.860306, 23.195158],
              [70.86292, 23.192359],
              [70.874216, 23.191746],
              [70.885366, 23.183768],
              [70.890566, 23.18267],
              [70.92023, 23.198606],
              [70.953124, 23.197017],
              [70.959316, 23.194567],
              [70.901572, 23.170758],
              [70.865299, 23.171469],
              [70.848638, 23.169309],
              [70.847868, 23.162501],
              [70.843972, 23.160098],
              [70.847542, 23.15814],
              [70.844779, 23.154699],
              [70.8466, 23.152401],
              [70.836449, 23.154078],
              [70.834833, 23.155541],
              [70.836263, 23.15825],
              [70.833372, 23.15922],
              [70.825571, 23.155051],
              [70.825762, 23.151109],
              [70.833, 23.14577],
              [70.840404, 23.145123],
              [70.827281, 23.149692],
              [70.825791, 23.153312],
              [70.830101, 23.15786],
              [70.83437, 23.151382],
              [70.849008, 23.148302],
              [70.864047, 23.139802],
              [70.874865, 23.137554],
              [70.876686, 23.131391],
              [70.873318, 23.126145],
              [70.875114, 23.121693],
              [70.881357, 23.124131],
              [70.881016, 23.135061],
              [70.887446, 23.135702],
              [70.890272, 23.131363],
              [70.895134, 23.133191],
              [70.897463, 23.131493],
              [70.905094, 23.135072],
              [70.900842, 23.13719],
              [70.900145, 23.143579],
              [70.893002, 23.139422],
              [70.890127, 23.140632],
              [70.889776, 23.145892],
              [70.892325, 23.149391],
              [70.890573, 23.158028],
              [70.893894, 23.16252],
              [70.914383, 23.164051],
              [70.937967, 23.1617],
              [70.943989, 23.155661],
              [70.944806, 23.150161],
              [70.930178, 23.137851],
              [70.939978, 23.141581],
              [70.945977, 23.140129],
              [70.947908, 23.13578],
              [70.946437, 23.132489],
              [70.949976, 23.13149],
              [70.951877, 23.134663],
              [70.954386, 23.133822],
              [70.954397, 23.136161],
              [70.958678, 23.135869],
              [70.953316, 23.141732],
              [70.961354, 23.136861],
              [70.969762, 23.138951],
              [70.965945, 23.139432],
              [70.964404, 23.142521],
              [70.956558, 23.141902],
              [70.953508, 23.144712],
              [70.953504, 23.146329],
              [70.960085, 23.144898],
              [70.955387, 23.150558],
              [70.952545, 23.15069],
              [70.950678, 23.164087],
              [70.953338, 23.170357],
              [70.964347, 23.174378],
              [70.964355, 23.17143],
              [70.960114, 23.167369],
              [70.964756, 23.165429],
              [70.962725, 23.15804],
              [70.964915, 23.155081],
              [70.968913, 23.159598],
              [70.980705, 23.159699],
              [70.985222, 23.16687],
              [70.983825, 23.171697],
              [71.001506, 23.169226],
              [71.008917, 23.171733],
              [71.00137, 23.174211],
              [71.006652, 23.176477],
              [71.03107, 23.167251],
              [71.041505, 23.16774],
              [71.058842, 23.173234],
              [71.065487, 23.177187],
              [71.066183, 23.181995],
              [71.081416, 23.193897],
              [71.088908, 23.19351],
              [71.084844, 23.196679],
              [71.098145, 23.211305],
              [71.107958, 23.217455],
              [71.109755, 23.222286],
              [71.111338, 23.216918],
              [71.124483, 23.209785],
              [71.122212, 23.205736],
              [71.126823, 23.208119],
              [71.126559, 23.210074],
              [71.13036, 23.210025],
              [71.146199, 23.203188],
              [71.144983, 23.201526],
              [71.147361, 23.199183],
              [71.148734, 23.202501],
              [71.151425, 23.202844],
              [71.161409, 23.186417],
              [71.163306, 23.177337],
              [71.176325, 23.189139],
              [71.178224, 23.18587],
              [71.182761, 23.185819],
              [71.18376, 23.181913],
              [71.187249, 23.186891],
              [71.206455, 23.182648],
              [71.211716, 23.177218],
              [71.216717, 23.164379],
              [71.223624, 23.161689],
              [71.224306, 23.159002],
              [71.215043, 23.143391],
              [71.208768, 23.141295],
              [71.208395, 23.137977],
              [71.218894, 23.142752],
              [71.222149, 23.146994],
              [71.234594, 23.141568],
              [71.237505, 23.148103],
              [71.233492, 23.14923],
              [71.236924, 23.148934],
              [71.235764, 23.151084],
              [71.2384, 23.150477],
              [71.240622, 23.155889],
              [71.241091, 23.150963],
              [71.247317, 23.151834],
              [71.246576, 23.147983],
              [71.25, 23.152804],
              [71.268738, 23.155914],
              [71.2859, 23.149875],
              [71.283766, 23.15786],
              [71.277698, 23.162417],
              [71.279726, 23.167583],
              [71.284075, 23.16954],
              [71.284459, 23.165193],
              [71.287126, 23.163903],
              [71.291206, 23.175341],
              [71.296343, 23.175579],
              [71.300492, 23.179897],
              [71.299577, 23.172853],
              [71.302558, 23.168773],
              [71.304649, 23.166661],
              [71.312081, 23.166339],
              [71.311561, 23.171626],
              [71.315493, 23.182395],
              [71.319774, 23.186185],
              [71.325517, 23.17336],
              [71.333321, 23.171515],
              [71.332025, 23.161239],
              [71.340677, 23.162596],
              [71.341594, 23.167644],
              [71.346384, 23.168823],
              [71.349992, 23.174508],
              [71.36055, 23.173042],
              [71.365307, 23.159389],
              [71.389183, 23.153754],
              [71.386741, 23.146919],
              [71.390139, 23.14583],
              [71.39032, 23.148706],
              [71.396214, 23.153171],
              [71.424841, 23.141773],
              [71.429598, 23.147234],
              [71.433649, 23.145088],
              [71.444742, 23.146203],
              [71.45004, 23.138548],
              [71.450423, 23.132855],
              [71.452811, 23.134032],
              [71.453809, 23.139011],
              [71.467157, 23.139672],
              [71.475467, 23.146566],
              [71.488462, 23.14983],
              [71.500491, 23.149752],
              [71.500189, 23.152097],
              [71.503289, 23.149927],
              [71.506688, 23.155446],
              [71.512578, 23.150597],
              [71.512308, 23.154587],
              [71.515607, 23.158496],
              [71.520687, 23.153457],
              [71.522536, 23.156256],
              [71.538854, 23.155106],
              [71.546623, 23.149647],
              [71.550713, 23.140287],
              [71.555622, 23.140577],
              [71.554442, 23.143777],
              [71.557262, 23.139547],
              [71.561412, 23.141217],
              [71.561651, 23.138607],
              [71.564471, 23.139067],
              [71.566261, 23.142887],
              [71.569351, 23.142097],
              [71.567621, 23.137268],
              [71.57263, 23.137697],
              [71.57062, 23.134928],
              [71.57373, 23.132978],
              [71.583799, 23.132118],
              [71.589858, 23.135628],
              [71.594187, 23.132458],
              [71.595127, 23.137147],
              [71.601307, 23.143877],
              [71.605906, 23.134907],
              [71.610525, 23.144727],
              [71.612955, 23.139667],
              [71.618664, 23.142537],
              [71.640652, 23.144277],
              [71.65511, 23.142147],
              [71.65821, 23.138587],
              [71.659369, 23.141267],
              [71.661949, 23.138457],
              [71.669568, 23.143116],
              [71.670908, 23.141707],
              [71.668268, 23.139007],
              [71.672338, 23.134677],
              [71.682706, 23.132747],
              [71.685326, 23.129057],
              [71.689326, 23.131167],
              [71.689956, 23.124658],
              [71.708313, 23.115648],
              [71.710313, 23.09529],
              [71.719832, 23.09077],
              [71.725121, 23.0991],
              [71.722411, 23.103559],
              [71.726501, 23.104199],
              [71.727561, 23.111749],
              [71.73466, 23.116058],
              [71.73595, 23.119468],
              [71.745569, 23.121958],
              [71.748518, 23.119508],
              [71.749504, 23.122117],
              [71.757998, 23.116186],
              [71.76118, 23.117159],
              [71.759313, 23.124951],
              [71.744883, 23.135938],
              [71.759328, 23.142649],
              [71.76241, 23.157744],
              [71.750151, 23.167677],
              [71.750615, 23.175517],
              [71.748469, 23.178103],
              [71.741999, 23.179543],
              [71.73988, 23.176973],
              [71.732341, 23.177103],
              [71.730411, 23.170534],
              [71.723932, 23.165204],
              [71.708354, 23.168724],
              [71.702794, 23.172594],
              [71.700135, 23.175334],
              [71.706364, 23.185123],
              [71.713223, 23.193972],
              [71.720622, 23.198652],
              [71.708994, 23.200892],
              [71.689256, 23.181933],
              [71.682957, 23.184533],
              [71.676778, 23.202062],
              [71.665079, 23.207231],
              [71.65753, 23.207591],
              [71.665629, 23.217331],
              [71.666219, 23.22358],
              [71.670649, 23.22644],
              [71.667379, 23.22941],
              [71.653571, 23.23238],
              [71.651971, 23.234549],
              [71.653641, 23.236839],
              [71.66185, 23.241329],
              [71.688007, 23.240499],
              [71.696206, 23.243758],
              [71.697146, 23.248218],
              [71.694926, 23.252738],
              [71.686717, 23.249358],
              [71.677821, 23.257992],
              [71.666534, 23.257135],
              [71.65963, 23.260134],
              [71.66349, 23.266782],
              [71.660263, 23.27447],
              [71.669736, 23.274394],
              [71.672215, 23.272449],
              [71.675818, 23.274846],
              [71.676784, 23.278593],
              [71.674543, 23.283483],
              [71.677408, 23.288665],
              [71.674569, 23.293195],
              [71.672719, 23.293395],
              [71.674059, 23.290185],
              [71.671309, 23.288135],
              [71.65976, 23.288675],
              [71.65918, 23.290505],
              [71.646692, 23.278786],
              [71.641433, 23.281006],
              [71.639693, 23.286415],
              [71.639193, 23.283736],
              [71.635563, 23.284795],
              [71.635903, 23.290035],
              [71.633824, 23.288935],
              [71.632134, 23.292015],
              [71.629054, 23.291515],
              [71.628734, 23.293595],
              [71.643802, 23.305214],
              [71.645782, 23.311953],
              [71.651442, 23.318483],
              [71.646892, 23.331382],
              [71.641383, 23.338291],
              [71.629415, 23.34874],
              [71.621965, 23.34925],
              [71.616046, 23.35455],
              [71.603398, 23.35141],
              [71.594889, 23.35517],
              [71.58713, 23.35552],
              [71.58361, 23.36311],
              [71.561563, 23.352351],
              [71.561823, 23.35777],
              [71.566752, 23.36183],
              [71.58571, 23.365069],
              [71.591119, 23.371279],
              [71.600768, 23.375148],
              [71.599478, 23.378048],
              [71.594379, 23.377738],
              [71.58454, 23.371939],
              [71.58344, 23.369009],
              [71.581901, 23.370889],
              [71.566532, 23.369039],
              [71.563783, 23.372899],
              [71.569602, 23.381658],
              [71.572152, 23.390537],
              [71.58924, 23.397187],
              [71.580981, 23.400267],
              [71.581771, 23.405616],
              [71.602848, 23.423705],
              [71.601269, 23.425045],
              [71.594079, 23.421445],
              [71.59273, 23.423125],
              [71.576012, 23.412426],
              [71.570012, 23.411626],
              [71.568113, 23.419175],
              [71.560114, 23.431184],
              [71.561244, 23.440414],
              [71.554144, 23.442813],
              [71.547885, 23.455892],
              [71.542566, 23.459292],
              [71.532147, 23.461042],
              [71.533746, 23.478909],
              [71.520099, 23.468512],
              [71.518219, 23.462292],
              [71.50801, 23.456263],
              [71.506151, 23.466862],
              [71.507521, 23.48739],
              [71.519382, 23.500007],
              [71.520295, 23.527814],
              [71.511906, 23.523448],
              [71.508019, 23.5174],
              [71.508112, 23.511558],
              [71.494902, 23.500283],
              [71.477382, 23.493817],
              [71.453475, 23.471254],
              [71.445223, 23.469348],
              [71.448153, 23.536004],
              [71.473459, 23.556152],
              [71.452384, 23.561446],
              [71.422172, 23.563635],
              [71.418568, 23.567324],
              [71.416672, 23.578598],
              [71.426772, 23.603285],
              [71.423301, 23.609634],
              [71.425077, 23.628825],
              [71.414717, 23.623],
              [71.393836, 23.60281],
              [71.383476, 23.634463],
              [71.375381, 23.643497],
              [71.375543, 23.649722],
              [71.361419, 23.651839],
              [71.351053, 23.656375],
              [71.333603, 23.648814],
              [71.304332, 23.64572],
              [71.262664, 23.64943],
              [71.242846, 23.655755],
              [71.221845, 23.656388],
              [71.220638, 23.666894],
              [71.213303, 23.678523],
              [71.223923, 23.687939],
              [71.223776, 23.694101],
              [71.217999, 23.698976],
              [71.225198, 23.713919],
              [71.217265, 23.721662],
              [71.217727, 23.729467],
              [71.206939, 23.738688],
              [71.195817, 23.738517],
              [71.190106, 23.734032],
              [71.189618, 23.739224],
              [71.183833, 23.74203],
              [71.182027, 23.740203],
              [71.174687, 23.744345],
              [71.173009, 23.741926],
              [71.177496, 23.728913],
              [71.144273, 23.730041],
              [71.147848, 23.726989],
              [71.144575, 23.716958],
              [71.151995, 23.719972],
              [71.150469, 23.715521],
              [71.152067, 23.712997],
              [71.157926, 23.712504],
              [71.162229, 23.721514],
              [71.171361, 23.71376],
              [71.179654, 23.717297],
              [71.180801, 23.715937],
              [71.157348, 23.69469],
              [71.148889, 23.683563],
              [71.149231, 23.680195],
              [71.143299, 23.674205],
              [71.149534, 23.673748],
              [71.149572, 23.668236],
              [71.136642, 23.664048],
              [71.131048, 23.651895],
              [71.131656, 23.643164],
              [71.136713, 23.644071],
              [71.138957, 23.637457],
              [71.139569, 23.631741],
              [71.13554, 23.62785],
              [71.12039, 23.624659],
              [71.096652, 23.614779],
              [71.094026, 23.615022],
              [71.094861, 23.624796],
              [71.089423, 23.624551],
              [71.08574, 23.617503],
              [71.090714, 23.612665],
              [71.092705, 23.606737],
              [71.084843, 23.603165],
              [71.086171, 23.602054],
              [71.080827, 23.598531],
              [71.074358, 23.606448],
              [71.066248, 23.609064],
              [71.068332, 23.616184],
              [71.063464, 23.623044],
              [71.052343, 23.62034],
              [71.046941, 23.625096],
              [71.03653, 23.645505],
              [71.034573, 23.661757],
              [71.039232, 23.680888],
              [71.047751, 23.681276],
              [71.053764, 23.684574],
              [71.068719, 23.686652],
              [71.069518, 23.688567],
              [71.066883, 23.693509],
              [71.068077, 23.697893],
              [71.061597, 23.705602],
              [71.057089, 23.720859],
              [71.059075, 23.730471],
              [71.057125, 23.73745],
              [71.068141, 23.732186],
              [71.068775, 23.729708],
              [71.072806, 23.730368],
              [71.064856, 23.74167],
              [71.053747, 23.743791],
              [71.058655, 23.755321],
              [71.054518, 23.760195],
              [71.056482, 23.767202],
              [71.053905, 23.769431],
              [71.057065, 23.776859],
              [71.054302, 23.77958],
              [71.055947, 23.786791],
              [71.054719, 23.788993],
              [71.044494, 23.790528],
              [71.043116, 23.804612],
              [71.046597, 23.809533],
              [71.053884, 23.809096],
              [71.061207, 23.805469],
              [71.065392, 23.815899],
              [71.069322, 23.817056],
              [71.069669, 23.819923],
              [71.063378, 23.821325],
              [71.063474, 23.82504],
              [71.066364, 23.826464],
              [71.066777, 23.823945],
              [71.072117, 23.823333],
              [71.074308, 23.829857],
              [71.071987, 23.828511],
              [71.06989, 23.831453],
              [71.067599, 23.830396],
              [71.063753, 23.838426],
              [71.066577, 23.843312],
              [71.071122, 23.843927],
              [71.069467, 23.845412],
              [71.07976, 23.87498],
              [71.097442, 23.902003],
              [71.103452, 23.905923],
              [71.119258, 23.90531],
              [71.127906, 23.908091],
              [71.127464, 23.911152],
              [71.140251, 23.910361],
              [71.139804, 23.912465],
              [71.154434, 23.916692],
              [71.158, 23.920619],
              [71.165189, 23.918071],
              [71.176141, 23.920226],
              [71.177688, 23.930658],
              [71.18702, 23.922565],
              [71.193516, 23.920941],
              [71.199457, 23.926997],
              [71.218215, 23.936114],
              [71.233018, 23.930146],
              [71.238852, 23.918612],
              [71.25439, 23.921404],
              [71.247673, 23.928488],
              [71.253105, 23.933282],
              [71.260262, 23.932024],
              [71.265055, 23.92122],
              [71.273044, 23.922548],
              [71.275427, 23.927804],
              [71.270777, 23.933015],
              [71.274268, 23.934431],
              [71.279773, 23.928236],
              [71.299502, 23.927682],
              [71.297976, 23.934291],
              [71.301979, 23.933489],
              [71.288868, 23.94845],
              [71.301549, 23.955022],
              [71.297409, 23.96241],
              [71.298231, 23.967386],
              [71.304629, 23.975027],
              [71.314507, 23.978431],
              [71.319084, 23.983759],
              [71.309218, 23.99333],
              [71.29538, 23.987008],
              [71.285019, 23.991639],
              [71.291605, 24.019746],
              [71.300917, 24.031722],
              [71.319171, 24.046153],
              [71.321882, 24.05228],
              [71.308292, 24.056559],
              [71.304857, 24.06267],
              [71.315664, 24.071879],
              [71.311336, 24.074889],
              [71.317524, 24.07871],
              [71.313865, 24.08209],
              [71.316351, 24.096108],
              [71.322852, 24.09718],
              [71.336383, 24.104958],
              [71.333611, 24.116347],
              [71.331519, 24.119678],
              [71.328402, 24.116499],
              [71.324983, 24.119716],
              [71.312912, 24.120258],
              [71.310846, 24.122185],
              [71.301998, 24.121278],
              [71.304396, 24.125184],
              [71.302497, 24.125296],
              [71.301737, 24.129178],
              [71.293845, 24.133192],
              [71.282178, 24.13263],
              [71.28348, 24.13454],
              [71.279778, 24.138199],
              [71.27278, 24.1414],
              [71.271799, 24.144681],
              [71.285486, 24.14971],
              [71.267802, 24.159219],
              [71.257593, 24.158968],
              [71.267018, 24.167019],
              [71.268618, 24.172099],
              [71.271929, 24.172196],
              [71.269698, 24.175065],
              [71.272768, 24.176327],
              [71.282237, 24.174008],
              [71.287195, 24.168625],
              [71.295246, 24.166567],
              [71.298586, 24.161088],
              [71.302124, 24.159907],
              [71.305626, 24.160766],
              [71.309407, 24.166176],
              [71.324941, 24.164308],
              [71.328924, 24.171957],
              [71.330595, 24.164355],
              [71.333393, 24.166866],
              [71.337542, 24.163779],
              [71.34531, 24.168575],
              [71.342391, 24.175206],
              [71.343551, 24.177265],
              [71.345181, 24.174028],
              [71.349412, 24.175645],
              [71.354481, 24.172617],
              [71.358368, 24.173177],
              [71.3607, 24.177384],
              [71.356369, 24.181524],
              [71.360739, 24.185727],
              [71.359577, 24.187465],
              [71.348342, 24.187815],
              [71.338432, 24.185737],
              [71.333654, 24.182147],
              [71.325953, 24.182154],
              [71.325591, 24.190275],
              [71.329723, 24.195693],
              [71.317536, 24.197964],
              [71.311446, 24.203812],
              [71.308646, 24.202145],
              [71.302914, 24.207474],
              [71.300218, 24.214836],
              [71.310153, 24.219372],
              [71.309955, 24.222094],
              [71.302186, 24.225093],
              [71.298146, 24.222644],
              [71.292615, 24.226763],
              [71.290509, 24.225064],
              [71.288537, 24.229731],
              [71.279799, 24.236551],
              [71.285607, 24.238641],
              [71.285827, 24.240929],
              [71.2883, 24.238633],
              [71.289059, 24.24415],
              [71.292506, 24.24384],
              [71.29177, 24.248151],
              [71.285546, 24.248612],
              [71.285398, 24.242053],
              [71.282788, 24.250069],
              [71.277106, 24.250422],
              [71.274245, 24.257769],
              [71.277022, 24.263391],
              [71.283796, 24.265829],
              [71.289262, 24.258289],
              [71.302733, 24.259749],
              [71.297194, 24.266139],
              [71.301363, 24.27],
              [71.299894, 24.272821],
              [71.305001, 24.271428],
              [71.30097, 24.277588],
              [71.30316, 24.278858],
              [71.300652, 24.281678],
              [71.303282, 24.282],
              [71.299833, 24.284237],
              [71.301821, 24.286707],
              [71.298033, 24.289419],
              [71.294593, 24.300987],
              [71.296133, 24.303895],
              [71.299502, 24.303048],
              [71.303652, 24.306526],
              [71.30311, 24.308444],
              [71.306562, 24.308626],
              [71.307413, 24.311795],
              [71.310413, 24.311806],
              [71.314152, 24.322072],
              [71.316681, 24.317036],
              [71.321178, 24.319394],
              [71.319831, 24.323673],
              [71.325527, 24.321946],
              [71.325368, 24.323783],
              [71.332526, 24.323455],
              [71.342235, 24.328053],
              [71.348068, 24.326375],
              [71.353516, 24.330204],
              [71.362325, 24.329442],
              [71.363365, 24.333144],
              [71.366636, 24.331663],
              [71.371494, 24.335383],
              [71.374804, 24.333893],
              [71.381954, 24.347991],
              [71.371114, 24.350812],
              [71.375874, 24.353422],
              [71.384024, 24.350722],
              [71.380791, 24.353182],
              [71.383102, 24.35376],
              [71.380821, 24.359899],
              [71.372454, 24.370562],
              [71.373553, 24.378529],
              [71.367195, 24.37587],
              [71.366066, 24.382181],
              [71.362015, 24.384081],
              [71.366115, 24.38795],
              [71.366105, 24.39153],
              [71.346055, 24.386779],
              [71.347355, 24.39253],
              [71.339375, 24.391219],
              [71.334667, 24.393611],
              [71.322961, 24.394221],
              [71.31898, 24.402277],
              [71.32424, 24.413596],
              [71.333269, 24.419607],
              [71.337729, 24.425716],
              [71.34301, 24.425415],
              [71.343787, 24.431947],
              [71.33615, 24.430424],
              [71.320499, 24.445523],
              [71.322459, 24.452634],
              [71.33115, 24.460852],
              [71.337637, 24.455942],
              [71.349216, 24.457583],
              [71.344386, 24.466191],
              [71.33387, 24.470174],
              [71.342317, 24.475413],
              [71.336387, 24.479361],
              [71.335279, 24.475772],
              [71.331351, 24.47936],
              [71.33398, 24.479821],
              [71.339037, 24.493522],
              [71.345318, 24.500001],
              [71.348469, 24.517611],
              [71.292365, 24.519148],
              [71.269089, 24.509839],
              [71.258647, 24.506731],
              [71.256757, 24.508142],
              [71.260227, 24.533378],
              [71.266389, 24.534308],
              [71.278386, 24.545647],
              [71.275766, 24.545049],
              [71.278874, 24.547055],
              [71.280716, 24.552658],
              [71.289395, 24.555828],
              [71.286036, 24.559306],
              [71.297266, 24.564327],
              [71.299114, 24.577424],
              [71.301056, 24.574833],
              [71.301266, 24.577975]
            ],
            [
              [71.135008, 24.252584],
              [71.128825, 24.269295],
              [71.133291, 24.274583],
              [71.142239, 24.273693],
              [71.152335, 24.266671],
              [71.172836, 24.258736],
              [71.178377, 24.253688],
              [71.207618, 24.245241],
              [71.212635, 24.234085],
              [71.211487, 24.227987],
              [71.204858, 24.218147],
              [71.187452, 24.211519],
              [71.1619, 24.228318],
              [71.159878, 24.235656],
              [71.135008, 24.252584]
            ],
            [
              [71.224569, 24.218396],
              [71.235047, 24.20993],
              [71.241977, 24.213053],
              [71.240608, 24.206266],
              [71.234845, 24.202839],
              [71.21628, 24.204472],
              [71.224569, 24.218396]
            ]
          ]
        ]
      },
      "properties": {
        "dtname": "Kachchh",
        "stname": "Gujarat",
        "stcode11": "24",
        "dtcode11": "468",
        "dist_lgd": 449,
        "state_lgd": 24
      }
    },
    {
      "type": "Feature",
      "geometry": {
        "type": "MultiPolygon",
        "coordinates": [
          [
            [
              [72.35925, 21.59189],
              [72.361158, 21.595695],
              [72.350312, 21.608432],
              [72.349093, 21.605922],
              [72.354383, 21.593639],
              [72.35925, 21.59189]
            ]
          ],
          [
            [
              [71.931785, 22.125019],
              [71.921028, 22.13032],
              [71.91522, 22.108069],
              [71.904336, 22.105809],
              [71.904544, 22.1038],
              [71.893216, 22.105099],
              [71.891856, 22.08535],
              [71.885719, 22.084241],
              [71.882957, 22.08091],
              [71.873572, 22.081372],
              [71.86988, 22.069806],
              [71.86239, 22.062709],
              [71.863341, 22.057732],
              [71.847414, 22.061693],
              [71.840167, 22.060269],
              [71.839721, 22.066658],
              [71.831611, 22.062347],
              [71.829227, 22.057269],
              [71.831217, 22.053257],
              [71.840574, 22.053967],
              [71.840975, 22.049748],
              [71.850308, 22.045412],
              [71.855537, 22.048076],
              [71.85709, 22.052757],
              [71.864039, 22.04465],
              [71.867048, 22.045459],
              [71.867981, 22.036751],
              [71.872191, 22.035548],
              [71.874253, 22.027723],
              [71.878188, 22.02397],
              [71.873432, 22.023341],
              [71.870648, 22.016337],
              [71.868325, 22.016408],
              [71.867551, 22.009574],
              [71.829696, 22.014273],
              [71.829675, 22.018016],
              [71.816868, 22.018222],
              [71.805018, 22.022287],
              [71.793842, 22.021879],
              [71.793255, 22.009412],
              [71.788939, 22.007718],
              [71.78201, 22.007873],
              [71.776864, 22.011733],
              [71.76044, 22.006396],
              [71.756029, 22.013054],
              [71.734948, 22.01049],
              [71.735622, 21.998246],
              [71.723874, 21.994436],
              [71.721624, 21.988827],
              [71.711265, 21.980597],
              [71.713385, 21.972888],
              [71.708466, 21.969838],
              [71.700207, 21.9526],
              [71.694197, 21.95121],
              [71.691038, 21.94347],
              [71.689328, 21.94571],
              [71.675969, 21.94383],
              [71.675369, 21.931041],
              [71.687898, 21.910223],
              [71.690467, 21.909443],
              [71.690107, 21.901884],
              [71.685118, 21.898984],
              [71.681538, 21.892554],
              [71.683848, 21.870396],
              [71.674979, 21.868856],
              [71.671639, 21.865947],
              [71.66355, 21.865737],
              [71.66624, 21.854977],
              [71.66446, 21.846458],
              [71.648362, 21.840689],
              [71.641113, 21.833489],
              [71.617096, 21.833789],
              [71.617456, 21.818921],
              [71.606057, 21.816611],
              [71.604637, 21.812441],
              [71.601698, 21.812391],
              [71.599578, 21.800882],
              [71.599088, 21.781204],
              [71.609837, 21.779424],
              [71.612596, 21.776944],
              [71.634993, 21.775314],
              [71.635433, 21.768954],
              [71.630244, 21.760765],
              [71.632464, 21.752596],
              [71.620035, 21.752196],
              [71.618598, 21.747323],
              [71.611938, 21.744848],
              [71.612668, 21.737682],
              [71.617096, 21.731049],
              [71.630976, 21.729008],
              [71.630792, 21.726447],
              [71.633716, 21.724961],
              [71.639102, 21.703081],
              [71.621953, 21.702185],
              [71.613952, 21.69104],
              [71.611985, 21.692783],
              [71.604351, 21.691287],
              [71.595504, 21.695806],
              [71.58874, 21.690567],
              [71.588224, 21.687645],
              [71.588329, 21.674378],
              [71.592216, 21.661071],
              [71.589671, 21.659011],
              [71.602211, 21.659203],
              [71.609105, 21.650922],
              [71.617664, 21.648001],
              [71.617322, 21.646009],
              [71.621432, 21.647883],
              [71.622794, 21.63253],
              [71.616748, 21.630177],
              [71.612555, 21.633058],
              [71.588794, 21.628241],
              [71.583948, 21.635465],
              [71.557131, 21.627838],
              [71.55319, 21.61816],
              [71.551099, 21.617685],
              [71.553508, 21.610591],
              [71.552013, 21.596113],
              [71.558223, 21.583418],
              [71.548314, 21.569528],
              [71.545794, 21.558969],
              [71.520936, 21.549034],
              [71.508959, 21.550264],
              [71.501704, 21.545187],
              [71.489599, 21.519265],
              [71.48695, 21.509535],
              [71.48725, 21.494206],
              [71.477931, 21.481497],
              [71.491929, 21.461319],
              [71.524649, 21.462299],
              [71.52998, 21.446075],
              [71.533156, 21.44329],
              [71.551503, 21.443177],
              [71.551935, 21.416391],
              [71.549565, 21.412981],
              [71.544046, 21.412237],
              [71.551281, 21.397194],
              [71.557766, 21.405662],
              [71.581825, 21.405799],
              [71.580876, 21.387913],
              [71.582249, 21.375901],
              [71.584272, 21.37512],
              [71.582936, 21.369224],
              [71.56277, 21.364788],
              [71.551925, 21.370945],
              [71.548094, 21.375666],
              [71.528147, 21.371505],
              [71.529483, 21.357901],
              [71.521265, 21.336817],
              [71.527027, 21.322859],
              [71.526489, 21.316915],
              [71.534463, 21.313373],
              [71.533194, 21.310315],
              [71.536689, 21.307277],
              [71.535156, 21.303259],
              [71.536903, 21.298956],
              [71.532246, 21.292283],
              [71.528694, 21.276332],
              [71.530544, 21.270462],
              [71.533617, 21.268644],
              [71.532001, 21.26827],
              [71.532969, 21.263922],
              [71.528049, 21.259789],
              [71.528251, 21.255527],
              [71.523062, 21.250139],
              [71.527586, 21.228065],
              [71.517743, 21.218701],
              [71.526098, 21.193061],
              [71.522013, 21.1902],
              [71.522262, 21.187843],
              [71.525542, 21.185827],
              [71.516647, 21.179131],
              [71.516472, 21.173886],
              [71.5324, 21.174457],
              [71.53519, 21.171307],
              [71.541143, 21.176805],
              [71.545871, 21.175877],
              [71.555992, 21.164366],
              [71.55469, 21.159172],
              [71.570501, 21.156793],
              [71.577628, 21.147601],
              [71.581706, 21.148681],
              [71.581471, 21.145114],
              [71.585273, 21.146406],
              [71.5859, 21.143701],
              [71.590256, 21.145405],
              [71.593892, 21.135118],
              [71.606061, 21.131344],
              [71.606856, 21.122913],
              [71.61255, 21.120687],
              [71.615833, 21.112202],
              [71.622768, 21.112857],
              [71.627566, 21.095764],
              [71.625545, 21.094589],
              [71.630963, 21.08758],
              [71.628172, 21.085476],
              [71.628961, 21.072705],
              [71.62654, 21.07],
              [71.621017, 21.069223],
              [71.619756, 21.072958],
              [71.608185, 21.069457],
              [71.610121, 21.054825],
              [71.612233, 21.053394],
              [71.613055, 21.056497],
              [71.625323, 21.061939],
              [71.637572, 21.058786],
              [71.639317, 21.045301],
              [71.636353, 21.04032],
              [71.64045, 21.028772],
              [71.665896, 21.031477],
              [71.664106, 21.028113],
              [71.678593, 20.995852],
              [71.683198, 20.997108],
              [71.681052, 21.001712],
              [71.682847, 21.003843],
              [71.7001, 21.010463],
              [71.716679, 21.020752],
              [71.72841, 21.021215],
              [71.731561, 21.018701],
              [71.735621, 21.021069],
              [71.739554, 21.016963],
              [71.743269, 21.019653],
              [71.751543, 21.019303],
              [71.753012, 21.02223],
              [71.760974, 21.02056],
              [71.764373, 21.021543],
              [71.763371, 21.024739],
              [71.765322, 21.026592],
              [71.769262, 21.025791],
              [71.775697, 21.03029],
              [71.784392, 21.030031],
              [71.786299, 21.033211],
              [71.782923, 21.033078],
              [71.777569, 21.037363],
              [71.780543, 21.039192],
              [71.790311, 21.041319],
              [71.792717, 21.040038],
              [71.791728, 21.036172],
              [71.793507, 21.038331],
              [71.805855, 21.038061],
              [71.803976, 21.044708],
              [71.801937, 21.044558],
              [71.802887, 21.04846],
              [71.799477, 21.0485],
              [71.797631, 21.055219],
              [71.813078, 21.067468],
              [71.822204, 21.070939],
              [71.828267, 21.069356],
              [71.842863, 21.077208],
              [71.849792, 21.076346],
              [71.851653, 21.081508],
              [71.851562, 21.079187],
              [71.866381, 21.088496],
              [71.868229, 21.086495],
              [71.87064, 21.089137],
              [71.873849, 21.087286],
              [71.878969, 21.088753],
              [71.888094, 21.102151],
              [71.898334, 21.109941],
              [71.924874, 21.112257],
              [71.930088, 21.116027],
              [71.938566, 21.11669],
              [71.939775, 21.1148],
              [71.939678, 21.119133],
              [71.942002, 21.120868],
              [71.950775, 21.120772],
              [71.953335, 21.123481],
              [71.973903, 21.122232],
              [71.972011, 21.127351],
              [71.976254, 21.133239],
              [71.986612, 21.137891],
              [71.99766, 21.139585],
              [71.996598, 21.141907],
              [72.004046, 21.14185],
              [72.01023, 21.13467],
              [72.008349, 21.144935],
              [72.017792, 21.153911],
              [72.036476, 21.159564],
              [72.038685, 21.162594],
              [72.045863, 21.163312],
              [72.050427, 21.169428],
              [72.057721, 21.17371],
              [72.062786, 21.173746],
              [72.064396, 21.178224],
              [72.074052, 21.180674],
              [72.079375, 21.185919],
              [72.086901, 21.187755],
              [72.087669, 21.191885],
              [72.112326, 21.198859],
              [72.10948, 21.210015],
              [72.090466, 21.227843],
              [72.084736, 21.236494],
              [72.082666, 21.245135],
              [72.097544, 21.263544],
              [72.098394, 21.279366],
              [72.10367, 21.280755],
              [72.111475, 21.292943],
              [72.107842, 21.302475],
              [72.112427, 21.305645],
              [72.132462, 21.339098],
              [72.15586, 21.360599],
              [72.157206, 21.365462],
              [72.167651, 21.376209],
              [72.171687, 21.387414],
              [72.210608, 21.421036],
              [72.235355, 21.456008],
              [72.236675, 21.465255],
              [72.243584, 21.473859],
              [72.245572, 21.482248],
              [72.256062, 21.502493],
              [72.264963, 21.537203],
              [72.264688, 21.555176],
              [72.269957, 21.572642],
              [72.280403, 21.590808],
              [72.288358, 21.597181],
              [72.294112, 21.608259],
              [72.302341, 21.617615],
              [72.306127, 21.626009],
              [72.301492, 21.645271],
              [72.305229, 21.646298],
              [72.305301, 21.649071],
              [72.300309, 21.653241],
              [72.291053, 21.679247],
              [72.282152, 21.690699],
              [72.283421, 21.692456],
              [72.279372, 21.693226],
              [72.283222, 21.694326],
              [72.282844, 21.696958],
              [72.271623, 21.705387],
              [72.255089, 21.732592],
              [72.236578, 21.779993],
              [72.228279, 21.792954],
              [72.202824, 21.819055],
              [72.204847, 21.823818],
              [72.210313, 21.818962],
              [72.212119, 21.821038],
              [72.220045, 21.819646],
              [72.23548, 21.812039],
              [72.241583, 21.82418],
              [72.24246, 21.829865],
              [72.217225, 21.867011],
              [72.204195, 21.891069],
              [72.203036, 21.912848],
              [72.208555, 21.942606],
              [72.206793, 21.95147],
              [72.211669, 21.962067],
              [72.236423, 21.970986],
              [72.24172, 21.975774],
              [72.244282, 21.994503],
              [72.231247, 22.000004],
              [72.226951, 22.004794],
              [72.227424, 21.996032],
              [72.232194, 21.990574],
              [72.218355, 21.981615],
              [72.187296, 21.990503],
              [72.175347, 21.990746],
              [72.168981, 21.994564],
              [72.1509, 22.01558],
              [72.123307, 22.05726],
              [72.105927, 22.05861],
              [72.104009, 22.054649],
              [72.080278, 22.055299],
              [72.061321, 22.084477],
              [72.057474, 22.095434],
              [72.060072, 22.103324],
              [72.056274, 22.102126],
              [72.032106, 22.121205],
              [72.020817, 22.104514],
              [71.931785, 22.125019]
            ],
            [
              [71.852387, 22.049822],
              [71.853923, 22.050997],
              [71.852969, 22.048628],
              [71.852387, 22.049822]
            ],
            [
              [71.708115, 21.901504],
              [71.720584, 21.899064],
              [71.727864, 21.880084],
              [71.727778, 21.867639],
              [71.697716, 21.863197],
              [71.692907, 21.882125],
              [71.701336, 21.884665],
              [71.702196, 21.900274],
              [71.708115, 21.901504]
            ],
            [
              [71.648603, 21.114282],
              [71.650745, 21.117104],
              [71.650942, 21.113121],
              [71.652944, 21.112773],
              [71.65373, 21.098154],
              [71.650704, 21.103728],
              [71.649313, 21.103019],
              [71.647292, 21.099384],
              [71.65051, 21.0955],
              [71.643278, 21.094209],
              [71.644663, 21.090623],
              [71.638879, 21.088479],
              [71.634385, 21.094589],
              [71.63771, 21.095004],
              [71.636218, 21.097276],
              [71.639933, 21.097714],
              [71.639813, 21.095921],
              [71.643682, 21.09826],
              [71.640872, 21.10153],
              [71.634987, 21.099661],
              [71.634477, 21.103842],
              [71.64159, 21.104524],
              [71.638948, 21.106136],
              [71.641162, 21.108218],
              [71.640272, 21.110584],
              [71.644329, 21.109455],
              [71.648603, 21.114282]
            ]
          ]
        ]
      },
      "properties": {
        "dtname": "Bhavnagar",
        "stname": "Gujarat",
        "stcode11": "24",
        "dtcode11": "481",
        "dist_lgd": 443,
        "state_lgd": 24
      }
    },
    {
      "type": "Feature",
      "geometry": {
        "type": "MultiPolygon",
        "coordinates": [
          [
            [
              [72.769422, 21.657115],
              [72.762655, 21.656365],
              [72.754578, 21.65086],
              [72.750394, 21.651466],
              [72.740019, 21.644759],
              [72.717052, 21.647656],
              [72.691896, 21.644007],
              [72.6719, 21.645325],
              [72.626604, 21.628827],
              [72.618364, 21.621246],
              [72.618385, 21.612577],
              [72.611178, 21.60176],
              [72.612534, 21.594928],
              [72.608086, 21.59155],
              [72.606955, 21.587579],
              [72.607254, 21.560684],
              [72.611464, 21.552252],
              [72.617423, 21.546974],
              [72.608462, 21.551328],
              [72.598802, 21.548668],
              [72.602652, 21.556593],
              [72.598565, 21.564615],
              [72.600475, 21.577933],
              [72.593583, 21.581642],
              [72.591937, 21.584991],
              [72.580165, 21.585713],
              [72.578438, 21.583512],
              [72.583966, 21.580833],
              [72.580785, 21.579463],
              [72.583987, 21.576584],
              [72.581296, 21.576825],
              [72.576188, 21.571456],
              [72.577068, 21.558543],
              [72.574748, 21.550844],
              [72.578527, 21.542149],
              [72.576979, 21.542026],
              [72.578527, 21.535439],
              [72.575195, 21.532325],
              [72.580586, 21.529],
              [72.596186, 21.535626],
              [72.611334, 21.530499],
              [72.625699, 21.539376],
              [72.634431, 21.538607],
              [72.636838, 21.533166],
              [72.642207, 21.532245],
              [72.64647, 21.537129],
              [72.644606, 21.542175],
              [72.646916, 21.547575],
              [72.659757, 21.556906],
              [72.670547, 21.573083],
              [72.692422, 21.581393],
              [72.695124, 21.588475],
              [72.70152, 21.587973],
              [72.702054, 21.59208],
              [72.70238, 21.587802],
              [72.707211, 21.585833],
              [72.718811, 21.591653],
              [72.722081, 21.584514],
              [72.725939, 21.587632],
              [72.728011, 21.585941],
              [72.745517, 21.599671],
              [72.752514, 21.600111],
              [72.770654, 21.60905],
              [72.79323, 21.608449],
              [72.816336, 21.620782],
              [72.825556, 21.63444],
              [72.825907, 21.638839],
              [72.815898, 21.652848],
              [72.796428, 21.650677],
              [72.779274, 21.653197],
              [72.769422, 21.657115]
            ]
          ],
          [
            [
              [72.855735, 22.235231],
              [72.850826, 22.240342],
              [72.848095, 22.239971],
              [72.849847, 22.235732],
              [72.847829, 22.23486],
              [72.84274, 22.23979],
              [72.842019, 22.231843],
              [72.838281, 22.22878],
              [72.829818, 22.226873],
              [72.82731, 22.22913],
              [72.826269, 22.22423],
              [72.822839, 22.228384],
              [72.818451, 22.224223],
              [72.823191, 22.220893],
              [72.81893, 22.215884],
              [72.823222, 22.214612],
              [72.820639, 22.211062],
              [72.822331, 22.211771],
              [72.82271, 22.209216],
              [72.782756, 22.192867],
              [72.782685, 22.157569],
              [72.76021, 22.171408],
              [72.73319, 22.175417],
              [72.73387, 22.177426],
              [72.722121, 22.181227],
              [72.721585, 22.183516],
              [72.709055, 22.185605],
              [72.70469, 22.182426],
              [72.685077, 22.196236],
              [72.668429, 22.204586],
              [72.670638, 22.196846],
              [72.661329, 22.201535],
              [72.65953, 22.199427],
              [72.658852, 22.201577],
              [72.663018, 22.204565],
              [72.663571, 22.208245],
              [72.654369, 22.214004],
              [72.652283, 22.210166],
              [72.651503, 22.214966],
              [72.638381, 22.217004],
              [72.620355, 22.216766],
              [72.605056, 22.213143],
              [72.591028, 22.205203],
              [72.591771, 22.202444],
              [72.598219, 22.205466],
              [72.593817, 22.202734],
              [72.594918, 22.200264],
              [72.598657, 22.200075],
              [72.594729, 22.198507],
              [72.593187, 22.200345],
              [72.591039, 22.199035],
              [72.589031, 22.203134],
              [72.586602, 22.202457],
              [72.588259, 22.205004],
              [72.575521, 22.191215],
              [72.582521, 22.187299],
              [72.57253, 22.189317],
              [72.562291, 22.175497],
              [72.548194, 22.144989],
              [72.548211, 22.136055],
              [72.543164, 22.126343],
              [72.546427, 22.111316],
              [72.540872, 22.091505],
              [72.538504, 22.089544],
              [72.540067, 22.085765],
              [72.547554, 22.083136],
              [72.546536, 22.074805],
              [72.542134, 22.079806],
              [72.536924, 22.075107],
              [72.536884, 22.060757],
              [72.542066, 22.038268],
              [72.540015, 22.033309],
              [72.548512, 22.011548],
              [72.548543, 21.991051],
              [72.547333, 21.987803],
              [72.537806, 21.986534],
              [72.537784, 21.983261],
              [72.537002, 21.986724],
              [72.533705, 21.986934],
              [72.533736, 21.982613],
              [72.538656, 21.981893],
              [72.528135, 21.982262],
              [72.528114, 21.977841],
              [72.538562, 21.977522],
              [72.537742, 21.972094],
              [72.533317, 21.972435],
              [72.531104, 21.965904],
              [72.539861, 21.965272],
              [72.539762, 21.961754],
              [72.538383, 21.960015],
              [72.534316, 21.962076],
              [72.525894, 21.959873],
              [72.530544, 21.955075],
              [72.532687, 21.958553],
              [72.541342, 21.958897],
              [72.541231, 21.965223],
              [72.547859, 21.964389],
              [72.54748, 21.9543],
              [72.545005, 21.949323],
              [72.536293, 21.949795],
              [72.533435, 21.946687],
              [72.540692, 21.943914],
              [72.539255, 21.942206],
              [72.531733, 21.943688],
              [72.527967, 21.937016],
              [72.530794, 21.935975],
              [72.528506, 21.934447],
              [72.529113, 21.931147],
              [72.533085, 21.925956],
              [72.537072, 21.927597],
              [72.538994, 21.917059],
              [72.542665, 21.912378],
              [72.546682, 21.911269],
              [72.549313, 21.91393],
              [72.580405, 21.924541],
              [72.588029, 21.922407],
              [72.607885, 21.933015],
              [72.624485, 21.947376],
              [72.63999, 21.956826],
              [72.672088, 21.955695],
              [72.680565, 21.959273],
              [72.683738, 21.954323],
              [72.691763, 21.952114],
              [72.707806, 21.953398],
              [72.711658, 21.956025],
              [72.715225, 21.966368],
              [72.709646, 21.979244],
              [72.715116, 21.982709],
              [72.725223, 21.996466],
              [72.728568, 21.995581],
              [72.735557, 21.98679],
              [72.733958, 21.978252],
              [72.746369, 21.970571],
              [72.748268, 21.966284],
              [72.741128, 21.955055],
              [72.719413, 21.939224],
              [72.697724, 21.938544],
              [72.691903, 21.941875],
              [72.697745, 21.888909],
              [72.693086, 21.886771],
              [72.691265, 21.882581],
              [72.683627, 21.885059],
              [72.670916, 21.89572],
              [72.659157, 21.89141],
              [72.64817, 21.89731],
              [72.645629, 21.895689],
              [72.645222, 21.888189],
              [72.638782, 21.890149],
              [72.633024, 21.880441],
              [72.623353, 21.883751],
              [72.623082, 21.877141],
              [72.610332, 21.839683],
              [72.620432, 21.829925],
              [72.614304, 21.821377],
              [72.593025, 21.804915],
              [72.594122, 21.800075],
              [72.599306, 21.798286],
              [72.599626, 21.792266],
              [72.610045, 21.79018],
              [72.601951, 21.789771],
              [72.603386, 21.785041],
              [72.601016, 21.784072],
              [72.603416, 21.776356],
              [72.601161, 21.766995],
              [72.602963, 21.763647],
              [72.606398, 21.765037],
              [72.604264, 21.755249],
              [72.607174, 21.753051],
              [72.602703, 21.753899],
              [72.599621, 21.750001],
              [72.597956, 21.751482],
              [72.592046, 21.746951],
              [72.587688, 21.746689],
              [72.576888, 21.738932],
              [72.568059, 21.738722],
              [72.558562, 21.732042],
              [72.545896, 21.735016],
              [72.53956, 21.731743],
              [72.531615, 21.714425],
              [72.533704, 21.674449],
              [72.541061, 21.662256],
              [72.548309, 21.658719],
              [72.55397, 21.658787],
              [72.605173, 21.683274],
              [72.600633, 21.685856],
              [72.605403, 21.687727],
              [72.621564, 21.682254],
              [72.637619, 21.680774],
              [72.638974, 21.683907],
              [72.655858, 21.680827],
              [72.668886, 21.684817],
              [72.666258, 21.687746],
              [72.671337, 21.689044],
              [72.674957, 21.684464],
              [72.685335, 21.681466],
              [72.692235, 21.681306],
              [72.698142, 21.684383],
              [72.71291, 21.679583],
              [72.736968, 21.691133],
              [72.745909, 21.68846],
              [72.749803, 21.681288],
              [72.752632, 21.681485],
              [72.754746, 21.675764],
              [72.762214, 21.670016],
              [72.789827, 21.66325],
              [72.801295, 21.657685],
              [72.817771, 21.658296],
              [72.844121, 21.680158],
              [72.861907, 21.687591],
              [72.88052, 21.686321],
              [72.922775, 21.675981],
              [72.925265, 21.678658],
              [72.927768, 21.676213],
              [72.938194, 21.676707],
              [72.961141, 21.681895],
              [72.962978, 21.674035],
              [72.906831, 21.664903],
              [72.907205, 21.666804],
              [72.894983, 21.675055],
              [72.877238, 21.672559],
              [72.872844, 21.663481],
              [72.873339, 21.644924],
              [72.867906, 21.642217],
              [72.841684, 21.655817],
              [72.828457, 21.650915],
              [72.831794, 21.641048],
              [72.830146, 21.628449],
              [72.820329, 21.61111],
              [72.801845, 21.600619],
              [72.797722, 21.5956],
              [72.80224, 21.587213],
              [72.785091, 21.587352],
              [72.773881, 21.571463],
              [72.768784, 21.570413],
              [72.766894, 21.573983],
              [72.767592, 21.569405],
              [72.763566, 21.568883],
              [72.762612, 21.573303],
              [72.759424, 21.569494],
              [72.762105, 21.566782],
              [72.758895, 21.566003],
              [72.758397, 21.568125],
              [72.754454, 21.566276],
              [72.760063, 21.560332],
              [72.761334, 21.564582],
              [72.768513, 21.564994],
              [72.770223, 21.562515],
              [72.762766, 21.548873],
              [72.760636, 21.550005],
              [72.760343, 21.547815],
              [72.750074, 21.541707],
              [72.75, 21.527519],
              [72.737106, 21.530469],
              [72.740298, 21.532617],
              [72.738745, 21.534027],
              [72.732295, 21.530358],
              [72.73077, 21.532788],
              [72.725609, 21.529775],
              [72.729979, 21.527139],
              [72.723869, 21.528737],
              [72.722548, 21.526129],
              [72.722159, 21.529689],
              [72.71682, 21.529136],
              [72.715232, 21.525999],
              [72.714588, 21.527937],
              [72.711971, 21.527245],
              [72.71489, 21.52201],
              [72.712161, 21.523146],
              [72.710759, 21.521229],
              [72.707871, 21.528437],
              [72.70283, 21.525669],
              [72.686979, 21.501417],
              [72.67579, 21.5021],
              [72.655824, 21.469171],
              [72.624999, 21.447592],
              [72.605202, 21.440587],
              [72.596132, 21.432697],
              [72.590473, 21.423966],
              [72.579577, 21.413856],
              [72.579234, 21.409167],
              [72.583707, 21.403438],
              [72.600275, 21.400149],
              [72.615253, 21.405676],
              [72.611269, 21.401539],
              [72.613121, 21.40011],
              [72.628469, 21.408898],
              [72.63935, 21.420874],
              [72.638798, 21.417574],
              [72.642336, 21.420706],
              [72.641716, 21.418955],
              [72.645677, 21.419484],
              [72.661104, 21.443902],
              [72.680304, 21.445935],
              [72.683774, 21.45491],
              [72.687302, 21.452445],
              [72.69644, 21.46396],
              [72.70582, 21.466911],
              [72.717407, 21.467041],
              [72.734969, 21.474771],
              [72.740529, 21.472891],
              [72.743787, 21.466893],
              [72.750415, 21.466903],
              [72.753077, 21.462154],
              [72.752036, 21.454711],
              [72.761144, 21.448694],
              [72.766411, 21.448842],
              [72.767613, 21.453792],
              [72.773193, 21.456383],
              [72.78389, 21.459672],
              [72.78692, 21.458251],
              [72.788331, 21.446334],
              [72.783109, 21.428476],
              [72.787448, 21.421637],
              [72.806019, 21.425606],
              [72.813506, 21.422154],
              [72.823155, 21.426154],
              [72.826257, 21.436582],
              [72.833284, 21.440156],
              [72.837063, 21.448615],
              [72.845972, 21.449723],
              [72.850752, 21.453503],
              [72.858432, 21.447421],
              [72.867853, 21.444103],
              [72.871012, 21.456043],
              [72.87667, 21.450944],
              [72.877809, 21.446415],
              [72.870202, 21.441321],
              [72.868051, 21.433536],
              [72.870959, 21.436354],
              [72.87518, 21.434105],
              [72.881889, 21.442563],
              [72.887528, 21.444924],
              [72.893696, 21.433394],
              [72.906766, 21.430024],
              [72.910716, 21.432782],
              [72.913637, 21.442861],
              [72.921556, 21.452694],
              [72.923975, 21.458871],
              [72.923322, 21.469379],
              [72.93827, 21.473578],
              [72.95285, 21.483967],
              [72.951069, 21.490918],
              [72.94278, 21.501927],
              [72.941284, 21.512467],
              [72.957131, 21.518995],
              [72.983787, 21.522836],
              [72.987105, 21.531675],
              [72.984717, 21.540135],
              [72.991226, 21.542975],
              [72.997957, 21.539855],
              [73.007864, 21.524006],
              [73.016133, 21.525546],
              [73.017813, 21.521686],
              [73.020662, 21.521246],
              [73.016914, 21.497079],
              [73.020419, 21.495152],
              [73.02101, 21.49103],
              [73.023547, 21.492784],
              [73.022619, 21.488371],
              [73.02614, 21.482737],
              [73.036725, 21.484803],
              [73.042166, 21.477097],
              [73.04324, 21.481663],
              [73.046666, 21.480422],
              [73.054731, 21.484152],
              [73.056724, 21.500871],
              [73.03906, 21.524426],
              [73.0366, 21.534665],
              [73.03992, 21.538675],
              [73.048439, 21.542144],
              [73.046879, 21.563443],
              [73.055058, 21.569262],
              [73.068117, 21.563753],
              [73.075496, 21.551734],
              [73.079305, 21.535965],
              [73.080095, 21.508857],
              [73.077795, 21.505397],
              [73.103402, 21.507977],
              [73.105122, 21.504617],
              [73.101226, 21.500114],
              [73.115702, 21.498101],
              [73.119191, 21.489521],
              [73.117391, 21.484942],
              [73.119398, 21.483732],
              [73.127446, 21.488921],
              [73.133632, 21.488921],
              [73.133179, 21.494863],
              [73.142052, 21.494388],
              [73.141363, 21.498168],
              [73.171587, 21.495331],
              [73.188702, 21.506786],
              [73.215638, 21.504816],
              [73.223455, 21.497755],
              [73.234116, 21.493937],
              [73.24454, 21.495709],
              [73.250244, 21.493947],
              [73.257563, 21.497927],
              [73.255293, 21.501657],
              [73.256543, 21.503826],
              [73.262773, 21.503636],
              [73.272621, 21.510866],
              [73.275751, 21.508196],
              [73.28679, 21.506616],
              [73.297108, 21.508866],
              [73.309297, 21.507886],
              [73.306467, 21.501746],
              [73.324395, 21.485467],
              [73.323635, 21.487797],
              [73.339853, 21.502166],
              [73.347622, 21.517115],
              [73.346022, 21.522105],
              [73.36732, 21.517285],
              [73.376939, 21.519375],
              [73.387697, 21.516085],
              [73.399026, 21.508825],
              [73.412354, 21.511345],
              [73.415524, 21.514435],
              [73.415864, 21.520854],
              [73.426603, 21.524624],
              [73.442841, 21.524534],
              [73.452799, 21.527954],
              [73.441771, 21.538143],
              [73.440971, 21.554762],
              [73.44703, 21.564561],
              [73.44625, 21.56911],
              [73.44977, 21.57129],
              [73.45023, 21.57537],
              [73.457939, 21.57808],
              [73.465168, 21.584689],
              [73.470348, 21.593858],
              [73.473487, 21.593808],
              [73.470758, 21.609007],
              [73.474367, 21.611307],
              [73.482236, 21.610887],
              [73.478387, 21.631865],
              [73.485756, 21.638905],
              [73.476977, 21.647364],
              [73.473608, 21.658083],
              [73.477457, 21.666523],
              [73.487026, 21.677792],
              [73.495505, 21.678242],
              [73.499894, 21.680872],
              [73.487586, 21.693541],
              [73.487676, 21.70399],
              [73.478057, 21.70402],
              [73.469118, 21.720899],
              [73.462069, 21.718379],
              [73.45322, 21.719249],
              [73.448931, 21.716689],
              [73.447221, 21.711739],
              [73.439682, 21.70943],
              [73.431503, 21.714779],
              [73.431563, 21.717909],
              [73.406976, 21.70928],
              [73.402956, 21.718069],
              [73.395477, 21.717079],
              [73.393258, 21.722059],
              [73.403996, 21.729888],
              [73.404436, 21.735018],
              [73.408216, 21.737438],
              [73.406916, 21.744497],
              [73.409716, 21.749717],
              [73.400776, 21.758848],
              [73.394318, 21.760267],
              [73.395418, 21.775814],
              [73.386909, 21.777644],
              [73.382602, 21.781275],
              [73.374179, 21.780412],
              [73.373962, 21.786942],
              [73.371361, 21.788225],
              [73.366941, 21.799265],
              [73.360162, 21.802484],
              [73.355881, 21.810341],
              [73.351495, 21.81058],
              [73.347592, 21.814381],
              [73.335987, 21.810351],
              [73.332364, 21.816022],
              [73.336837, 21.817491],
              [73.334865, 21.83138],
              [73.329176, 21.834711],
              [73.324175, 21.83392],
              [73.319239, 21.829642],
              [73.314913, 21.830144],
              [73.316329, 21.826823],
              [73.308569, 21.822291],
              [73.299348, 21.827489],
              [73.301672, 21.83285],
              [73.297101, 21.833729],
              [73.29694, 21.836262],
              [73.300988, 21.837009],
              [73.302988, 21.841471],
              [73.302427, 21.850127],
              [73.308517, 21.851408],
              [73.305911, 21.859169],
              [73.303812, 21.858139],
              [73.304166, 21.862041],
              [73.301657, 21.861759],
              [73.299842, 21.874357],
              [73.303831, 21.887508],
              [73.278864, 21.905084],
              [73.277431, 21.913843],
              [73.256875, 21.935563],
              [73.242357, 21.933983],
              [73.233378, 21.928414],
              [73.225339, 21.920904],
              [73.22062, 21.910865],
              [73.226049, 21.890547],
              [73.248506, 21.865078],
              [73.247036, 21.85021],
              [73.243737, 21.8424],
              [73.246294, 21.840648],
              [73.239985, 21.835418],
              [73.237414, 21.837183],
              [73.222139, 21.825882],
              [73.209581, 21.822292],
              [73.201502, 21.822392],
              [73.183964, 21.831351],
              [73.159187, 21.855775],
              [73.148455, 21.856628],
              [73.147989, 21.853868],
              [73.141805, 21.854624],
              [73.142117, 21.86434],
              [73.13728, 21.867009],
              [73.131931, 21.866169],
              [73.130511, 21.871128],
              [73.126821, 21.870379],
              [73.125361, 21.877628],
              [73.104574, 21.877138],
              [73.091196, 21.872249],
              [73.085906, 21.880688],
              [73.071808, 21.877078],
              [73.05924, 21.882298],
              [73.062679, 21.911756],
              [73.087106, 21.917815],
              [73.091546, 21.921305],
              [73.090436, 21.929634],
              [73.075188, 21.930424],
              [73.066889, 21.923865],
              [73.053191, 21.922245],
              [73.047371, 21.935404],
              [73.042062, 21.933724],
              [73.043192, 21.928404],
              [73.037832, 21.926795],
              [73.035573, 21.919795],
              [73.018195, 21.918695],
              [73.0, 21.910836],
              [72.993877, 21.927064],
              [73.000361, 21.931054],
              [73.002147, 21.935744],
              [73.015955, 21.942004],
              [73.042242, 21.937174],
              [73.047961, 21.939504],
              [73.052241, 21.948833],
              [73.048861, 21.976151],
              [73.068009, 21.98403],
              [73.062346, 22.0],
              [73.064119, 22.003709],
              [73.063252, 22.016609],
              [73.050363, 22.012368],
              [73.048009, 22.003359],
              [73.043602, 22.004608],
              [73.025994, 21.995589],
              [73.018018, 22.002489],
              [73.014776, 22.011278],
              [73.010803, 22.010162],
              [73.009019, 22.017167],
              [72.997867, 22.019017],
              [72.99412, 22.026006],
              [72.989278, 22.027707],
              [72.984621, 22.047926],
              [72.980499, 22.048498],
              [72.979262, 22.052585],
              [72.960483, 22.046288],
              [72.958974, 22.049906],
              [72.953716, 22.052794],
              [72.940454, 22.053725],
              [72.939893, 22.045905],
              [72.931705, 22.041794],
              [72.928785, 22.042766],
              [72.929426, 22.046234],
              [72.926468, 22.049535],
              [72.913558, 22.047114],
              [72.916146, 22.051986],
              [72.919876, 22.053534],
              [72.922228, 22.060537],
              [72.916576, 22.062575],
              [72.915739, 22.066544],
              [72.904849, 22.068064],
              [72.90397, 22.079172],
              [72.897771, 22.094932],
              [72.88465, 22.093262],
              [72.877004, 22.108922],
              [72.871882, 22.11244],
              [72.871984, 22.116012],
              [72.879864, 22.119019],
              [72.874645, 22.126781],
              [72.873641, 22.139289],
              [72.866395, 22.138851],
              [72.863885, 22.14086],
              [72.862914, 22.155187],
              [72.882251, 22.165925],
              [72.885781, 22.172068],
              [72.89037, 22.160167],
              [72.907129, 22.164816],
              [72.912549, 22.162927],
              [72.914368, 22.167866],
              [72.926789, 22.169118],
              [72.929199, 22.171578],
              [72.926809, 22.186087],
              [72.923348, 22.187664],
              [72.922177, 22.192604],
              [72.915078, 22.192417],
              [72.910708, 22.188783],
              [72.898359, 22.187295],
              [72.894581, 22.178897],
              [72.883202, 22.175078],
              [72.876822, 22.181404],
              [72.877603, 22.190096],
              [72.875353, 22.196224],
              [72.877113, 22.205864],
              [72.868826, 22.209522],
              [72.868894, 22.215563],
              [72.855735, 22.235231]
            ]
          ]
        ]
      },
      "properties": {
        "dtname": "Bharuch",
        "stname": "Gujarat",
        "stcode11": "24",
        "dtcode11": "488",
        "dist_lgd": 442,
        "state_lgd": 24
      }
    },
    {
      "type": "Feature",
      "geometry": {
        "type": "Polygon",
        "coordinates": [
          [
            [73.062137, 21.565443],
            [73.055058, 21.569262],
            [73.046879, 21.563443],
            [73.048439, 21.542144],
            [73.03992, 21.538675],
            [73.0366, 21.534665],
            [73.03906, 21.524426],
            [73.056724, 21.500871],
            [73.054731, 21.484152],
            [73.046666, 21.480422],
            [73.04324, 21.481663],
            [73.042166, 21.477097],
            [73.036725, 21.484803],
            [73.02614, 21.482737],
            [73.022619, 21.488371],
            [73.023547, 21.492784],
            [73.02101, 21.49103],
            [73.020419, 21.495152],
            [73.016914, 21.497079],
            [73.020662, 21.521246],
            [73.017813, 21.521686],
            [73.016133, 21.525546],
            [73.007864, 21.524006],
            [72.997957, 21.539855],
            [72.991226, 21.542975],
            [72.984717, 21.540135],
            [72.987105, 21.531675],
            [72.983787, 21.522836],
            [72.957131, 21.518995],
            [72.941284, 21.512467],
            [72.94278, 21.501927],
            [72.951069, 21.490918],
            [72.95285, 21.483967],
            [72.93827, 21.473578],
            [72.923322, 21.469379],
            [72.923975, 21.458871],
            [72.921556, 21.452694],
            [72.913637, 21.442861],
            [72.910716, 21.432782],
            [72.906766, 21.430024],
            [72.893696, 21.433394],
            [72.887528, 21.444924],
            [72.881889, 21.442563],
            [72.87518, 21.434105],
            [72.870959, 21.436354],
            [72.868051, 21.433536],
            [72.870202, 21.441321],
            [72.877809, 21.446415],
            [72.87667, 21.450944],
            [72.871012, 21.456043],
            [72.867853, 21.444103],
            [72.858432, 21.447421],
            [72.850752, 21.453503],
            [72.845972, 21.449723],
            [72.837063, 21.448615],
            [72.833284, 21.440156],
            [72.826257, 21.436582],
            [72.823155, 21.426154],
            [72.813506, 21.422154],
            [72.806019, 21.425606],
            [72.787448, 21.421637],
            [72.783109, 21.428476],
            [72.788331, 21.446334],
            [72.78692, 21.458251],
            [72.78389, 21.459672],
            [72.773193, 21.456383],
            [72.767613, 21.453792],
            [72.766411, 21.448842],
            [72.761144, 21.448694],
            [72.752036, 21.454711],
            [72.753077, 21.462154],
            [72.750415, 21.466903],
            [72.743787, 21.466893],
            [72.740529, 21.472891],
            [72.734969, 21.474771],
            [72.717407, 21.467041],
            [72.70582, 21.466911],
            [72.69644, 21.46396],
            [72.691661, 21.460014],
            [72.681124, 21.441316],
            [72.665153, 21.436263],
            [72.652889, 21.421395],
            [72.641429, 21.412086],
            [72.62472, 21.400558],
            [72.601168, 21.388624],
            [72.600981, 21.327666],
            [72.597503, 21.305537],
            [72.600341, 21.28987],
            [72.610456, 21.280756],
            [72.608061, 21.273508],
            [72.609318, 21.268923],
            [72.619828, 21.253679],
            [72.622257, 21.242593],
            [72.630449, 21.234349],
            [72.645235, 21.225165],
            [72.657354, 21.224652],
            [72.655593, 21.218021],
            [72.652095, 21.214693],
            [72.638058, 21.211108],
            [72.639328, 21.202774],
            [72.634562, 21.190522],
            [72.628618, 21.144119],
            [72.619062, 21.114623],
            [72.620611, 21.09789],
            [72.631196, 21.086187],
            [72.638063, 21.084543],
            [72.644825, 21.086126],
            [72.658081, 21.104498],
            [72.664958, 21.108342],
            [72.669823, 21.115038],
            [72.669866, 21.105857],
            [72.686333, 21.093922],
            [72.684788, 21.082974],
            [72.695582, 21.084786],
            [72.695459, 21.09517],
            [72.702471, 21.096159],
            [72.703311, 21.086835],
            [72.708446, 21.080716],
            [72.736238, 21.076635],
            [72.741188, 21.074457],
            [72.740992, 21.0705],
            [72.753161, 21.062743],
            [72.775148, 21.062211],
            [72.783416, 21.065413],
            [72.7929, 21.073551],
            [72.814106, 21.055662],
            [72.826565, 21.059342],
            [72.831233, 21.055514],
            [72.834164, 21.050032],
            [72.832893, 21.036963],
            [72.835794, 21.034163],
            [72.839223, 21.035365],
            [72.845143, 21.046973],
            [72.852812, 21.037544],
            [72.860831, 21.037414],
            [72.857348, 21.042874],
            [72.856721, 21.049905],
            [72.86261, 21.052791],
            [72.87112, 21.049183],
            [72.87098, 21.056152],
            [72.881199, 21.055271],
            [72.883416, 21.049901],
            [72.888034, 21.047932],
            [72.891985, 21.062184],
            [72.895674, 21.051553],
            [72.908045, 21.041706],
            [72.913644, 21.040133],
            [72.92822, 21.042545],
            [72.929202, 21.043994],
            [72.925869, 21.046402],
            [72.926362, 21.051835],
            [72.930128, 21.051405],
            [72.94098, 21.059132],
            [72.945637, 21.059153],
            [72.952166, 21.069501],
            [72.962547, 21.065783],
            [72.962028, 21.074129],
            [72.969694, 21.068801],
            [72.964534, 21.058114],
            [72.977317, 21.065211],
            [72.981844, 21.06402],
            [72.983256, 21.060853],
            [72.990945, 21.062573],
            [72.995302, 21.059802],
            [72.997854, 21.062853],
            [72.995682, 21.072081],
            [72.989925, 21.074889],
            [72.993725, 21.07943],
            [72.999862, 21.069651],
            [73.006571, 21.069941],
            [73.007351, 21.066781],
            [73.01492, 21.065071],
            [73.01853, 21.057922],
            [73.01852, 21.049713],
            [73.012661, 21.047923],
            [73.01348, 21.036234],
            [73.007081, 21.033314],
            [73.008521, 21.022305],
            [73.01505, 21.018825],
            [73.025199, 21.020435],
            [73.030828, 21.007626],
            [73.034338, 21.004426],
            [73.038807, 21.006596],
            [73.049125, 20.992838],
            [73.056317, 20.988208],
            [73.056857, 20.984997],
            [73.063493, 20.983807],
            [73.062385, 20.978166],
            [73.065156, 20.974748],
            [73.068184, 20.97605],
            [73.072181, 20.973969],
            [73.073863, 20.977167],
            [73.076533, 20.97132],
            [73.079914, 20.97039],
            [73.081591, 20.972599],
            [73.080592, 20.96904],
            [73.082853, 20.966069],
            [73.08465, 20.967989],
            [73.088281, 20.967177],
            [73.087719, 20.96159],
            [73.089941, 20.959929],
            [73.088322, 20.95651],
            [73.092159, 20.954099],
            [73.089353, 20.94545],
            [73.092002, 20.943071],
            [73.09033, 20.940903],
            [73.092282, 20.936911],
            [73.098739, 20.930341],
            [73.107099, 20.92966],
            [73.109839, 20.926901],
            [73.125605, 20.922711],
            [73.125725, 20.897574],
            [73.134885, 20.897714],
            [73.140056, 20.905481],
            [73.146035, 20.905765],
            [73.156704, 20.900845],
            [73.166182, 20.902794],
            [73.172073, 20.899283],
            [73.178769, 20.889775],
            [73.185088, 20.888973],
            [73.189289, 20.869435],
            [73.195377, 20.870394],
            [73.195607, 20.859845],
            [73.212156, 20.861508],
            [73.214786, 20.857307],
            [73.216627, 20.858746],
            [73.222184, 20.855266],
            [73.226864, 20.856166],
            [73.235411, 20.849337],
            [73.239324, 20.851936],
            [73.247512, 20.848547],
            [73.243973, 20.83259],
            [73.247589, 20.82537],
            [73.253152, 20.823538],
            [73.2535, 20.819908],
            [73.272069, 20.820859],
            [73.278456, 20.816708],
            [73.280706, 20.82062],
            [73.288926, 20.818759],
            [73.291886, 20.81559],
            [73.300133, 20.816917],
            [73.302082, 20.81895],
            [73.299462, 20.822928],
            [73.305365, 20.835286],
            [73.302794, 20.837047],
            [73.306271, 20.838629],
            [73.306405, 20.841488],
            [73.310984, 20.839868],
            [73.312861, 20.841485],
            [73.312321, 20.847618],
            [73.302163, 20.850568],
            [73.301835, 20.854248],
            [73.306576, 20.878335],
            [73.311091, 20.881642],
            [73.316704, 20.879932],
            [73.317853, 20.892203],
            [73.315581, 20.902332],
            [73.308115, 20.907762],
            [73.307454, 20.912802],
            [73.303374, 20.91238],
            [73.294604, 20.918261],
            [73.288449, 20.932402],
            [73.284196, 20.929338],
            [73.275809, 20.928571],
            [73.274316, 20.925819],
            [73.260191, 20.922532],
            [73.259161, 20.94359],
            [73.255269, 20.947579],
            [73.243892, 20.948329],
            [73.236742, 20.952267],
            [73.229996, 20.950718],
            [73.209765, 20.957539],
            [73.212008, 20.961811],
            [73.221945, 20.967717],
            [73.225162, 20.976119],
            [73.236543, 20.981405],
            [73.240542, 20.991378],
            [73.226294, 21.009765],
            [73.213766, 21.011054],
            [73.207337, 21.014604],
            [73.204437, 21.019174],
            [73.205287, 21.023554],
            [73.201257, 21.028003],
            [73.212286, 21.038722],
            [73.209767, 21.051481],
            [73.203377, 21.052081],
            [73.199888, 21.058261],
            [73.200618, 21.07175],
            [73.198468, 21.077609],
            [73.214246, 21.076849],
            [73.215706, 21.080969],
            [73.223175, 21.079179],
            [73.224065, 21.091148],
            [73.227595, 21.092178],
            [73.247002, 21.088548],
            [73.247252, 21.092078],
            [73.253076, 21.092853],
            [73.247092, 21.114566],
            [73.227155, 21.117406],
            [73.226265, 21.129025],
            [73.223315, 21.133865],
            [73.229605, 21.133635],
            [73.231064, 21.129955],
            [73.234264, 21.128955],
            [73.247142, 21.128595],
            [73.25387, 21.122086],
            [73.25819, 21.124708],
            [73.26034, 21.132703],
            [73.269255, 21.131661],
            [73.270655, 21.14745],
            [73.284807, 21.156476],
            [73.283768, 21.162653],
            [73.286656, 21.172536],
            [73.28311, 21.184334],
            [73.288597, 21.196579],
            [73.299653, 21.196616],
            [73.308305, 21.199781],
            [73.308131, 21.201542],
            [73.334161, 21.214556],
            [73.334112, 21.216846],
            [73.342588, 21.219105],
            [73.34583, 21.214522],
            [73.363529, 21.21652],
            [73.364612, 21.219596],
            [73.375073, 21.225295],
            [73.376985, 21.241096],
            [73.371027, 21.249365],
            [73.367988, 21.261874],
            [73.364189, 21.264834],
            [73.364989, 21.268974],
            [73.412423, 21.278073],
            [73.426901, 21.275593],
            [73.442209, 21.267834],
            [73.445299, 21.276493],
            [73.448329, 21.277453],
            [73.448909, 21.288352],
            [73.445709, 21.302831],
            [73.447479, 21.307571],
            [73.442989, 21.308891],
            [73.43949, 21.31542],
            [73.432271, 21.31394],
            [73.44016, 21.326109],
            [73.43874, 21.345328],
            [73.449399, 21.371916],
            [73.453678, 21.376965],
            [73.454758, 21.383945],
            [73.510052, 21.378745],
            [73.511781, 21.357377],
            [73.513881, 21.353577],
            [73.52053, 21.353537],
            [73.52479, 21.350247],
            [73.527119, 21.352207],
            [73.52499, 21.356427],
            [73.5256, 21.364896],
            [73.530539, 21.364936],
            [73.536438, 21.369135],
            [73.545467, 21.363666],
            [73.557106, 21.367855],
            [73.559615, 21.364966],
            [73.566235, 21.364846],
            [73.579783, 21.369525],
            [73.580863, 21.367015],
            [73.585072, 21.368375],
            [73.589732, 21.365726],
            [73.593801, 21.370645],
            [73.597491, 21.368055],
            [73.60196, 21.371215],
            [73.608849, 21.370435],
            [73.60874, 21.375835],
            [73.613279, 21.378454],
            [73.615659, 21.376235],
            [73.644345, 21.382434],
            [73.652314, 21.380804],
            [73.665153, 21.382644],
            [73.678171, 21.387243],
            [73.68462, 21.393223],
            [73.699129, 21.396363],
            [73.692509, 21.402002],
            [73.69127, 21.416721],
            [73.695339, 21.42821],
            [73.68837, 21.438279],
            [73.68978, 21.446479],
            [73.676342, 21.472757],
            [73.666633, 21.472447],
            [73.652165, 21.480286],
            [73.635237, 21.477447],
            [73.628658, 21.472877],
            [73.60693, 21.472507],
            [73.600171, 21.484536],
            [73.580434, 21.480827],
            [73.564715, 21.474827],
            [73.555047, 21.474527],
            [73.548097, 21.480297],
            [73.52788, 21.479427],
            [73.52392, 21.483297],
            [73.515661, 21.483217],
            [73.510732, 21.487446],
            [73.494454, 21.485647],
            [73.493614, 21.490866],
            [73.489535, 21.490616],
            [73.486075, 21.494466],
            [73.484875, 21.504585],
            [73.489265, 21.513864],
            [73.488015, 21.515384],
            [73.468337, 21.508285],
            [73.465348, 21.519924],
            [73.458419, 21.522424],
            [73.452799, 21.527954],
            [73.442841, 21.524534],
            [73.426603, 21.524624],
            [73.415864, 21.520854],
            [73.415524, 21.514435],
            [73.412354, 21.511345],
            [73.399026, 21.508825],
            [73.387697, 21.516085],
            [73.376939, 21.519375],
            [73.36732, 21.517285],
            [73.346022, 21.522105],
            [73.347622, 21.517115],
            [73.339853, 21.502166],
            [73.323635, 21.487797],
            [73.324395, 21.485467],
            [73.306467, 21.501746],
            [73.309297, 21.507886],
            [73.297108, 21.508866],
            [73.28679, 21.506616],
            [73.275751, 21.508196],
            [73.272621, 21.510866],
            [73.262773, 21.503636],
            [73.256543, 21.503826],
            [73.255293, 21.501657],
            [73.257563, 21.497927],
            [73.250244, 21.493947],
            [73.24454, 21.495709],
            [73.234116, 21.493937],
            [73.223455, 21.497755],
            [73.215638, 21.504816],
            [73.188702, 21.506786],
            [73.171587, 21.495331],
            [73.141363, 21.498168],
            [73.142052, 21.494388],
            [73.133179, 21.494863],
            [73.133632, 21.488921],
            [73.127446, 21.488921],
            [73.119398, 21.483732],
            [73.117391, 21.484942],
            [73.119191, 21.489521],
            [73.115702, 21.498101],
            [73.101226, 21.500114],
            [73.105122, 21.504617],
            [73.103402, 21.507977],
            [73.077795, 21.505397],
            [73.080095, 21.508857],
            [73.078285, 21.543554],
            [73.068687, 21.563003],
            [73.062137, 21.565443]
          ]
        ]
      },
      "properties": {
        "dtname": "Surat",
        "stname": "Gujarat",
        "stcode11": "24",
        "dtcode11": "492",
        "dist_lgd": 459,
        "state_lgd": 24
      }
    },
    {
      "type": "Feature",
      "geometry": {
        "type": "Polygon",
        "coordinates": [
          [
            [73.003702, 21.068771],
            [72.999862, 21.069651],
            [72.992994, 21.079371],
            [72.989925, 21.074889],
            [72.995524, 21.072492],
            [72.997894, 21.06419],
            [72.996312, 21.060104],
            [72.989973, 21.062651],
            [72.983256, 21.060853],
            [72.981844, 21.06402],
            [72.977317, 21.065211],
            [72.965059, 21.058042],
            [72.963948, 21.059853],
            [72.968777, 21.064231],
            [72.969694, 21.068801],
            [72.962028, 21.074129],
            [72.962547, 21.065783],
            [72.952166, 21.069501],
            [72.945637, 21.059153],
            [72.94098, 21.059132],
            [72.930128, 21.051405],
            [72.926362, 21.051835],
            [72.925869, 21.046402],
            [72.928961, 21.042874],
            [72.913644, 21.040133],
            [72.905933, 21.043016],
            [72.895674, 21.051553],
            [72.891317, 21.062121],
            [72.888034, 21.047932],
            [72.883416, 21.049901],
            [72.881199, 21.055271],
            [72.87098, 21.056152],
            [72.87112, 21.049183],
            [72.86261, 21.052791],
            [72.856721, 21.049905],
            [72.857348, 21.042874],
            [72.860831, 21.037414],
            [72.852812, 21.037544],
            [72.845143, 21.046973],
            [72.839223, 21.035365],
            [72.835794, 21.034163],
            [72.832893, 21.036963],
            [72.834164, 21.050032],
            [72.831233, 21.055514],
            [72.826565, 21.059342],
            [72.814106, 21.055662],
            [72.7929, 21.073551],
            [72.783416, 21.065413],
            [72.775148, 21.062211],
            [72.750013, 21.063683],
            [72.748934, 21.057224],
            [72.738315, 21.05083],
            [72.734047, 21.052535],
            [72.729, 21.06123],
            [72.724849, 21.059385],
            [72.725988, 21.0473],
            [72.72211, 21.039061],
            [72.726398, 21.014735],
            [72.732535, 21.001544],
            [72.733214, 20.992284],
            [72.738994, 20.981315],
            [72.743721, 20.958946],
            [72.754652, 20.938659],
            [72.765006, 20.935103],
            [72.769758, 20.937548],
            [72.774034, 20.936787],
            [72.787574, 20.943611],
            [72.809081, 20.946827],
            [72.820366, 20.9523],
            [72.813768, 20.942557],
            [72.812731, 20.937113],
            [72.819976, 20.927504],
            [72.805274, 20.926333],
            [72.792101, 20.918185],
            [72.787104, 20.919548],
            [72.784492, 20.925237],
            [72.780954, 20.924717],
            [72.780174, 20.921151],
            [72.817983, 20.834447],
            [72.824655, 20.824192],
            [72.827408, 20.8129],
            [72.832295, 20.807281],
            [72.839236, 20.805248],
            [72.83921, 20.80055],
            [72.828663, 20.799023],
            [72.820213, 20.793798],
            [72.82551, 20.78137],
            [72.838698, 20.768284],
            [72.837696, 20.765191],
            [72.849638, 20.760915],
            [72.854765, 20.750002],
            [72.863864, 20.741081],
            [72.876729, 20.740104],
            [72.88098, 20.733409],
            [72.928794, 20.734411],
            [72.935509, 20.733035],
            [72.94095, 20.728127],
            [72.941438, 20.722869],
            [72.957933, 20.719094],
            [72.96844, 20.727284],
            [72.963243, 20.735359],
            [72.962924, 20.741508],
            [72.971993, 20.745089],
            [72.9902, 20.733484],
            [72.996637, 20.735072],
            [72.993886, 20.726787],
            [72.999113, 20.727633],
            [73.00098, 20.725157],
            [73.008729, 20.729746],
            [73.016227, 20.730035],
            [73.012221, 20.727066],
            [73.018328, 20.7111],
            [73.028617, 20.707069],
            [73.033084, 20.701598],
            [73.043586, 20.701838],
            [73.047336, 20.699098],
            [73.039316, 20.68051],
            [73.031278, 20.680289],
            [73.028516, 20.676661],
            [73.030118, 20.670642],
            [73.034927, 20.669041],
            [73.032856, 20.665021],
            [73.055841, 20.664123],
            [73.072793, 20.652762],
            [73.065611, 20.627013],
            [73.0671, 20.622547],
            [73.071402, 20.622593],
            [73.067343, 20.611884],
            [73.072808, 20.59995],
            [73.083499, 20.6019],
            [73.095575, 20.597657],
            [73.100275, 20.600068],
            [73.109279, 20.594776],
            [73.115067, 20.594183],
            [73.121482, 20.601638],
            [73.140293, 20.59914],
            [73.152485, 20.605593],
            [73.165562, 20.599424],
            [73.172255, 20.602664],
            [73.178132, 20.594961],
            [73.186944, 20.591799],
            [73.203739, 20.593372],
            [73.210156, 20.602383],
            [73.218904, 20.602293],
            [73.225193, 20.595918],
            [73.241823, 20.59353],
            [73.245277, 20.588018],
            [73.254984, 20.585296],
            [73.258921, 20.579785],
            [73.273274, 20.58141],
            [73.289972, 20.592958],
            [73.294208, 20.589826],
            [73.30627, 20.591335],
            [73.309967, 20.594304],
            [73.310003, 20.598504],
            [73.314971, 20.601933],
            [73.322316, 20.595785],
            [73.325106, 20.600794],
            [73.330023, 20.599106],
            [73.333087, 20.603018],
            [73.352527, 20.60789],
            [73.359424, 20.616467],
            [73.368312, 20.613198],
            [73.369627, 20.61621],
            [73.375354, 20.6157],
            [73.379259, 20.618351],
            [73.384324, 20.613961],
            [73.400751, 20.623303],
            [73.406915, 20.623586],
            [73.407036, 20.627443],
            [73.409963, 20.629976],
            [73.4071, 20.635333],
            [73.398125, 20.640732],
            [73.394114, 20.640782],
            [73.392244, 20.649286],
            [73.395699, 20.652686],
            [73.406183, 20.654902],
            [73.412451, 20.661467],
            [73.419663, 20.660684],
            [73.430124, 20.664118],
            [73.434685, 20.670475],
            [73.432039, 20.677264],
            [73.444297, 20.681103],
            [73.448449, 20.693123],
            [73.440783, 20.699838],
            [73.449181, 20.717181],
            [73.459271, 20.716598],
            [73.466936, 20.72206],
            [73.467953, 20.729876],
            [73.465278, 20.7368],
            [73.467132, 20.745457],
            [73.469654, 20.747063],
            [73.478683, 20.745753],
            [73.490402, 20.757013],
            [73.487422, 20.785101],
            [73.482013, 20.796639],
            [73.488149, 20.800781],
            [73.494361, 20.809308],
            [73.49605, 20.819206],
            [73.491479, 20.815528],
            [73.483261, 20.814978],
            [73.472423, 20.818896],
            [73.464596, 20.815829],
            [73.460514, 20.8171],
            [73.453463, 20.80897],
            [73.442325, 20.808627],
            [73.4212, 20.818579],
            [73.403664, 20.822476],
            [73.396243, 20.827377],
            [73.392184, 20.82764],
            [73.388115, 20.822446],
            [73.381654, 20.823838],
            [73.374314, 20.831258],
            [73.367215, 20.832577],
            [73.368574, 20.838529],
            [73.365807, 20.841428],
            [73.350437, 20.848635],
            [73.34972, 20.859726],
            [73.342051, 20.862746],
            [73.332769, 20.859818],
            [73.332801, 20.867125],
            [73.323162, 20.868717],
            [73.318882, 20.877883],
            [73.312095, 20.881706],
            [73.305486, 20.875435],
            [73.301783, 20.850924],
            [73.311864, 20.848056],
            [73.312861, 20.841485],
            [73.310984, 20.839868],
            [73.306405, 20.841488],
            [73.306271, 20.838629],
            [73.302794, 20.837047],
            [73.305365, 20.835286],
            [73.299462, 20.822928],
            [73.301775, 20.818011],
            [73.291886, 20.81559],
            [73.288926, 20.818759],
            [73.280706, 20.82062],
            [73.278456, 20.816708],
            [73.272069, 20.820859],
            [73.2535, 20.819908],
            [73.253152, 20.823538],
            [73.247589, 20.82537],
            [73.243973, 20.83259],
            [73.247512, 20.848547],
            [73.239324, 20.851936],
            [73.235411, 20.849337],
            [73.226864, 20.856166],
            [73.222184, 20.855266],
            [73.216627, 20.858746],
            [73.214786, 20.857307],
            [73.212156, 20.861508],
            [73.195607, 20.859845],
            [73.195377, 20.870394],
            [73.189289, 20.869435],
            [73.185088, 20.888973],
            [73.178769, 20.889775],
            [73.171429, 20.899712],
            [73.164413, 20.903151],
            [73.155743, 20.900963],
            [73.142882, 20.905815],
            [73.137754, 20.904591],
            [73.134885, 20.897714],
            [73.125725, 20.897574],
            [73.125605, 20.922711],
            [73.109839, 20.926901],
            [73.107099, 20.92966],
            [73.098739, 20.930341],
            [73.092282, 20.936911],
            [73.09033, 20.940903],
            [73.092002, 20.943071],
            [73.089353, 20.94545],
            [73.092159, 20.954099],
            [73.088322, 20.95651],
            [73.089941, 20.959929],
            [73.087719, 20.96159],
            [73.088281, 20.967177],
            [73.08465, 20.967989],
            [73.082853, 20.966069],
            [73.080592, 20.96904],
            [73.081591, 20.972599],
            [73.079914, 20.97039],
            [73.076533, 20.97132],
            [73.073863, 20.977167],
            [73.072181, 20.973969],
            [73.068184, 20.97605],
            [73.065156, 20.974748],
            [73.062385, 20.978166],
            [73.063493, 20.983807],
            [73.056857, 20.984997],
            [73.056317, 20.988208],
            [73.049125, 20.992838],
            [73.038807, 21.006596],
            [73.034338, 21.004426],
            [73.030828, 21.007626],
            [73.025199, 21.020435],
            [73.01505, 21.018825],
            [73.008521, 21.022305],
            [73.007081, 21.033314],
            [73.01348, 21.036234],
            [73.012661, 21.047923],
            [73.01852, 21.049713],
            [73.01853, 21.057922],
            [73.01492, 21.065071],
            [73.007351, 21.066781],
            [73.006571, 21.069941],
            [73.003702, 21.068771]
          ]
        ]
      },
      "properties": {
        "dtname": "Navsari",
        "stname": "Gujarat",
        "stcode11": "24",
        "dtcode11": "490",
        "dist_lgd": 453,
        "state_lgd": 24
      }
    },
    {
      "type": "Feature",
      "geometry": {
        "type": "MultiPolygon",
        "coordinates": [
          [
            [
              [73.001282, 20.215218],
              [73.008317, 20.22896],
              [73.005477, 20.231968],
              [72.998403, 20.236751],
              [72.989512, 20.2388],
              [72.979225, 20.234035],
              [72.974617, 20.225725],
              [72.975861, 20.218269],
              [72.983773, 20.21306],
              [73.001282, 20.215218]
            ]
          ],
          [
            [
              [72.82379, 20.367223],
              [72.81998, 20.366578],
              [72.809883, 20.353475],
              [72.798988, 20.350374],
              [72.78907, 20.350551],
              [72.775736, 20.3328],
              [72.77436, 20.302171],
              [72.766324, 20.299232],
              [72.761761, 20.300068],
              [72.755557, 20.292578],
              [72.75242, 20.262279],
              [72.753868, 20.261056],
              [72.740738, 20.242863],
              [72.746329, 20.220344],
              [72.746904, 20.206854],
              [72.750487, 20.20372],
              [72.746676, 20.199931],
              [72.742816, 20.182228],
              [72.742664, 20.16645],
              [72.737671, 20.134336],
              [72.762693, 20.129821],
              [72.774805, 20.132146],
              [72.794114, 20.123341],
              [72.792212, 20.132817],
              [72.785271, 20.145122],
              [72.788624, 20.149324],
              [72.79927, 20.151557],
              [72.800161, 20.150102],
              [72.805847, 20.15447],
              [72.810691, 20.151587],
              [72.815155, 20.144686],
              [72.82447, 20.142022],
              [72.822369, 20.154984],
              [72.816322, 20.156685],
              [72.819629, 20.164769],
              [72.82009, 20.17542],
              [72.816036, 20.184444],
              [72.825262, 20.188993],
              [72.836952, 20.188457],
              [72.83089, 20.196767],
              [72.839032, 20.209127],
              [72.861185, 20.207611],
              [72.858737, 20.224742],
              [72.870502, 20.228324],
              [72.875177, 20.22601],
              [72.879117, 20.226908],
              [72.889613, 20.220237],
              [72.893063, 20.225845],
              [72.899415, 20.227841],
              [72.908083, 20.223424],
              [72.921226, 20.222713],
              [72.934452, 20.21595],
              [72.94951, 20.215849],
              [72.962497, 20.209654],
              [72.964906, 20.226743],
              [72.953978, 20.238256],
              [72.937609, 20.244817],
              [72.930644, 20.24441],
              [72.923197, 20.2572],
              [72.918383, 20.258679],
              [72.917518, 20.263394],
              [72.911715, 20.270261],
              [72.912391, 20.275351],
              [72.91601, 20.276013],
              [72.920799, 20.283676],
              [72.928579, 20.286311],
              [72.932009, 20.293491],
              [72.93795, 20.294388],
              [72.952051, 20.284084],
              [72.955287, 20.284199],
              [72.955681, 20.278906],
              [72.961839, 20.275023],
              [72.962234, 20.271337],
              [72.971193, 20.269061],
              [72.981928, 20.275503],
              [72.981172, 20.289265],
              [72.985355, 20.288079],
              [72.987282, 20.290873],
              [72.994406, 20.292314],
              [73.001023, 20.291967],
              [73.004826, 20.289172],
              [73.010046, 20.291209],
              [73.011568, 20.300388],
              [73.009424, 20.30981],
              [73.006152, 20.312797],
              [73.012171, 20.311691],
              [73.012405, 20.309331],
              [73.016694, 20.310369],
              [73.015321, 20.294016],
              [73.02661, 20.290671],
              [73.034292, 20.29163],
              [73.037702, 20.317669],
              [73.041741, 20.325988],
              [73.049241, 20.324412],
              [73.066647, 20.330034],
              [73.070268, 20.325471],
              [73.077173, 20.323481],
              [73.084534, 20.331822],
              [73.090271, 20.343933],
              [73.089061, 20.358685],
              [73.095804, 20.361328],
              [73.098636, 20.354697],
              [73.101693, 20.354743],
              [73.104782, 20.349938],
              [73.108032, 20.339022],
              [73.111255, 20.337773],
              [73.100374, 20.304821],
              [73.102807, 20.301776],
              [73.108524, 20.305267],
              [73.126955, 20.305511],
              [73.12944, 20.318318],
              [73.150781, 20.318339],
              [73.159406, 20.308852],
              [73.16573, 20.310432],
              [73.163494, 20.298204],
              [73.166304, 20.287874],
              [73.164944, 20.283993],
              [73.158228, 20.281308],
              [73.15367, 20.285231],
              [73.151734, 20.292033],
              [73.145848, 20.288581],
              [73.139974, 20.273793],
              [73.131234, 20.275028],
              [73.126002, 20.260758],
              [73.113989, 20.258313],
              [73.107, 20.250766],
              [73.106269, 20.246188],
              [73.097298, 20.238665],
              [73.097745, 20.229298],
              [73.08927, 20.226763],
              [73.082442, 20.230894],
              [73.07051, 20.232105],
              [73.063647, 20.227759],
              [73.062574, 20.224031],
              [73.05996, 20.223339],
              [73.053398, 20.205392],
              [73.048805, 20.200859],
              [73.053223, 20.19543],
              [73.059533, 20.193935],
              [73.0628, 20.177612],
              [73.060236, 20.161894],
              [73.07358, 20.155621],
              [73.079282, 20.173239],
              [73.087043, 20.170324],
              [73.090298, 20.160317],
              [73.099407, 20.156224],
              [73.108113, 20.157842],
              [73.115062, 20.151891],
              [73.116524, 20.15582],
              [73.11481, 20.158938],
              [73.115664, 20.162218],
              [73.119483, 20.16404],
              [73.119178, 20.168211],
              [73.128406, 20.173437],
              [73.13248, 20.169423],
              [73.136038, 20.170034],
              [73.141871, 20.177364],
              [73.138957, 20.184468],
              [73.134924, 20.184993],
              [73.133896, 20.18783],
              [73.132991, 20.205768],
              [73.137535, 20.207585],
              [73.13852, 20.204508],
              [73.147573, 20.200738],
              [73.152246, 20.2039],
              [73.157181, 20.198348],
              [73.168291, 20.208231],
              [73.171471, 20.198441],
              [73.178802, 20.197752],
              [73.177948, 20.192642],
              [73.190033, 20.195097],
              [73.191722, 20.19743],
              [73.206702, 20.188122],
              [73.208249, 20.189498],
              [73.217722, 20.185927],
              [73.218192, 20.181515],
              [73.21416, 20.171708],
              [73.205538, 20.164174],
              [73.189672, 20.164262],
              [73.185383, 20.155837],
              [73.18452, 20.147245],
              [73.18776, 20.128601],
              [73.197447, 20.126319],
              [73.203015, 20.119597],
              [73.210572, 20.120487],
              [73.217008, 20.128609],
              [73.217927, 20.136646],
              [73.225684, 20.140149],
              [73.224952, 20.123803],
              [73.229294, 20.122627],
              [73.243227, 20.128119],
              [73.249252, 20.122331],
              [73.254704, 20.126934],
              [73.253897, 20.137958],
              [73.265146, 20.140258],
              [73.279225, 20.150144],
              [73.28305, 20.198052],
              [73.289009, 20.19817],
              [73.299828, 20.209536],
              [73.305162, 20.208575],
              [73.314051, 20.202142],
              [73.324436, 20.206189],
              [73.336475, 20.200173],
              [73.343836, 20.199383],
              [73.346389, 20.20931],
              [73.3565, 20.213003],
              [73.361261, 20.207646],
              [73.353472, 20.202819],
              [73.353603, 20.200358],
              [73.364754, 20.195585],
              [73.366534, 20.196358],
              [73.366239, 20.20391],
              [73.37456, 20.204696],
              [73.378141, 20.210952],
              [73.382497, 20.21173],
              [73.386379, 20.209385],
              [73.385752, 20.196152],
              [73.388672, 20.192773],
              [73.394478, 20.198644],
              [73.405879, 20.195486],
              [73.416515, 20.198286],
              [73.421211, 20.206586],
              [73.420109, 20.210996],
              [73.41557, 20.212698],
              [73.417837, 20.222347],
              [73.413598, 20.224343],
              [73.411913, 20.232074],
              [73.41447, 20.235943],
              [73.410435, 20.238508],
              [73.417411, 20.242734],
              [73.41252, 20.244493],
              [73.415334, 20.250712],
              [73.4113, 20.253224],
              [73.416121, 20.258679],
              [73.413805, 20.25965],
              [73.415519, 20.261953],
              [73.41215, 20.265513],
              [73.415808, 20.268376],
              [73.412846, 20.270946],
              [73.415029, 20.274884],
              [73.4179, 20.273316],
              [73.419193, 20.275547],
              [73.423195, 20.274769],
              [73.4277, 20.28012],
              [73.42022, 20.297357],
              [73.420433, 20.307351],
              [73.415352, 20.31742],
              [73.416172, 20.324795],
              [73.413807, 20.325721],
              [73.418467, 20.330516],
              [73.417181, 20.335137],
              [73.414227, 20.336118],
              [73.413291, 20.346126],
              [73.409197, 20.349216],
              [73.413661, 20.352205],
              [73.413404, 20.356726],
              [73.406444, 20.373398],
              [73.406049, 20.384702],
              [73.400857, 20.385598],
              [73.384192, 20.372037],
              [73.380098, 20.378951],
              [73.379768, 20.393503],
              [73.387825, 20.398412],
              [73.39592, 20.396334],
              [73.398705, 20.405104],
              [73.40191, 20.406075],
              [73.405919, 20.402967],
              [73.404866, 20.409976],
              [73.41232, 20.410747],
              [73.414018, 20.416225],
              [73.419574, 20.413067],
              [73.418536, 20.417926],
              [73.423117, 20.422157],
              [73.421103, 20.430034],
              [73.428557, 20.442082],
              [73.431005, 20.45441],
              [73.435458, 20.455841],
              [73.44483, 20.474783],
              [73.456252, 20.478332],
              [73.459121, 20.491844],
              [73.467665, 20.496469],
              [73.468745, 20.505847],
              [73.466906, 20.509226],
              [73.469866, 20.520307],
              [73.492232, 20.535373],
              [73.493496, 20.539329],
              [73.475298, 20.543328],
              [73.479203, 20.560244],
              [73.473153, 20.584635],
              [73.44947, 20.594037],
              [73.435614, 20.593297],
              [73.429576, 20.595205],
              [73.431506, 20.600145],
              [73.426456, 20.60198],
              [73.428237, 20.606509],
              [73.423505, 20.614211],
              [73.425089, 20.617584],
              [73.418597, 20.627734],
              [73.400751, 20.623303],
              [73.384324, 20.613961],
              [73.379259, 20.618351],
              [73.375354, 20.6157],
              [73.369627, 20.61621],
              [73.368312, 20.613198],
              [73.359424, 20.616467],
              [73.352527, 20.60789],
              [73.333087, 20.603018],
              [73.330023, 20.599106],
              [73.325106, 20.600794],
              [73.322316, 20.595785],
              [73.314971, 20.601933],
              [73.310003, 20.598504],
              [73.309967, 20.594304],
              [73.30627, 20.591335],
              [73.294208, 20.589826],
              [73.289972, 20.592958],
              [73.273274, 20.58141],
              [73.258921, 20.579785],
              [73.254984, 20.585296],
              [73.245277, 20.588018],
              [73.241823, 20.59353],
              [73.225193, 20.595918],
              [73.218904, 20.602293],
              [73.210156, 20.602383],
              [73.203739, 20.593372],
              [73.186944, 20.591799],
              [73.178132, 20.594961],
              [73.172255, 20.602664],
              [73.165562, 20.599424],
              [73.152485, 20.605593],
              [73.140293, 20.59914],
              [73.121482, 20.601638],
              [73.115067, 20.594183],
              [73.109279, 20.594776],
              [73.100275, 20.600068],
              [73.095575, 20.597657],
              [73.083499, 20.6019],
              [73.072808, 20.59995],
              [73.067343, 20.611884],
              [73.071402, 20.622593],
              [73.0671, 20.622547],
              [73.065611, 20.627013],
              [73.072793, 20.652762],
              [73.055841, 20.664123],
              [73.032856, 20.665021],
              [73.034927, 20.669041],
              [73.030118, 20.670642],
              [73.028516, 20.676661],
              [73.031278, 20.680289],
              [73.039316, 20.68051],
              [73.047336, 20.699098],
              [73.043586, 20.701838],
              [73.033084, 20.701598],
              [73.028617, 20.707069],
              [73.018328, 20.7111],
              [73.012221, 20.727066],
              [73.016227, 20.730035],
              [73.008729, 20.729746],
              [73.00098, 20.725157],
              [72.999113, 20.727633],
              [72.993886, 20.726787],
              [72.996637, 20.735072],
              [72.9902, 20.733484],
              [72.971993, 20.745089],
              [72.962924, 20.741508],
              [72.963243, 20.735359],
              [72.96844, 20.727284],
              [72.957933, 20.719094],
              [72.941438, 20.722869],
              [72.94095, 20.728127],
              [72.935509, 20.733035],
              [72.928794, 20.734411],
              [72.880293, 20.733569],
              [72.876729, 20.740104],
              [72.863864, 20.741081],
              [72.853997, 20.7517],
              [72.849687, 20.750086],
              [72.8488, 20.744457],
              [72.8542, 20.714958],
              [72.864958, 20.68874],
              [72.875979, 20.649249],
              [72.879441, 20.643186],
              [72.884256, 20.6403],
              [72.896655, 20.59322],
              [72.898224, 20.574506],
              [72.886182, 20.543649],
              [72.889913, 20.53288],
              [72.887764, 20.532475],
              [72.886244, 20.526781],
              [72.888827, 20.508995],
              [72.885937, 20.497677],
              [72.879893, 20.492451],
              [72.872556, 20.493201],
              [72.858124, 20.465637],
              [72.877255, 20.461761],
              [72.886547, 20.462334],
              [72.887968, 20.450605],
              [72.895322, 20.444308],
              [72.887708, 20.438248],
              [72.874843, 20.445575],
              [72.865073, 20.429081],
              [72.861087, 20.4276],
              [72.857255, 20.418924],
              [72.871751, 20.413888],
              [72.881673, 20.419483],
              [72.88919, 20.419035],
              [72.893196, 20.421731],
              [72.897895, 20.42061],
              [72.904117, 20.414837],
              [72.901769, 20.410213],
              [72.902587, 20.405796],
              [72.891874, 20.399163],
              [72.882758, 20.39785],
              [72.8869, 20.385452],
              [72.896603, 20.379995],
              [72.890668, 20.372648],
              [72.876673, 20.369772],
              [72.865686, 20.372261],
              [72.864192, 20.375192],
              [72.856136, 20.37203],
              [72.844234, 20.374938],
              [72.835944, 20.373315],
              [72.827612, 20.366607],
              [72.82379, 20.367223]
            ],
            [
              [72.96854, 20.332491],
              [72.979098, 20.332236],
              [72.98256, 20.32036],
              [72.972857, 20.30865],
              [72.970838, 20.296859],
              [72.952772, 20.314014],
              [72.961118, 20.332423],
              [72.96854, 20.332491]
            ]
          ]
        ]
      },
      "properties": {
        "dtname": "Valsad",
        "stname": "Gujarat",
        "stcode11": "24",
        "dtcode11": "491",
        "dist_lgd": 462,
        "state_lgd": 24
      }
    },
    {
      "type": "Feature",
      "geometry": {
        "type": "MultiPolygon",
        "coordinates": [
          [
            [
              [73.157815, 23.496968],
              [73.155994, 23.499329],
              [73.152035, 23.495764],
              [73.157815, 23.496968]
            ]
          ],
          [
            [
              [73.358554, 23.909767],
              [73.343046, 23.900258],
              [73.343985, 23.887219],
              [73.342176, 23.883619],
              [73.325198, 23.888839],
              [73.321088, 23.884099],
              [73.312629, 23.881009],
              [73.30645, 23.890339],
              [73.298631, 23.890129],
              [73.291372, 23.886189],
              [73.287042, 23.87201],
              [73.298241, 23.866291],
              [73.30525, 23.859141],
              [73.299101, 23.849872],
              [73.296461, 23.838913],
              [73.292432, 23.840043],
              [73.288792, 23.832903],
              [73.277513, 23.836183],
              [73.267695, 23.848042],
              [73.249712, 23.858169],
              [73.241626, 23.87664],
              [73.242142, 23.886664],
              [73.226964, 23.886015],
              [73.222714, 23.883433],
              [73.226167, 23.871445],
              [73.22539, 23.856322],
              [73.212052, 23.835913],
              [73.203902, 23.828684],
              [73.202523, 23.823714],
              [73.179166, 23.821495],
              [73.168956, 23.809672],
              [73.177331, 23.807063],
              [73.175254, 23.803147],
              [73.182317, 23.7982],
              [73.180144, 23.792156],
              [73.189926, 23.793861],
              [73.19425, 23.791663],
              [73.192891, 23.786756],
              [73.184415, 23.77718],
              [73.171678, 23.778153],
              [73.170342, 23.776365],
              [73.155257, 23.736047],
              [73.173884, 23.735273],
              [73.175002, 23.731502],
              [73.172732, 23.729224],
              [73.17232, 23.721302],
              [73.176313, 23.728196],
              [73.190436, 23.725891],
              [73.191613, 23.719836],
              [73.18847, 23.715693],
              [73.189937, 23.701234],
              [73.192963, 23.701131],
              [73.194922, 23.695486],
              [73.212335, 23.684313],
              [73.230465, 23.691517],
              [73.237113, 23.684989],
              [73.233534, 23.66718],
              [73.255005, 23.658482],
              [73.249629, 23.649856],
              [73.238357, 23.643727],
              [73.244441, 23.632128],
              [73.25, 23.629352],
              [73.244888, 23.623322],
              [73.244577, 23.630639],
              [73.24213, 23.633324],
              [73.229348, 23.633559],
              [73.225749, 23.62819],
              [73.226609, 23.616971],
              [73.2176, 23.611971],
              [73.208841, 23.612471],
              [73.206851, 23.600892],
              [73.203841, 23.596323],
              [73.206961, 23.589643],
              [73.201691, 23.577994],
              [73.198422, 23.579834],
              [73.193012, 23.574944],
              [73.196182, 23.568525],
              [73.193172, 23.564735],
              [73.196082, 23.554416],
              [73.179134, 23.553966],
              [73.178274, 23.550486],
              [73.172175, 23.551026],
              [73.161316, 23.545237],
              [73.160136, 23.537917],
              [73.163326, 23.536477],
              [73.165876, 23.526548],
              [73.172455, 23.522658],
              [73.168635, 23.521279],
              [73.171375, 23.516869],
              [73.166465, 23.50381],
              [73.167838, 23.500165],
              [73.162972, 23.495733],
              [73.15538, 23.475902],
              [73.150203, 23.480829],
              [73.148588, 23.479258],
              [73.138451, 23.481643],
              [73.130498, 23.479314],
              [73.129871, 23.472574],
              [73.125309, 23.472072],
              [73.120283, 23.46642],
              [73.121159, 23.46344],
              [73.124986, 23.463201],
              [73.120259, 23.461314],
              [73.116971, 23.453377],
              [73.126953, 23.441533],
              [73.123034, 23.434889],
              [73.122638, 23.416677],
              [73.140681, 23.422879],
              [73.144026, 23.414211],
              [73.137299, 23.411263],
              [73.135915, 23.414803],
              [73.12481, 23.414415],
              [73.124839, 23.410754],
              [73.135292, 23.395945],
              [73.131006, 23.379069],
              [73.120339, 23.373972],
              [73.120359, 23.372198],
              [73.114603, 23.371308],
              [73.105418, 23.376454],
              [73.092184, 23.375671],
              [73.092886, 23.384195],
              [73.075076, 23.375947],
              [73.073238, 23.372921],
              [73.087398, 23.367431],
              [73.087164, 23.363941],
              [73.089478, 23.362831],
              [73.08586, 23.357891],
              [73.09298, 23.357621],
              [73.097001, 23.351636],
              [73.102918, 23.34853],
              [73.100547, 23.345514],
              [73.099962, 23.33522],
              [73.103298, 23.324625],
              [73.098147, 23.318272],
              [73.086361, 23.314825],
              [73.086407, 23.309353],
              [73.080573, 23.301202],
              [73.07842, 23.292908],
              [73.089118, 23.279976],
              [73.088156, 23.277379],
              [73.090478, 23.274197],
              [73.082415, 23.270741],
              [73.078933, 23.263715],
              [73.066788, 23.257946],
              [73.054192, 23.264821],
              [73.055021, 23.267648],
              [73.050582, 23.271515],
              [73.055858, 23.275793],
              [73.053639, 23.28526],
              [73.027078, 23.275516],
              [73.015445, 23.27787],
              [72.999912, 23.270255],
              [72.989706, 23.250772],
              [72.986208, 23.228043],
              [72.981445, 23.222453],
              [72.982934, 23.209056],
              [72.984765, 23.208192],
              [72.981698, 23.202416],
              [72.986234, 23.200616],
              [72.980365, 23.190764],
              [72.977538, 23.178377],
              [72.984435, 23.174855],
              [72.983148, 23.171529],
              [72.973545, 23.168158],
              [72.971188, 23.163559],
              [72.975658, 23.159867],
              [72.980399, 23.159376],
              [73.010905, 23.161746],
              [73.018909, 23.159878],
              [73.019761, 23.169549],
              [73.025829, 23.165196],
              [73.032219, 23.168189],
              [73.033459, 23.162298],
              [73.037981, 23.161578],
              [73.044497, 23.165378],
              [73.063666, 23.158967],
              [73.069793, 23.15966],
              [73.075157, 23.167246],
              [73.082456, 23.170756],
              [73.086343, 23.168288],
              [73.093482, 23.168416],
              [73.115109, 23.183394],
              [73.11451, 23.184966],
              [73.120681, 23.186564],
              [73.124578, 23.196745],
              [73.133888, 23.205724],
              [73.145888, 23.196332],
              [73.155494, 23.192936],
              [73.158063, 23.173178],
              [73.152583, 23.171287],
              [73.151025, 23.167157],
              [73.160976, 23.149348],
              [73.171521, 23.139218],
              [73.171004, 23.134541],
              [73.18267, 23.14135],
              [73.180962, 23.14354],
              [73.183781, 23.146438],
              [73.188321, 23.146427],
              [73.18867, 23.150057],
              [73.192099, 23.144949],
              [73.195269, 23.146437],
              [73.199642, 23.143749],
              [73.200341, 23.146209],
              [73.202479, 23.145757],
              [73.201218, 23.12526],
              [73.205846, 23.110083],
              [73.217616, 23.10539],
              [73.225137, 23.10553],
              [73.224978, 23.101322],
              [73.226837, 23.101312],
              [73.231893, 23.088901],
              [73.228996, 23.084334],
              [73.237055, 23.086433],
              [73.240964, 23.070614],
              [73.273539, 23.058435],
              [73.282967, 23.063605],
              [73.298916, 23.083922],
              [73.307206, 23.08588],
              [73.326035, 23.082072],
              [73.326373, 23.092014],
              [73.330042, 23.094051],
              [73.330602, 23.098702],
              [73.340743, 23.1007],
              [73.342133, 23.103811],
              [73.339433, 23.107702],
              [73.341151, 23.110651],
              [73.340022, 23.11652],
              [73.33654, 23.122027],
              [73.335933, 23.127689],
              [73.338661, 23.130597],
              [73.355849, 23.13851],
              [73.363909, 23.131327],
              [73.37338, 23.13857],
              [73.369147, 23.150696],
              [73.370567, 23.167207],
              [73.375455, 23.168873],
              [73.374606, 23.171465],
              [73.35557, 23.176864],
              [73.3505, 23.183635],
              [73.34527, 23.180673],
              [73.342272, 23.181575],
              [73.347383, 23.188944],
              [73.34173, 23.200095],
              [73.351459, 23.203013],
              [73.355282, 23.210422],
              [73.385119, 23.220893],
              [73.374147, 23.236289],
              [73.37831, 23.240691],
              [73.385736, 23.24391],
              [73.392304, 23.251146],
              [73.414657, 23.265729],
              [73.427486, 23.26963],
              [73.43696, 23.276859],
              [73.443573, 23.277516],
              [73.462189, 23.287114],
              [73.472952, 23.288466],
              [73.476025, 23.280356],
              [73.475053, 23.268555],
              [73.486494, 23.275206],
              [73.524859, 23.285125],
              [73.534219, 23.291984],
              [73.54023, 23.308285],
              [73.557295, 23.317481],
              [73.557906, 23.327594],
              [73.563994, 23.336351],
              [73.563965, 23.346121],
              [73.570242, 23.34862],
              [73.575881, 23.357949],
              [73.586222, 23.365099],
              [73.587482, 23.371808],
              [73.594684, 23.37953],
              [73.593881, 23.383376],
              [73.611859, 23.389148],
              [73.61539, 23.396878],
              [73.623236, 23.400688],
              [73.630217, 23.413645],
              [73.628936, 23.416865],
              [73.631299, 23.423266],
              [73.622458, 23.428874],
              [73.6203, 23.436765],
              [73.634316, 23.462381],
              [73.633205, 23.469221],
              [73.640328, 23.48272],
              [73.640716, 23.496408],
              [73.649616, 23.49647],
              [73.656365, 23.507458],
              [73.650515, 23.518547],
              [73.633068, 23.528686],
              [73.635137, 23.538355],
              [73.633108, 23.555094],
              [73.636617, 23.564603],
              [73.640577, 23.568023],
              [73.647186, 23.566063],
              [73.649676, 23.568103],
              [73.644157, 23.572262],
              [73.647606, 23.574622],
              [73.643357, 23.594371],
              [73.644847, 23.60411],
              [73.655655, 23.621289],
              [73.640667, 23.628208],
              [73.61548, 23.652116],
              [73.572656, 23.653766],
              [73.568546, 23.652896],
              [73.546469, 23.625989],
              [73.533011, 23.619549],
              [73.531181, 23.61418],
              [73.524872, 23.61184],
              [73.523082, 23.6069],
              [73.506394, 23.619029],
              [73.503464, 23.618319],
              [73.503794, 23.624429],
              [73.493765, 23.632338],
              [73.505734, 23.638838],
              [73.508774, 23.644387],
              [73.496605, 23.649157],
              [73.503884, 23.656716],
              [73.508414, 23.695493],
              [73.505184, 23.698813],
              [73.507394, 23.703043],
              [73.490656, 23.706902],
              [73.481407, 23.704203],
              [73.473518, 23.705233],
              [73.471419, 23.719731],
              [73.46037, 23.727311],
              [73.456741, 23.73352],
              [73.449212, 23.73481],
              [73.446682, 23.7444],
              [73.447732, 23.752869],
              [73.431894, 23.756519],
              [73.431154, 23.761248],
              [73.424335, 23.761638],
              [73.419275, 23.769508],
              [73.416406, 23.770318],
              [73.418386, 23.776257],
              [73.412886, 23.779397],
              [73.408577, 23.779167],
              [73.400248, 23.785057],
              [73.38624, 23.776657],
              [73.38253, 23.768048],
              [73.370272, 23.765468],
              [73.371521, 23.770488],
              [73.363772, 23.778147],
              [73.363332, 23.782227],
              [73.356063, 23.785017],
              [73.351844, 23.791396],
              [73.357733, 23.794286],
              [73.367562, 23.813244],
              [73.368112, 23.822604],
              [73.365083, 23.824184],
              [73.368552, 23.831883],
              [73.367392, 23.839982],
              [73.357834, 23.846612],
              [73.353844, 23.852851],
              [73.356074, 23.854571],
              [73.355724, 23.859231],
              [73.361123, 23.8727],
              [73.368782, 23.879629],
              [73.371012, 23.891138],
              [73.377711, 23.896148],
              [73.378631, 23.904527],
              [73.376651, 23.906237],
              [73.365293, 23.905147],
              [73.364173, 23.909397],
              [73.358554, 23.909767]
            ],
            [
              [73.423519, 23.280663],
              [73.422589, 23.284485],
              [73.434885, 23.288032],
              [73.435538, 23.282631],
              [73.424252, 23.278491],
              [73.423519, 23.280663]
            ]
          ]
        ]
      },
      "properties": {
        "dtname": "Arvalli",
        "stname": "Gujarat",
        "stcode11": "24",
        "dtcode11": "725",
        "dist_lgd": 672,
        "state_lgd": 24
      }
    },
    {
      "type": "Feature",
      "geometry": {
        "type": "Polygon",
        "coordinates": [
          [
            [74.020874, 22.571821],
            [74.017547, 22.574059],
            [74.015298, 22.559419],
            [73.993587, 22.555962],
            [73.98577, 22.549732],
            [73.974421, 22.545252],
            [73.96976, 22.538522],
            [73.965033, 22.536033],
            [73.952162, 22.534893],
            [73.936255, 22.538444],
            [73.926205, 22.530135],
            [73.924495, 22.520505],
            [73.910496, 22.512526],
            [73.908386, 22.509185],
            [73.905057, 22.507194],
            [73.890581, 22.508447],
            [73.880341, 22.502917],
            [73.849026, 22.512853],
            [73.837887, 22.529896],
            [73.838727, 22.533292],
            [73.83288, 22.533954],
            [73.809703, 22.548833],
            [73.785802, 22.548443],
            [73.784165, 22.546541],
            [73.772857, 22.548313],
            [73.764095, 22.545544],
            [73.755548, 22.547263],
            [73.748269, 22.538603],
            [73.741059, 22.536663],
            [73.72877, 22.515445],
            [73.73227, 22.504827],
            [73.732372, 22.491897],
            [73.725291, 22.476938],
            [73.722879, 22.460138],
            [73.726363, 22.454059],
            [73.736501, 22.454919],
            [73.734669, 22.447099],
            [73.740729, 22.438652],
            [73.73766, 22.428124],
            [73.730869, 22.420981],
            [73.72966, 22.414313],
            [73.73924, 22.395243],
            [73.735079, 22.388545],
            [73.744788, 22.386655],
            [73.769535, 22.389154],
            [73.769893, 22.383515],
            [73.764664, 22.371067],
            [73.757434, 22.366186],
            [73.756398, 22.356919],
            [73.752895, 22.354876],
            [73.752659, 22.34762],
            [73.749517, 22.343897],
            [73.747447, 22.346901],
            [73.737518, 22.343539],
            [73.73318, 22.33867],
            [73.72583, 22.33746],
            [73.729558, 22.331421],
            [73.72686, 22.319159],
            [73.723461, 22.316163],
            [73.726358, 22.308571],
            [73.72907, 22.308633],
            [73.731571, 22.303994],
            [73.72728, 22.296343],
            [73.729158, 22.290291],
            [73.731808, 22.290764],
            [73.73084, 22.288064],
            [73.72605, 22.292813],
            [73.723311, 22.288814],
            [73.716703, 22.290023],
            [73.713621, 22.303192],
            [73.708701, 22.303723],
            [73.698921, 22.299763],
            [73.697225, 22.286525],
            [73.65352, 22.288214],
            [73.65047, 22.296071],
            [73.642061, 22.301541],
            [73.634453, 22.302693],
            [73.628902, 22.31283],
            [73.645649, 22.315113],
            [73.644262, 22.3164],
            [73.65065, 22.324202],
            [73.655248, 22.336578],
            [73.664728, 22.338558],
            [73.673848, 22.337431],
            [73.677688, 22.339529],
            [73.689467, 22.33738],
            [73.694054, 22.339247],
            [73.689243, 22.346167],
            [73.703641, 22.348721],
            [73.705152, 22.358518],
            [73.682367, 22.374598],
            [73.671225, 22.375749],
            [73.64384, 22.387106],
            [73.639509, 22.386126],
            [73.629832, 22.389744],
            [73.633551, 22.378184],
            [73.625953, 22.372667],
            [73.616413, 22.36081],
            [73.618545, 22.352718],
            [73.615443, 22.346839],
            [73.612613, 22.347498],
            [73.612352, 22.33821],
            [73.625622, 22.337881],
            [73.629252, 22.33128],
            [73.620841, 22.326119],
            [73.616575, 22.324362],
            [73.58169, 22.326312],
            [73.544181, 22.331179],
            [73.54735, 22.314474],
            [73.541535, 22.297663],
            [73.54915, 22.288155],
            [73.542143, 22.288765],
            [73.539631, 22.286795],
            [73.540121, 22.279083],
            [73.544191, 22.278643],
            [73.545301, 22.273157],
            [73.531204, 22.262796],
            [73.524593, 22.261438],
            [73.523589, 22.250817],
            [73.521135, 22.248147],
            [73.508367, 22.249046],
            [73.498088, 22.235618],
            [73.491608, 22.235928],
            [73.491648, 22.224599],
            [73.486369, 22.224679],
            [73.480865, 22.219015],
            [73.486469, 22.207731],
            [73.492438, 22.204411],
            [73.501615, 22.20428],
            [73.505285, 22.199451],
            [73.503955, 22.18901],
            [73.495398, 22.177583],
            [73.496347, 22.166904],
            [73.504427, 22.152567],
            [73.506258, 22.154117],
            [73.508397, 22.152326],
            [73.506024, 22.144747],
            [73.515427, 22.144817],
            [73.515976, 22.143016],
            [73.518926, 22.144806],
            [73.506987, 22.134358],
            [73.506667, 22.122586],
            [73.500948, 22.112427],
            [73.497507, 22.109618],
            [73.482019, 22.105829],
            [73.477219, 22.099519],
            [73.47615, 22.08679],
            [73.478989, 22.080701],
            [73.484158, 22.077281],
            [73.486538, 22.070551],
            [73.489328, 22.071731],
            [73.489148, 22.078121],
            [73.497037, 22.076671],
            [73.501655, 22.07853],
            [73.514154, 22.092148],
            [73.524154, 22.09341],
            [73.540343, 22.091319],
            [73.539103, 22.082319],
            [73.532414, 22.07146],
            [73.542382, 22.066693],
            [73.542191, 22.061811],
            [73.529141, 22.061972],
            [73.532151, 22.058754],
            [73.530892, 22.050652],
            [73.544859, 22.047562],
            [73.56317, 22.054551],
            [73.562857, 22.0615],
            [73.56807, 22.059212],
            [73.572325, 22.052522],
            [73.576147, 22.053643],
            [73.582334, 22.064901],
            [73.589397, 22.06586],
            [73.597714, 22.072071],
            [73.602883, 22.071101],
            [73.609073, 22.077911],
            [73.609102, 22.082092],
            [73.614572, 22.079071],
            [73.614761, 22.07028],
            [73.620362, 22.073179],
            [73.625003, 22.072759],
            [73.630821, 22.079532],
            [73.630351, 22.066889],
            [73.63802, 22.067683],
            [73.644967, 22.073322],
            [73.64847, 22.072048],
            [73.652086, 22.060402],
            [73.657289, 22.062013],
            [73.659337, 22.055962],
            [73.657505, 22.054441],
            [73.661907, 22.048213],
            [73.660544, 22.043102],
            [73.665654, 22.043353],
            [73.666678, 22.04678],
            [73.673595, 22.048711],
            [73.677515, 22.053812],
            [73.684514, 22.051222],
            [73.683585, 22.043172],
            [73.676015, 22.043134],
            [73.674464, 22.026282],
            [73.671984, 22.026834],
            [73.669966, 22.014805],
            [73.678094, 22.009565],
            [73.679733, 22.001048],
            [73.682753, 22.009694],
            [73.686923, 22.012623],
            [73.690114, 22.011425],
            [73.691085, 22.000983],
            [73.687931, 21.99908],
            [73.689214, 21.996332],
            [73.686828, 21.995961],
            [73.688826, 21.987264],
            [73.69608, 21.98829],
            [73.693239, 21.992903],
            [73.698792, 21.993416],
            [73.698462, 21.999016],
            [73.701813, 22.001748],
            [73.700852, 22.005907],
            [73.708049, 22.009715],
            [73.707131, 21.994166],
            [73.702697, 21.992652],
            [73.704591, 21.976848],
            [73.71469, 21.979437],
            [73.71535, 21.981617],
            [73.728918, 21.981527],
            [73.731198, 21.978537],
            [73.736767, 21.977497],
            [73.748235, 21.962539],
            [73.757896, 21.962931],
            [73.77074, 21.967676],
            [73.773552, 21.961478],
            [73.781037, 21.95992],
            [73.777464, 21.952711],
            [73.778726, 21.939956],
            [73.788148, 21.935116],
            [73.790028, 21.931184],
            [73.795582, 21.935174],
            [73.79581, 21.943207],
            [73.799215, 21.948401],
            [73.800945, 21.944894],
            [73.803491, 21.944719],
            [73.803724, 21.941531],
            [73.808192, 21.940178],
            [73.8009, 21.937881],
            [73.800507, 21.929387],
            [73.803866, 21.929452],
            [73.820106, 21.93587],
            [73.82295, 21.940341],
            [73.854975, 21.952617],
            [73.8559, 21.947329],
            [73.860445, 21.943568],
            [73.859856, 21.934745],
            [73.868152, 21.924323],
            [73.871762, 21.923063],
            [73.88931, 21.926192],
            [73.908475, 21.906826],
            [73.907661, 21.903146],
            [73.9108, 21.898309],
            [73.931158, 21.889159],
            [73.940511, 21.870909],
            [73.96875, 21.885895],
            [74.028858, 21.912137],
            [74.031229, 21.916086],
            [74.047895, 21.925],
            [74.084048, 21.933727],
            [74.128224, 21.949778],
            [74.136095, 21.950182],
            [74.139383, 21.945472],
            [74.146263, 21.946441],
            [74.146848, 21.952892],
            [74.141883, 21.955737],
            [74.14755, 21.960717],
            [74.141296, 21.963838],
            [74.140344, 21.972671],
            [74.144207, 21.975402],
            [74.149886, 21.975167],
            [74.148648, 21.983426],
            [74.150595, 21.986591],
            [74.145502, 21.987743],
            [74.143745, 21.990845],
            [74.120441, 21.9957],
            [74.118431, 21.998933],
            [74.098006, 21.998314],
            [74.096771, 22.000001],
            [74.099684, 22.001424],
            [74.092142, 22.014834],
            [74.095003, 22.018984],
            [74.114282, 22.024441],
            [74.115351, 22.029783],
            [74.121231, 22.03219],
            [74.123657, 22.036091],
            [74.140149, 22.040321],
            [74.138987, 22.043401],
            [74.131407, 22.047831],
            [74.13629, 22.052929],
            [74.160075, 22.058818],
            [74.158615, 22.06971],
            [74.163955, 22.073438],
            [74.164723, 22.082848],
            [74.178653, 22.085477],
            [74.175941, 22.089695],
            [74.170336, 22.091805],
            [74.169364, 22.096935],
            [74.167135, 22.097347],
            [74.169293, 22.100597],
            [74.153714, 22.100398],
            [74.152557, 22.106006],
            [74.128488, 22.094648],
            [74.126269, 22.098396],
            [74.124462, 22.097908],
            [74.128848, 22.121036],
            [74.128329, 22.124486],
            [74.123352, 22.127606],
            [74.12278, 22.135684],
            [74.1269, 22.143103],
            [74.13055, 22.144431],
            [74.130168, 22.154703],
            [74.133857, 22.160541],
            [74.121442, 22.167401],
            [74.120802, 22.182238],
            [74.11813, 22.185349],
            [74.12165, 22.194737],
            [74.117383, 22.206468],
            [74.122329, 22.212397],
            [74.117082, 22.216117],
            [74.112732, 22.214035],
            [74.111054, 22.218099],
            [74.106214, 22.220248],
            [74.097213, 22.218346],
            [74.092043, 22.220499],
            [74.072175, 22.219157],
            [74.069328, 22.232716],
            [74.074045, 22.238186],
            [74.083895, 22.239245],
            [74.087183, 22.242795],
            [74.083883, 22.246944],
            [74.075036, 22.247564],
            [74.074476, 22.265644],
            [74.067767, 22.265412],
            [74.058798, 22.274615],
            [74.054719, 22.28284],
            [74.055967, 22.289921],
            [74.05238, 22.294092],
            [74.053758, 22.303751],
            [74.062438, 22.304919],
            [74.06144, 22.311678],
            [74.064577, 22.331858],
            [74.071569, 22.335988],
            [74.072202, 22.343481],
            [74.064766, 22.354607],
            [74.070778, 22.361287],
            [74.09207, 22.360846],
            [74.095675, 22.371114],
            [74.105073, 22.371815],
            [74.112094, 22.366885],
            [74.113672, 22.357145],
            [74.125119, 22.356098],
            [74.12739, 22.341496],
            [74.125313, 22.337418],
            [74.127861, 22.332736],
            [74.134112, 22.3326],
            [74.142139, 22.327118],
            [74.150598, 22.326837],
            [74.154079, 22.329599],
            [74.164575, 22.324301],
            [74.190334, 22.32026],
            [74.192834, 22.332396],
            [74.192201, 22.346326],
            [74.194303, 22.348398],
            [74.197933, 22.342649],
            [74.202774, 22.348525],
            [74.204041, 22.366707],
            [74.210572, 22.360685],
            [74.22388, 22.356365],
            [74.222138, 22.364634],
            [74.224947, 22.368745],
            [74.222359, 22.375046],
            [74.223707, 22.379944],
            [74.243294, 22.376052],
            [74.242756, 22.382424],
            [74.251026, 22.382624],
            [74.254285, 22.385833],
            [74.256735, 22.399652],
            [74.270702, 22.392694],
            [74.274829, 22.392095],
            [74.279413, 22.394803],
            [74.289058, 22.392294],
            [74.291178, 22.394012],
            [74.267463, 22.405552],
            [74.27059, 22.413148],
            [74.262607, 22.418158],
            [74.262481, 22.423597],
            [74.252786, 22.432948],
            [74.236278, 22.435198],
            [74.227397, 22.43892],
            [74.221587, 22.437759],
            [74.215241, 22.441298],
            [74.21338, 22.43151],
            [74.201623, 22.43451],
            [74.204221, 22.451418],
            [74.20323, 22.467037],
            [74.198982, 22.472968],
            [74.193401, 22.475476],
            [74.187896, 22.475506],
            [74.179933, 22.462216],
            [74.180576, 22.454639],
            [74.185344, 22.450957],
            [74.184126, 22.441539],
            [74.169495, 22.439259],
            [74.169745, 22.431831],
            [74.160449, 22.431211],
            [74.152539, 22.44306],
            [74.155257, 22.454099],
            [74.14921, 22.455658],
            [74.142757, 22.446868],
            [74.133951, 22.445921],
            [74.130161, 22.435039],
            [74.128199, 22.43522],
            [74.127961, 22.426912],
            [74.12629, 22.426672],
            [74.127752, 22.42204],
            [74.124741, 22.41733],
            [74.119112, 22.418761],
            [74.116674, 22.424451],
            [74.104906, 22.429511],
            [74.104453, 22.436271],
            [74.101315, 22.435268],
            [74.099746, 22.43804],
            [74.096965, 22.450267],
            [74.103396, 22.45574],
            [74.104153, 22.464527],
            [74.095437, 22.468179],
            [74.090637, 22.466336],
            [74.085657, 22.469906],
            [74.075325, 22.464295],
            [74.073528, 22.477646],
            [74.076455, 22.483585],
            [74.082169, 22.484435],
            [74.086014, 22.476805],
            [74.087538, 22.482215],
            [74.086195, 22.491584],
            [74.082525, 22.495705],
            [74.082517, 22.506785],
            [74.054369, 22.509556],
            [74.049719, 22.499514],
            [74.043802, 22.496576],
            [74.0408, 22.486546],
            [74.033393, 22.489897],
            [74.029382, 22.507954],
            [74.038513, 22.515843],
            [74.036782, 22.525812],
            [74.041142, 22.541793],
            [74.054199, 22.549281],
            [74.06114, 22.549839],
            [74.055573, 22.562538],
            [74.04598, 22.565311],
            [74.03934, 22.570419],
            [74.020874, 22.571821]
          ],
          [
            [74.165704, 22.416119],
            [74.175233, 22.418062],
            [74.175446, 22.401564],
            [74.179664, 22.396844],
            [74.179155, 22.387994],
            [74.165145, 22.397254],
            [74.165036, 22.405874],
            [74.15737, 22.411642],
            [74.158109, 22.414283],
            [74.165704, 22.416119]
          ]
        ]
      },
      "properties": {
        "dtname": "Chhotaudepur",
        "stname": "Gujarat",
        "stcode11": "24",
        "dtcode11": "731",
        "dist_lgd": 668,
        "state_lgd": 24
      }
    },
    {
      "type": "Feature",
      "geometry": {
        "type": "MultiPolygon",
        "coordinates": [
          [
            [
              [73.789266, 22.790182],
              [73.775363, 22.788898],
              [73.77659, 22.782454],
              [73.780383, 22.778382],
              [73.778464, 22.773175],
              [73.781985, 22.769923],
              [73.78571, 22.769657],
              [73.797141, 22.777557],
              [73.794783, 22.784461],
              [73.789266, 22.790182]
            ]
          ],
          [
            [
              [74.004391, 23.335918],
              [73.997802, 23.33573],
              [73.996212, 23.328878],
              [73.987666, 23.319653],
              [73.984676, 23.310085],
              [73.986097, 23.301403],
              [73.994797, 23.294249],
              [73.997212, 23.289148],
              [73.987949, 23.281569],
              [73.983261, 23.261534],
              [73.989384, 23.256868],
              [73.991574, 23.250047],
              [73.994255, 23.248479],
              [73.990355, 23.24017],
              [73.992691, 23.227916],
              [73.989792, 23.220939],
              [73.985367, 23.218536],
              [73.970226, 23.225104],
              [73.964723, 23.224783],
              [73.966409, 23.222092],
              [73.965117, 23.216999],
              [73.968342, 23.206579],
              [73.979527, 23.207867],
              [73.982071, 23.211607],
              [73.985657, 23.207959],
              [73.983902, 23.202339],
              [73.980003, 23.199888],
              [73.98061, 23.193224],
              [73.983845, 23.192841],
              [73.983569, 23.191076],
              [73.972852, 23.188774],
              [73.975165, 23.184659],
              [73.97187, 23.180016],
              [73.973716, 23.172155],
              [73.975342, 23.172966],
              [73.979767, 23.166578],
              [73.985352, 23.165772],
              [73.992245, 23.16038],
              [73.992125, 23.147769],
              [73.995402, 23.145256],
              [73.995066, 23.13613],
              [73.981398, 23.139631],
              [73.978211, 23.1371],
              [73.975535, 23.124097],
              [73.982104, 23.118855],
              [73.993881, 23.115721],
              [73.99811, 23.114868],
              [74.003594, 23.117422],
              [74.004929, 23.108672],
              [74.013094, 23.103755],
              [74.012066, 23.102029],
              [74.019133, 23.091804],
              [74.012929, 23.087789],
              [74.00298, 23.089019],
              [74.00174, 23.086329],
              [73.997882, 23.085772],
              [73.982414, 23.098519],
              [73.968603, 23.100108],
              [73.964623, 23.111167],
              [73.959007, 23.114006],
              [73.953375, 23.108668],
              [73.945357, 23.110256],
              [73.945147, 23.101317],
              [73.942227, 23.098338],
              [73.93045, 23.097341],
              [73.928579, 23.09354],
              [73.91771, 23.09199],
              [73.906663, 23.081089],
              [73.90525, 23.068502],
              [73.908159, 23.053354],
              [73.90427, 23.049954],
              [73.908842, 23.033235],
              [73.908312, 23.023063],
              [73.913973, 23.013915],
              [73.906089, 23.007668],
              [73.902814, 22.995897],
              [73.90348, 22.985016],
              [73.928239, 22.977167],
              [73.921467, 22.966211],
              [73.904679, 22.963998],
              [73.901332, 22.95324],
              [73.89534, 22.952392],
              [73.89336, 22.947182],
              [73.884883, 22.947901],
              [73.881865, 22.946023],
              [73.893252, 22.936852],
              [73.904132, 22.935103],
              [73.907363, 22.93177],
              [73.90764, 22.927652],
              [73.892815, 22.917184],
              [73.880512, 22.901776],
              [73.874634, 22.879296],
              [73.863117, 22.861357],
              [73.854179, 22.84172],
              [73.84011, 22.84449],
              [73.837348, 22.824542],
              [73.839687, 22.820791],
              [73.847228, 22.817862],
              [73.850796, 22.801811],
              [73.849847, 22.792853],
              [73.846005, 22.791814],
              [73.842858, 22.797841],
              [73.831218, 22.802661],
              [73.825642, 22.789204],
              [73.81338, 22.789042],
              [73.810384, 22.785396],
              [73.821823, 22.783508],
              [73.824517, 22.786453],
              [73.831474, 22.785842],
              [73.83543, 22.774967],
              [73.851791, 22.758554],
              [73.854837, 22.745309],
              [73.853656, 22.743171],
              [73.844425, 22.742523],
              [73.834308, 22.736931],
              [73.834684, 22.734899],
              [73.837356, 22.735275],
              [73.83767, 22.729339],
              [73.834717, 22.724682],
              [73.836166, 22.716653],
              [73.832655, 22.707643],
              [73.826416, 22.700835],
              [73.821533, 22.701625],
              [73.815823, 22.697488],
              [73.807679, 22.701414],
              [73.803736, 22.687645],
              [73.807275, 22.676142],
              [73.823729, 22.67388],
              [73.830296, 22.659497],
              [73.826332, 22.658128],
              [73.826127, 22.649659],
              [73.822515, 22.646637],
              [73.827076, 22.644854],
              [73.826773, 22.640921],
              [73.812838, 22.638737],
              [73.809169, 22.62679],
              [73.797187, 22.612627],
              [73.808911, 22.610753],
              [73.823536, 22.611295],
              [73.82407, 22.613465],
              [73.829198, 22.613701],
              [73.82782, 22.608578],
              [73.832562, 22.607124],
              [73.842742, 22.610303],
              [73.843275, 22.606473],
              [73.845232, 22.607775],
              [73.850608, 22.600938],
              [73.852799, 22.592189],
              [73.863652, 22.581019],
              [73.864634, 22.57234],
              [73.851053, 22.566117],
              [73.845424, 22.572974],
              [73.834302, 22.568698],
              [73.811166, 22.567533],
              [73.808252, 22.559325],
              [73.808987, 22.553139],
              [73.802903, 22.548828],
              [73.809703, 22.548833],
              [73.83288, 22.533954],
              [73.838727, 22.533292],
              [73.837887, 22.529896],
              [73.844184, 22.517656],
              [73.852063, 22.510957],
              [73.876201, 22.503116],
              [73.880341, 22.502917],
              [73.890581, 22.508447],
              [73.905587, 22.507433],
              [73.924495, 22.520505],
              [73.926205, 22.530135],
              [73.936255, 22.538444],
              [73.952162, 22.534893],
              [73.965033, 22.536033],
              [73.96976, 22.538522],
              [73.974421, 22.545252],
              [73.98577, 22.549732],
              [73.993587, 22.555962],
              [74.015298, 22.559419],
              [74.017547, 22.574059],
              [74.023223, 22.57059],
              [74.03934, 22.570419],
              [74.04598, 22.565311],
              [74.055573, 22.562538],
              [74.06114, 22.549839],
              [74.074639, 22.551402],
              [74.099262, 22.538351],
              [74.1013, 22.534424],
              [74.107302, 22.539412],
              [74.11184, 22.539672],
              [74.121586, 22.528204],
              [74.127103, 22.526866],
              [74.126836, 22.524472],
              [74.130543, 22.523932],
              [74.133094, 22.520251],
              [74.150668, 22.521268],
              [74.150365, 22.528966],
              [74.170688, 22.547149],
              [74.180313, 22.54818],
              [74.189512, 22.553599],
              [74.190103, 22.559469],
              [74.183296, 22.566488],
              [74.193594, 22.568818],
              [74.200481, 22.565731],
              [74.203691, 22.568728],
              [74.204604, 22.56581],
              [74.210033, 22.564259],
              [74.21125, 22.57486],
              [74.221831, 22.583568],
              [74.231369, 22.611804],
              [74.240657, 22.611866],
              [74.24351, 22.620515],
              [74.253395, 22.621475],
              [74.255125, 22.623486],
              [74.253578, 22.634662],
              [74.258825, 22.636853],
              [74.263557, 22.643972],
              [74.266666, 22.642114],
              [74.266154, 22.638353],
              [74.271825, 22.639165],
              [74.277365, 22.646004],
              [74.293213, 22.637913],
              [74.31197, 22.636454],
              [74.314796, 22.633871],
              [74.323717, 22.635952],
              [74.322776, 22.640702],
              [74.329348, 22.641733],
              [74.332116, 22.638722],
              [74.337598, 22.640295],
              [74.359094, 22.633995],
              [74.374512, 22.635942],
              [74.37906, 22.634433],
              [74.37961, 22.640371],
              [74.38429, 22.646294],
              [74.380662, 22.6584],
              [74.381981, 22.667511],
              [74.394978, 22.685638],
              [74.394402, 22.699608],
              [74.399528, 22.709378],
              [74.396939, 22.713546],
              [74.401698, 22.730974],
              [74.408909, 22.740255],
              [74.413879, 22.743035],
              [74.415957, 22.754063],
              [74.421356, 22.756752],
              [74.435545, 22.782601],
              [74.437877, 22.792041],
              [74.433783, 22.807899],
              [74.449222, 22.808299],
              [74.464773, 22.816391],
              [74.470601, 22.841067],
              [74.476433, 22.854816],
              [74.470203, 22.863773],
              [74.470252, 22.877535],
              [74.463991, 22.886442],
              [74.463892, 22.898272],
              [74.460764, 22.906843],
              [74.446833, 22.921081],
              [74.433635, 22.91249],
              [74.433228, 22.917949],
              [74.418478, 22.917042],
              [74.410518, 22.911843],
              [74.413596, 22.906094],
              [74.404448, 22.90359],
              [74.404101, 22.899301],
              [74.401659, 22.89773],
              [74.393408, 22.896603],
              [74.38546, 22.90455],
              [74.37756, 22.907201],
              [74.370596, 22.92173],
              [74.359053, 22.930069],
              [74.357667, 22.939211],
              [74.339495, 22.952889],
              [74.337408, 22.95669],
              [74.338488, 22.963689],
              [74.349686, 22.971465],
              [74.350446, 22.974278],
              [74.365465, 22.975896],
              [74.363685, 22.981666],
              [74.349382, 23.00685],
              [74.344935, 23.028398],
              [74.321927, 23.041223],
              [74.318176, 23.062104],
              [74.312479, 23.072919],
              [74.297826, 23.083979],
              [74.282874, 23.088532],
              [74.277644, 23.094302],
              [74.277124, 23.099399],
              [74.287122, 23.117122],
              [74.274367, 23.130753],
              [74.268552, 23.155819],
              [74.264675, 23.16193],
              [74.24736, 23.171431],
              [74.240799, 23.184692],
              [74.231636, 23.177267],
              [74.223791, 23.181507],
              [74.212517, 23.183667],
              [74.212558, 23.186931],
              [74.202924, 23.190309],
              [74.195779, 23.180538],
              [74.188599, 23.178148],
              [74.182933, 23.166344],
              [74.185424, 23.156821],
              [74.178878, 23.147279],
              [74.171659, 23.154713],
              [74.154483, 23.156487],
              [74.154072, 23.152045],
              [74.151689, 23.153016],
              [74.141204, 23.173154],
              [74.121476, 23.176193],
              [74.116377, 23.184658],
              [74.119019, 23.191905],
              [74.119394, 23.204628],
              [74.130072, 23.211147],
              [74.128622, 23.21666],
              [74.134469, 23.223025],
              [74.131157, 23.229229],
              [74.133727, 23.229856],
              [74.130079, 23.245117],
              [74.132013, 23.247202],
              [74.130773, 23.256489],
              [74.13264, 23.266191],
              [74.109218, 23.274363],
              [74.107555, 23.284439],
              [74.100579, 23.293811],
              [74.096166, 23.293246],
              [74.08593, 23.298039],
              [74.082978, 23.296092],
              [74.071383, 23.298825],
              [74.048286, 23.293321],
              [74.038164, 23.293447],
              [74.044856, 23.308809],
              [74.035522, 23.305007],
              [74.033067, 23.30599],
              [74.024805, 23.32106],
              [74.028655, 23.331672],
              [74.004391, 23.335918]
            ]
          ]
        ]
      },
      "properties": {
        "dtname": "Dahod",
        "stname": "Gujarat",
        "stcode11": "24",
        "dtcode11": "485",
        "dist_lgd": 445,
        "state_lgd": 24
      }
    },
    {
      "type": "Feature",
      "geometry": {
        "type": "MultiPolygon",
        "coordinates": [
          [
            [
              [73.564685, 21.010579],
              [73.561146, 21.014496],
              [73.557631, 21.01487],
              [73.554295, 21.009779],
              [73.546884, 21.006629],
              [73.544165, 20.974114],
              [73.539806, 20.969637],
              [73.535778, 20.959167],
              [73.537427, 20.951287],
              [73.532665, 20.947468],
              [73.519757, 20.947068],
              [73.530266, 20.939198],
              [73.530125, 20.934388],
              [73.512401, 20.935389],
              [73.511038, 20.926081],
              [73.496201, 20.92155],
              [73.489432, 20.913841],
              [73.492141, 20.900151],
              [73.488141, 20.891293],
              [73.499231, 20.877552],
              [73.496553, 20.870265],
              [73.492241, 20.867834],
              [73.491751, 20.861674],
              [73.499283, 20.859855],
              [73.502812, 20.855954],
              [73.504849, 20.843726],
              [73.49866, 20.838416],
              [73.499651, 20.828737],
              [73.496059, 20.824368],
              [73.494361, 20.809308],
              [73.488149, 20.800781],
              [73.482013, 20.796639],
              [73.487422, 20.785101],
              [73.490402, 20.757013],
              [73.478683, 20.745753],
              [73.467901, 20.746233],
              [73.465468, 20.739993],
              [73.465708, 20.732162],
              [73.468024, 20.729063],
              [73.466676, 20.722149],
              [73.474648, 20.720388],
              [73.475625, 20.709865],
              [73.483668, 20.701414],
              [73.483997, 20.691555],
              [73.490266, 20.686384],
              [73.486265, 20.675164],
              [73.481757, 20.679593],
              [73.478564, 20.676664],
              [73.479626, 20.672206],
              [73.48439, 20.670162],
              [73.484588, 20.665582],
              [73.489217, 20.6637],
              [73.489235, 20.655734],
              [73.495624, 20.653607],
              [73.497567, 20.658587],
              [73.502507, 20.662271],
              [73.504515, 20.670677],
              [73.511333, 20.665759],
              [73.517901, 20.667434],
              [73.52049, 20.678848],
              [73.521576, 20.675276],
              [73.532788, 20.672744],
              [73.533222, 20.66924],
              [73.550799, 20.648559],
              [73.557854, 20.645866],
              [73.561853, 20.650397],
              [73.566642, 20.648416],
              [73.568364, 20.651407],
              [73.589142, 20.641725],
              [73.595989, 20.636108],
              [73.599515, 20.636903],
              [73.612743, 20.624422],
              [73.615194, 20.624819],
              [73.616859, 20.617923],
              [73.62228, 20.614238],
              [73.627311, 20.596421],
              [73.626831, 20.585478],
              [73.629685, 20.58126],
              [73.645021, 20.573978],
              [73.652683, 20.564872],
              [73.660863, 20.562473],
              [73.669116, 20.563478],
              [73.695377, 20.578373],
              [73.699682, 20.575255],
              [73.715465, 20.576444],
              [73.732326, 20.57442],
              [73.741985, 20.568836],
              [73.744561, 20.564918],
              [73.746214, 20.568752],
              [73.76074, 20.573736],
              [73.763599, 20.58674],
              [73.767632, 20.586549],
              [73.775393, 20.600224],
              [73.777988, 20.59944],
              [73.791266, 20.605272],
              [73.797273, 20.602602],
              [73.798402, 20.598677],
              [73.80706, 20.608387],
              [73.817271, 20.613566],
              [73.826011, 20.612462],
              [73.832374, 20.618818],
              [73.838394, 20.620463],
              [73.832741, 20.645717],
              [73.839091, 20.658775],
              [73.830988, 20.670321],
              [73.830622, 20.675103],
              [73.817206, 20.672037],
              [73.816925, 20.679155],
              [73.811852, 20.692033],
              [73.825431, 20.700718],
              [73.835438, 20.702102],
              [73.839159, 20.698021],
              [73.850515, 20.695855],
              [73.855171, 20.692251],
              [73.856245, 20.700394],
              [73.860833, 20.700282],
              [73.859691, 20.703172],
              [73.862619, 20.703235],
              [73.86677, 20.710583],
              [73.868584, 20.720027],
              [73.874421, 20.729534],
              [73.882529, 20.733426],
              [73.89551, 20.731664],
              [73.904755, 20.72529],
              [73.905552, 20.726807],
              [73.917327, 20.724849],
              [73.917866, 20.729559],
              [73.927262, 20.734344],
              [73.929564, 20.727614],
              [73.931745, 20.732825],
              [73.942661, 20.742084],
              [73.938031, 20.749221],
              [73.941058, 20.752491],
              [73.94131, 20.758325],
              [73.931861, 20.760623],
              [73.934733, 20.773308],
              [73.932978, 20.791875],
              [73.936123, 20.800901],
              [73.931918, 20.80863],
              [73.944034, 20.824089],
              [73.940563, 20.828471],
              [73.940332, 20.839454],
              [73.929352, 20.842357],
              [73.923724, 20.851378],
              [73.924539, 20.858621],
              [73.922642, 20.862402],
              [73.924796, 20.866479],
              [73.923367, 20.8745],
              [73.925573, 20.877367],
              [73.925726, 20.888504],
              [73.922162, 20.892312],
              [73.917538, 20.907781],
              [73.900094, 20.920782],
              [73.888199, 20.933591],
              [73.885694, 20.929617],
              [73.875888, 20.927811],
              [73.877715, 20.931505],
              [73.874081, 20.938596],
              [73.866981, 20.944128],
              [73.821601, 20.953721],
              [73.820286, 20.94771],
              [73.814627, 20.948973],
              [73.812129, 20.955782],
              [73.797311, 20.958671],
              [73.794138, 20.976029],
              [73.789724, 20.985064],
              [73.78122, 20.98827],
              [73.774892, 20.987585],
              [73.771358, 20.994393],
              [73.765636, 20.993039],
              [73.761577, 20.999901],
              [73.75573, 20.999517],
              [73.752671, 21.006135],
              [73.740898, 21.002303],
              [73.728844, 21.006069],
              [73.725306, 21.001293],
              [73.717682, 21.006558],
              [73.712015, 21.004412],
              [73.705327, 21.006353],
              [73.692964, 21.000785],
              [73.687008, 21.005656],
              [73.67128, 21.001136],
              [73.667535, 21.006087],
              [73.660187, 21.007673],
              [73.651991, 21.002522],
              [73.652123, 20.991856],
              [73.645674, 20.990534],
              [73.644735, 20.979433],
              [73.637825, 20.975334],
              [73.629613, 20.978265],
              [73.620274, 20.990883],
              [73.610719, 20.992576],
              [73.613346, 20.981385],
              [73.600609, 20.974556],
              [73.595837, 20.958925],
              [73.585002, 20.970114],
              [73.59195, 20.991806],
              [73.591131, 20.999605],
              [73.572792, 21.013019],
              [73.564685, 21.010579]
            ]
          ],
          [
            [
              [73.810487, 21.065272],
              [73.807741, 21.084893],
              [73.794102, 21.071443],
              [73.780326, 21.064527],
              [73.760212, 21.069401],
              [73.737142, 21.080044],
              [73.734384, 21.071006],
              [73.736669, 21.063941],
              [73.73429, 21.054974],
              [73.738095, 21.041387],
              [73.747773, 21.040771],
              [73.753551, 21.036176],
              [73.761635, 21.038277],
              [73.764002, 21.032295],
              [73.768264, 21.030988],
              [73.767929, 21.021983],
              [73.761761, 21.010982],
              [73.767537, 21.011704],
              [73.778704, 21.019718],
              [73.80226, 21.024204],
              [73.80666, 21.006422],
              [73.805264, 20.997345],
              [73.819404, 20.995151],
              [73.827509, 20.988546],
              [73.843599, 20.987647],
              [73.846001, 21.000008],
              [73.850604, 20.998283],
              [73.849444, 20.999773],
              [73.814997, 21.023496],
              [73.795526, 21.044519],
              [73.810519, 21.058372],
              [73.810487, 21.065272]
            ]
          ]
        ]
      },
      "properties": {
        "dtname": "Dangs",
        "stname": "Gujarat",
        "stcode11": "24",
        "dtcode11": "489",
        "dist_lgd": 444,
        "state_lgd": 24
      }
    },
    {
      "type": "Feature",
      "geometry": {
        "type": "Polygon",
        "coordinates": [
          [
            [70.585553, 21.16028],
            [70.576873, 21.16955],
            [70.566281, 21.164446],
            [70.564241, 21.1548],
            [70.549219, 21.154056],
            [70.551778, 21.134374],
            [70.525845, 21.134601],
            [70.518824, 21.141285],
            [70.502374, 21.141344],
            [70.500818, 21.105297],
            [70.506787, 21.093268],
            [70.483982, 21.093797],
            [70.483163, 21.096906],
            [70.477034, 21.098754],
            [70.46877, 21.097895],
            [70.463927, 21.093421],
            [70.456958, 21.091497],
            [70.447897, 21.091072],
            [70.447439, 21.079692],
            [70.44956, 21.07774],
            [70.452173, 21.079017],
            [70.453971, 21.076356],
            [70.450327, 21.062868],
            [70.455732, 21.058192],
            [70.455845, 21.054516],
            [70.463629, 21.054141],
            [70.462006, 21.050141],
            [70.446705, 21.036049],
            [70.441406, 21.039077],
            [70.43545, 21.037178],
            [70.436092, 21.043722],
            [70.432246, 21.048713],
            [70.421559, 21.041179],
            [70.421858, 21.044923],
            [70.410733, 21.048046],
            [70.406274, 21.051728],
            [70.406972, 21.054478],
            [70.400747, 21.053373],
            [70.400779, 21.04677],
            [70.394057, 21.037455],
            [70.395369, 21.025193],
            [70.392992, 21.018785],
            [70.388812, 21.015318],
            [70.378875, 21.015029],
            [70.373835, 21.008305],
            [70.36272, 21.010784],
            [70.362263, 21.012667],
            [70.367539, 21.013159],
            [70.370458, 21.017937],
            [70.365716, 21.021758],
            [70.365975, 21.024278],
            [70.359511, 21.023302],
            [70.360463, 21.026716],
            [70.355552, 21.025966],
            [70.35837, 21.031485],
            [70.350837, 21.034338],
            [70.342873, 21.027129],
            [70.337924, 21.025869],
            [70.328423, 21.014707],
            [70.316625, 21.014279],
            [70.30308, 21.006222],
            [70.293527, 21.019551],
            [70.276975, 21.013782],
            [70.275063, 21.018067],
            [70.27231, 21.013929],
            [70.255766, 21.007275],
            [70.246214, 20.995889],
            [70.237995, 20.992333],
            [70.256828, 20.973234],
            [70.293994, 20.946173],
            [70.308086, 20.938825],
            [70.322801, 20.926036],
            [70.346221, 20.915422],
            [70.364252, 20.900372],
            [70.370081, 20.899739],
            [70.373354, 20.896478],
            [70.369764, 20.900827],
            [70.373638, 20.903445],
            [70.395738, 20.891511],
            [70.424746, 20.862238],
            [70.431253, 20.86058],
            [70.43772, 20.852899],
            [70.442704, 20.853495],
            [70.447415, 20.848414],
            [70.452217, 20.848078],
            [70.468338, 20.839027],
            [70.473937, 20.839701],
            [70.480219, 20.835518],
            [70.485722, 20.83521],
            [70.490176, 20.827829],
            [70.508403, 20.820981],
            [70.523444, 20.810551],
            [70.53454, 20.807385],
            [70.537136, 20.803829],
            [70.541988, 20.801826],
            [70.551834, 20.803416],
            [70.562313, 20.79245],
            [70.574714, 20.79072],
            [70.585666, 20.781586],
            [70.609489, 20.776419],
            [70.612161, 20.771114],
            [70.621126, 20.770636],
            [70.627925, 20.766079],
            [70.634604, 20.764556],
            [70.634867, 20.76708],
            [70.645825, 20.76344],
            [70.646025, 20.761036],
            [70.649151, 20.761262],
            [70.657274, 20.755674],
            [70.662887, 20.757759],
            [70.663013, 20.760974],
            [70.666824, 20.76097],
            [70.703846, 20.736595],
            [70.724637, 20.72682],
            [70.729672, 20.726966],
            [70.73355, 20.722528],
            [70.742337, 20.718542],
            [70.749613, 20.717576],
            [70.756095, 20.721971],
            [70.76622, 20.720243],
            [70.772614, 20.715886],
            [70.788503, 20.710988],
            [70.802845, 20.70035],
            [70.807549, 20.70028],
            [70.82158, 20.693451],
            [70.821791, 20.691362],
            [70.828131, 20.690113],
            [70.838988, 20.690096],
            [70.832752, 20.697433],
            [70.84414, 20.706468],
            [70.873005, 20.704479],
            [70.874219, 20.706414],
            [70.870788, 20.708873],
            [70.872132, 20.718353],
            [70.878065, 20.728537],
            [70.910105, 20.736838],
            [70.919493, 20.743095],
            [70.926596, 20.73706],
            [70.931715, 20.736893],
            [70.93851, 20.732431],
            [70.960412, 20.736721],
            [70.964354, 20.729615],
            [70.974021, 20.727866],
            [70.981276, 20.722686],
            [70.984475, 20.732254],
            [70.993066, 20.735775],
            [70.999486, 20.742229],
            [71.00807, 20.736937],
            [71.028963, 20.737103],
            [71.04307, 20.734421],
            [71.043827, 20.731063],
            [71.050609, 20.730424],
            [71.060576, 20.73606],
            [71.064613, 20.733425],
            [71.06689, 20.735675],
            [71.071821, 20.734586],
            [71.078961, 20.736762],
            [71.081087, 20.742594],
            [71.073012, 20.743323],
            [71.07414, 20.745047],
            [71.076493, 20.743541],
            [71.07903, 20.750668],
            [71.086511, 20.755549],
            [71.111647, 20.757323],
            [71.11744, 20.754239],
            [71.127966, 20.757737],
            [71.134966, 20.756164],
            [71.145849, 20.757796],
            [71.146391, 20.771343],
            [71.15096, 20.771556],
            [71.160705, 20.779904],
            [71.203535, 20.789558],
            [71.203017, 20.791351],
            [71.208335, 20.793738],
            [71.204037, 20.794306],
            [71.20383, 20.798832],
            [71.223569, 20.8159],
            [71.220679, 20.82012],
            [71.221314, 20.827024],
            [71.215153, 20.83173],
            [71.21207, 20.84032],
            [71.214896, 20.85038],
            [71.208133, 20.861859],
            [71.20481, 20.873802],
            [71.188549, 20.873371],
            [71.185428, 20.878814],
            [71.179566, 20.880392],
            [71.176541, 20.887587],
            [71.182233, 20.892661],
            [71.190938, 20.895743],
            [71.193262, 20.902096],
            [71.177605, 20.919028],
            [71.184444, 20.926072],
            [71.18969, 20.922813],
            [71.205434, 20.927006],
            [71.205681, 20.931077],
            [71.219811, 20.957116],
            [71.193571, 20.978937],
            [71.189228, 20.975448],
            [71.187522, 20.967902],
            [71.17841, 20.964708],
            [71.173348, 20.96699],
            [71.168961, 20.960169],
            [71.16513, 20.962002],
            [71.155335, 20.959624],
            [71.151541, 20.954616],
            [71.145162, 20.955191],
            [71.147425, 20.951835],
            [71.136229, 20.950245],
            [71.137039, 20.954207],
            [71.131912, 20.960087],
            [71.124551, 20.962197],
            [71.121436, 20.966044],
            [71.125215, 20.985138],
            [71.132822, 20.989794],
            [71.129402, 20.993298],
            [71.13038, 21.002256],
            [71.126753, 21.003171],
            [71.125013, 21.008979],
            [71.114429, 21.011146],
            [71.107047, 21.015869],
            [71.089182, 21.016975],
            [71.091415, 21.019612],
            [71.090651, 21.025859],
            [71.084939, 21.027899],
            [71.085782, 21.03212],
            [71.090384, 21.03625],
            [71.079344, 21.040139],
            [71.075591, 21.024615],
            [71.068342, 21.017973],
            [71.068345, 21.008581],
            [71.073504, 21.001059],
            [71.071935, 20.987702],
            [71.066743, 20.989173],
            [71.066295, 20.987088],
            [71.06347, 20.989829],
            [71.052426, 20.991425],
            [71.045932, 20.988021],
            [71.044858, 20.983781],
            [71.048961, 20.980923],
            [71.041755, 20.974725],
            [71.042992, 20.972646],
            [71.036095, 20.96965],
            [71.036985, 20.965758],
            [71.023491, 20.968412],
            [71.020872, 20.962577],
            [71.014105, 20.956812],
            [71.007998, 20.958336],
            [71.000003, 20.955991],
            [71.000891, 20.950377],
            [71.00274, 20.950359],
            [71.001571, 20.948458],
            [70.988871, 20.948495],
            [70.990957, 20.961951],
            [70.984978, 20.965405],
            [70.981433, 20.964562],
            [70.978568, 20.969447],
            [70.983626, 20.981802],
            [70.967611, 20.986335],
            [70.961904, 20.995231],
            [70.957277, 20.995775],
            [70.953189, 20.992834],
            [70.934182, 20.988277],
            [70.93129, 20.976859],
            [70.921769, 20.973348],
            [70.917695, 20.974367],
            [70.909667, 20.969581],
            [70.907017, 20.962387],
            [70.909982, 20.957142],
            [70.902134, 20.959522],
            [70.902414, 20.963645],
            [70.899224, 20.957949],
            [70.892977, 20.963248],
            [70.871963, 20.932851],
            [70.861923, 20.95745],
            [70.860922, 20.966993],
            [70.873676, 20.967452],
            [70.860808, 20.974187],
            [70.859102, 20.979101],
            [70.861494, 20.978861],
            [70.861011, 20.980936],
            [70.857444, 20.979541],
            [70.856463, 20.970614],
            [70.83902, 20.971764],
            [70.840312, 20.97704],
            [70.83644, 20.98332],
            [70.840842, 20.994076],
            [70.837589, 20.994339],
            [70.833482, 20.988041],
            [70.818001, 20.996367],
            [70.81211, 20.99474],
            [70.802516, 20.999406],
            [70.804819, 20.996484],
            [70.803383, 20.994649],
            [70.782523, 20.990077],
            [70.776854, 20.995726],
            [70.780309, 21.002272],
            [70.768685, 21.003673],
            [70.765694, 21.002598],
            [70.76605, 20.998039],
            [70.768227, 20.996871],
            [70.76304, 20.997184],
            [70.762906, 20.984701],
            [70.759376, 20.986499],
            [70.756921, 20.98028],
            [70.744212, 20.976258],
            [70.749194, 20.967862],
            [70.754335, 20.964596],
            [70.746328, 20.968061],
            [70.736058, 20.977219],
            [70.726626, 20.994778],
            [70.718062, 20.994371],
            [70.718259, 20.998451],
            [70.715509, 20.998631],
            [70.712524, 21.007392],
            [70.707893, 21.00945],
            [70.707972, 21.011321],
            [70.714259, 21.01097],
            [70.713666, 21.022955],
            [70.72455, 21.037081],
            [70.722685, 21.061324],
            [70.715468, 21.059611],
            [70.708605, 21.052363],
            [70.711833, 21.061959],
            [70.699437, 21.082411],
            [70.693799, 21.082298],
            [70.691974, 21.080443],
            [70.694052, 21.077878],
            [70.68308, 21.075653],
            [70.669364, 21.074501],
            [70.665543, 21.076801],
            [70.671691, 21.080765],
            [70.673088, 21.088963],
            [70.670334, 21.090962],
            [70.671001, 21.094643],
            [70.660695, 21.099231],
            [70.665994, 21.104355],
            [70.666322, 21.111291],
            [70.649879, 21.120674],
            [70.649304, 21.11393],
            [70.6425, 21.107858],
            [70.640688, 21.107462],
            [70.64021, 21.111296],
            [70.631947, 21.107773],
            [70.626313, 21.111932],
            [70.621514, 21.110043],
            [70.621622, 21.114031],
            [70.616531, 21.12172],
            [70.620157, 21.12601],
            [70.622695, 21.135549],
            [70.618257, 21.137768],
            [70.617485, 21.143297],
            [70.613773, 21.14628],
            [70.616473, 21.147931],
            [70.614779, 21.149687],
            [70.616159, 21.15303],
            [70.608249, 21.151033],
            [70.599664, 21.15628],
            [70.595239, 21.149752],
            [70.59009, 21.150145],
            [70.591554, 21.154963],
            [70.588726, 21.15575],
            [70.587841, 21.160557],
            [70.585553, 21.16028]
          ]
        ]
      },
      "properties": {
        "dtname": "Gir Somnath",
        "stname": "Gujarat",
        "stcode11": "24",
        "dtcode11": "729",
        "dist_lgd": 675,
        "state_lgd": 24
      }
    },
    {
      "type": "Feature",
      "geometry": {
        "type": "Polygon",
        "coordinates": [
          [
            [70.119513, 21.680519],
            [70.107074, 21.669364],
            [70.105901, 21.664013],
            [70.103089, 21.662495],
            [70.109057, 21.645169],
            [70.09076, 21.648933],
            [70.07675, 21.640431],
            [70.056628, 21.636749],
            [70.05831, 21.626633],
            [70.047447, 21.620031],
            [70.046349, 21.615325],
            [70.038793, 21.611917],
            [70.04065, 21.607529],
            [70.049542, 21.612012],
            [70.068482, 21.610435],
            [70.070008, 21.59752],
            [70.073665, 21.592893],
            [70.070723, 21.585098],
            [70.059213, 21.584082],
            [70.047571, 21.586759],
            [70.0461, 21.593036],
            [70.047671, 21.59771],
            [70.034202, 21.593066],
            [70.030803, 21.601563],
            [70.019671, 21.596873],
            [70.020745, 21.59355],
            [70.013566, 21.59192],
            [69.99057, 21.579435],
            [69.983736, 21.595421],
            [69.986097, 21.601868],
            [69.98142, 21.598516],
            [69.979104, 21.600654],
            [69.978185, 21.59799],
            [69.977133, 21.599544],
            [69.965944, 21.590217],
            [69.964362, 21.59183],
            [69.975898, 21.566381],
            [69.986625, 21.5722],
            [70.002618, 21.542891],
            [69.982661, 21.53376],
            [69.982234, 21.530075],
            [69.992727, 21.507263],
            [69.985053, 21.506207],
            [69.996439, 21.47388],
            [70.009566, 21.477853],
            [70.028811, 21.477924],
            [70.029352, 21.46919],
            [70.022259, 21.443951],
            [69.999707, 21.440801],
            [69.979653, 21.432495],
            [69.982648, 21.431576],
            [69.981723, 21.426465],
            [69.990317, 21.419838],
            [69.992164, 21.407051],
            [69.997111, 21.4006],
            [69.988402, 21.395875],
            [69.981561, 21.404249],
            [69.977517, 21.403985],
            [69.954107, 21.401304],
            [69.944239, 21.39696],
            [69.943484, 21.390503],
            [69.950767, 21.385672],
            [69.941701, 21.372368],
            [69.956896, 21.343509],
            [69.978273, 21.336023],
            [69.976422, 21.295011],
            [69.996981, 21.298127],
            [70.012906, 21.277632],
            [70.026426, 21.282978],
            [70.028052, 21.280866],
            [70.028856, 21.273817],
            [70.021862, 21.27081],
            [70.002662, 21.254919],
            [70.000728, 21.25196],
            [70.002646, 21.244314],
            [69.988299, 21.236138],
            [69.981856, 21.227978],
            [70.047677, 21.156947],
            [70.090811, 21.114818],
            [70.106261, 21.104393],
            [70.139106, 21.076164],
            [70.143591, 21.069336],
            [70.159879, 21.05482],
            [70.225339, 21.000302],
            [70.238931, 20.992491],
            [70.241735, 20.99313],
            [70.254444, 21.006299],
            [70.27231, 21.013929],
            [70.275063, 21.018067],
            [70.276975, 21.013782],
            [70.293527, 21.019551],
            [70.30308, 21.006222],
            [70.316625, 21.014279],
            [70.328423, 21.014707],
            [70.337924, 21.025869],
            [70.342873, 21.027129],
            [70.350837, 21.034338],
            [70.35837, 21.031485],
            [70.355552, 21.025966],
            [70.360463, 21.026716],
            [70.359511, 21.023302],
            [70.365975, 21.024278],
            [70.365716, 21.021758],
            [70.370458, 21.017937],
            [70.367539, 21.013159],
            [70.362263, 21.012667],
            [70.36272, 21.010784],
            [70.372969, 21.008038],
            [70.378875, 21.015029],
            [70.391428, 21.016392],
            [70.395369, 21.025193],
            [70.394057, 21.037455],
            [70.400779, 21.04677],
            [70.399929, 21.052605],
            [70.406159, 21.054397],
            [70.410733, 21.048046],
            [70.421858, 21.044923],
            [70.421559, 21.041179],
            [70.432246, 21.048713],
            [70.436092, 21.043722],
            [70.43545, 21.037178],
            [70.441406, 21.039077],
            [70.446705, 21.036049],
            [70.462006, 21.050141],
            [70.463629, 21.054141],
            [70.455845, 21.054516],
            [70.455732, 21.058192],
            [70.450327, 21.062868],
            [70.453971, 21.076356],
            [70.452173, 21.079017],
            [70.44956, 21.07774],
            [70.447439, 21.079692],
            [70.447897, 21.091072],
            [70.456958, 21.091497],
            [70.463927, 21.093421],
            [70.46877, 21.097895],
            [70.477034, 21.098754],
            [70.483163, 21.096906],
            [70.483982, 21.093797],
            [70.506787, 21.093268],
            [70.500818, 21.105297],
            [70.502374, 21.141344],
            [70.518824, 21.141285],
            [70.525845, 21.134601],
            [70.551778, 21.134374],
            [70.549219, 21.154056],
            [70.564241, 21.1548],
            [70.566281, 21.164446],
            [70.576873, 21.16955],
            [70.585472, 21.161813],
            [70.585399, 21.159495],
            [70.588772, 21.159427],
            [70.588726, 21.15575],
            [70.591554, 21.154963],
            [70.59009, 21.150145],
            [70.595239, 21.149752],
            [70.599664, 21.15628],
            [70.608249, 21.151033],
            [70.616159, 21.15303],
            [70.614779, 21.149687],
            [70.616473, 21.147931],
            [70.613773, 21.14628],
            [70.617485, 21.143297],
            [70.618257, 21.137768],
            [70.622695, 21.135549],
            [70.620157, 21.12601],
            [70.616531, 21.12172],
            [70.621622, 21.114031],
            [70.621514, 21.110043],
            [70.626313, 21.111932],
            [70.631947, 21.107773],
            [70.64021, 21.111296],
            [70.640688, 21.107462],
            [70.6425, 21.107858],
            [70.649304, 21.11393],
            [70.649879, 21.120674],
            [70.666322, 21.111291],
            [70.665994, 21.104355],
            [70.660695, 21.099231],
            [70.671001, 21.094643],
            [70.670334, 21.090962],
            [70.673088, 21.088963],
            [70.671691, 21.080765],
            [70.665543, 21.076801],
            [70.669364, 21.074501],
            [70.68308, 21.075653],
            [70.694052, 21.077878],
            [70.691974, 21.080443],
            [70.693799, 21.082298],
            [70.699437, 21.082411],
            [70.711833, 21.061959],
            [70.708605, 21.052363],
            [70.715468, 21.059611],
            [70.722685, 21.061324],
            [70.72455, 21.037081],
            [70.713666, 21.022955],
            [70.714259, 21.01097],
            [70.707972, 21.011321],
            [70.707893, 21.00945],
            [70.712524, 21.007392],
            [70.715509, 20.998631],
            [70.718259, 20.998451],
            [70.718062, 20.994371],
            [70.726626, 20.994778],
            [70.736058, 20.977219],
            [70.753316, 20.96351],
            [70.744212, 20.976258],
            [70.756921, 20.98028],
            [70.759376, 20.986499],
            [70.762906, 20.984701],
            [70.76304, 20.997184],
            [70.768227, 20.996871],
            [70.76605, 20.998039],
            [70.765694, 21.002598],
            [70.768685, 21.003673],
            [70.780309, 21.002272],
            [70.776854, 20.995726],
            [70.782523, 20.990077],
            [70.803383, 20.994649],
            [70.804819, 20.996484],
            [70.802516, 20.999406],
            [70.81211, 20.99474],
            [70.818001, 20.996367],
            [70.833482, 20.988041],
            [70.837589, 20.994339],
            [70.840842, 20.994076],
            [70.83644, 20.98332],
            [70.840312, 20.97704],
            [70.83902, 20.971764],
            [70.856463, 20.970614],
            [70.857444, 20.979541],
            [70.861011, 20.980936],
            [70.861494, 20.978861],
            [70.859102, 20.979101],
            [70.860808, 20.974187],
            [70.873676, 20.967452],
            [70.860922, 20.966993],
            [70.861923, 20.95745],
            [70.871963, 20.932851],
            [70.892977, 20.963248],
            [70.899224, 20.957949],
            [70.902414, 20.963645],
            [70.902134, 20.959522],
            [70.909982, 20.957142],
            [70.907017, 20.962387],
            [70.909667, 20.969581],
            [70.917695, 20.974367],
            [70.921769, 20.973348],
            [70.93129, 20.976859],
            [70.934182, 20.988277],
            [70.953189, 20.992834],
            [70.957277, 20.995775],
            [70.961904, 20.995231],
            [70.967611, 20.986335],
            [70.983626, 20.981802],
            [70.978568, 20.969447],
            [70.981433, 20.964562],
            [70.984978, 20.965405],
            [70.990957, 20.961951],
            [70.988871, 20.948495],
            [71.001571, 20.948458],
            [71.00274, 20.950359],
            [71.000891, 20.950377],
            [71.000003, 20.955991],
            [71.007998, 20.958336],
            [71.014105, 20.956812],
            [71.020872, 20.962577],
            [71.023491, 20.968412],
            [71.036985, 20.965758],
            [71.036095, 20.96965],
            [71.042992, 20.972646],
            [71.041755, 20.974725],
            [71.048961, 20.980923],
            [71.044858, 20.983781],
            [71.045932, 20.988021],
            [71.052426, 20.991425],
            [71.06347, 20.989829],
            [71.066295, 20.987088],
            [71.066743, 20.989173],
            [71.071935, 20.987702],
            [71.073504, 21.001059],
            [71.068345, 21.008581],
            [71.068342, 21.017973],
            [71.075591, 21.024615],
            [71.079344, 21.040139],
            [71.090384, 21.03625],
            [71.085782, 21.03212],
            [71.084939, 21.027899],
            [71.090651, 21.025859],
            [71.091415, 21.019612],
            [71.089182, 21.016975],
            [71.107047, 21.015869],
            [71.114429, 21.011146],
            [71.125013, 21.008979],
            [71.126753, 21.003171],
            [71.13038, 21.002256],
            [71.138219, 21.019045],
            [71.148508, 21.031674],
            [71.138319, 21.042583],
            [71.13453, 21.057082],
            [71.13467, 21.067491],
            [71.125371, 21.076151],
            [71.118942, 21.078651],
            [71.112803, 21.076331],
            [71.110763, 21.079731],
            [71.095895, 21.08692],
            [71.092355, 21.09343],
            [71.093115, 21.097679],
            [71.075277, 21.117208],
            [71.041452, 21.132937],
            [71.026963, 21.144896],
            [71.022264, 21.144766],
            [71.005456, 21.166375],
            [70.989404, 21.170457],
            [70.978165, 21.164315],
            [70.9493, 21.169102],
            [70.921753, 21.179877],
            [70.906266, 21.183122],
            [70.900849, 21.181967],
            [70.892793, 21.185562],
            [70.874646, 21.175773],
            [70.870563, 21.170891],
            [70.864284, 21.173574],
            [70.853529, 21.167418],
            [70.850504, 21.180256],
            [70.834304, 21.18877],
            [70.82364, 21.198287],
            [70.825439, 21.204149],
            [70.819461, 21.209169],
            [70.803909, 21.233744],
            [70.810449, 21.247994],
            [70.826892, 21.255186],
            [70.824785, 21.261571],
            [70.861311, 21.264919],
            [70.871399, 21.262585],
            [70.890492, 21.268635],
            [70.891326, 21.276845],
            [70.895952, 21.27834],
            [70.894078, 21.279717],
            [70.895708, 21.28739],
            [70.899543, 21.286675],
            [70.908229, 21.299594],
            [70.928397, 21.30359],
            [70.943652, 21.311988],
            [70.942235, 21.320347],
            [70.938043, 21.322363],
            [70.931343, 21.334328],
            [70.931018, 21.340673],
            [70.921568, 21.348723],
            [70.915328, 21.33702],
            [70.900528, 21.326492],
            [70.888122, 21.323924],
            [70.881789, 21.317814],
            [70.876415, 21.320515],
            [70.868054, 21.319106],
            [70.86679, 21.333643],
            [70.871278, 21.333733],
            [70.874685, 21.337657],
            [70.866345, 21.378304],
            [70.867598, 21.379948],
            [70.873774, 21.377135],
            [70.880274, 21.378232],
            [70.882872, 21.380707],
            [70.882439, 21.38725],
            [70.892643, 21.396913],
            [70.890714, 21.402955],
            [70.885751, 21.401554],
            [70.884884, 21.405062],
            [70.889186, 21.406668],
            [70.879187, 21.418631],
            [70.885882, 21.445969],
            [70.883846, 21.445947],
            [70.874932, 21.460357],
            [70.866533, 21.466512],
            [70.8317, 21.456866],
            [70.827432, 21.468217],
            [70.829621, 21.489158],
            [70.833605, 21.494519],
            [70.809987, 21.490908],
            [70.804615, 21.514957],
            [70.81445, 21.515268],
            [70.819403, 21.510528],
            [70.842156, 21.51122],
            [70.847386, 21.516658],
            [70.848856, 21.531258],
            [70.863378, 21.534028],
            [70.866675, 21.526938],
            [70.871984, 21.529246],
            [70.888282, 21.527877],
            [70.894393, 21.535079],
            [70.892541, 21.544047],
            [70.890143, 21.550054],
            [70.881454, 21.548045],
            [70.879404, 21.577465],
            [70.873055, 21.577393],
            [70.864006, 21.599181],
            [70.82806, 21.634831],
            [70.816011, 21.643751],
            [70.810353, 21.639088],
            [70.793636, 21.666239],
            [70.777488, 21.662486],
            [70.769908, 21.643439],
            [70.743189, 21.64101],
            [70.741951, 21.645111],
            [70.731201, 21.64072],
            [70.732233, 21.638448],
            [70.727472, 21.634662],
            [70.725484, 21.629348],
            [70.726213, 21.6152],
            [70.721595, 21.613862],
            [70.724114, 21.610952],
            [70.701366, 21.604462],
            [70.696996, 21.605344],
            [70.684979, 21.62282],
            [70.68277, 21.628019],
            [70.685777, 21.634678],
            [70.674729, 21.643298],
            [70.660693, 21.643848],
            [70.656052, 21.649318],
            [70.642325, 21.652251],
            [70.634436, 21.635001],
            [70.629364, 21.632969],
            [70.626814, 21.634329],
            [70.621666, 21.62914],
            [70.609838, 21.62513],
            [70.608458, 21.620971],
            [70.600937, 21.63001],
            [70.580444, 21.633131],
            [70.568264, 21.631059],
            [70.567206, 21.620865],
            [70.562413, 21.62042],
            [70.553319, 21.62456],
            [70.552709, 21.632049],
            [70.544634, 21.645482],
            [70.553685, 21.647681],
            [70.552634, 21.672539],
            [70.548407, 21.671788],
            [70.542009, 21.675388],
            [70.523877, 21.66911],
            [70.506232, 21.666529],
            [70.50609, 21.656071],
            [70.50084, 21.65502],
            [70.497193, 21.649842],
            [70.488563, 21.648865],
            [70.487517, 21.65488],
            [70.477073, 21.654788],
            [70.458965, 21.649479],
            [70.451354, 21.663277],
            [70.451085, 21.672837],
            [70.44808, 21.674702],
            [70.441246, 21.673535],
            [70.43665, 21.658254],
            [70.42032, 21.657949],
            [70.417722, 21.652595],
            [70.409316, 21.653745],
            [70.401758, 21.650312],
            [70.390308, 21.649095],
            [70.392848, 21.640861],
            [70.385216, 21.637756],
            [70.374255, 21.635102],
            [70.368252, 21.638864],
            [70.372664, 21.620506],
            [70.369988, 21.59997],
            [70.365648, 21.59653],
            [70.344548, 21.592013],
            [70.339389, 21.593468],
            [70.332347, 21.589672],
            [70.304012, 21.589318],
            [70.299385, 21.578729],
            [70.291644, 21.569563],
            [70.295724, 21.54633],
            [70.279323, 21.541658],
            [70.270585, 21.529875],
            [70.263448, 21.525836],
            [70.253039, 21.52919],
            [70.25522, 21.537337],
            [70.246699, 21.567101],
            [70.271844, 21.575417],
            [70.265487, 21.596928],
            [70.26547, 21.612627],
            [70.261777, 21.614947],
            [70.25581, 21.609993],
            [70.2447, 21.613218],
            [70.235871, 21.630609],
            [70.228309, 21.638052],
            [70.217184, 21.63664],
            [70.199793, 21.629925],
            [70.199942, 21.628078],
            [70.18751, 21.62611],
            [70.165454, 21.612805],
            [70.145553, 21.609891],
            [70.139165, 21.611969],
            [70.133429, 21.620663],
            [70.127182, 21.642773],
            [70.139371, 21.642893],
            [70.152071, 21.652537],
            [70.147639, 21.662707],
            [70.149194, 21.663542],
            [70.135286, 21.662984],
            [70.133098, 21.668723],
            [70.130335, 21.667789],
            [70.126968, 21.675389],
            [70.119513, 21.680519]
          ],
          [
            [70.860479, 21.409134],
            [70.865687, 21.415578],
            [70.878848, 21.420103],
            [70.879687, 21.411487],
            [70.871677, 21.402779],
            [70.86794, 21.389648],
            [70.851449, 21.397848],
            [70.846036, 21.408906],
            [70.860479, 21.409134]
          ]
        ]
      },
      "properties": {
        "dtname": "Junagadh",
        "stname": "Gujarat",
        "stcode11": "24",
        "dtcode11": "479",
        "dist_lgd": 448,
        "state_lgd": 24
      }
    },
    {
      "type": "Feature",
      "geometry": {
        "type": "MultiPolygon",
        "coordinates": [
          [
            [
              [73.425814, 23.27918],
              [73.435538, 23.282631],
              [73.434885, 23.288032],
              [73.422589, 23.284485],
              [73.424252, 23.278491],
              [73.425814, 23.27918]
            ]
          ],
          [
            [
              [73.694081, 23.457052],
              [73.691288, 23.458272],
              [73.685232, 23.453593],
              [73.673914, 23.454112],
              [73.661693, 23.448761],
              [73.647456, 23.436452],
              [73.646194, 23.441423],
              [73.636018, 23.449063],
              [73.627209, 23.448571],
              [73.621881, 23.441235],
              [73.620418, 23.432774],
              [73.63194, 23.421497],
              [73.623236, 23.400688],
              [73.61539, 23.396878],
              [73.611859, 23.389148],
              [73.593881, 23.383376],
              [73.594684, 23.37953],
              [73.587482, 23.371808],
              [73.586222, 23.365099],
              [73.575881, 23.357949],
              [73.570242, 23.34862],
              [73.563965, 23.346121],
              [73.563994, 23.336351],
              [73.557906, 23.327594],
              [73.557295, 23.317481],
              [73.54023, 23.308285],
              [73.534219, 23.291984],
              [73.52717, 23.286165],
              [73.515869, 23.281417],
              [73.504424, 23.281138],
              [73.486494, 23.275206],
              [73.475053, 23.268555],
              [73.476025, 23.280356],
              [73.472913, 23.288475],
              [73.462189, 23.287114],
              [73.443573, 23.277516],
              [73.43696, 23.276859],
              [73.427486, 23.26963],
              [73.421514, 23.268923],
              [73.408778, 23.262191],
              [73.376438, 23.238799],
              [73.374147, 23.236289],
              [73.385119, 23.220893],
              [73.355282, 23.210422],
              [73.351459, 23.203013],
              [73.341842, 23.200352],
              [73.347383, 23.188944],
              [73.342272, 23.181575],
              [73.34527, 23.180673],
              [73.3505, 23.183635],
              [73.35557, 23.176864],
              [73.374606, 23.171465],
              [73.375455, 23.168873],
              [73.370567, 23.167207],
              [73.369147, 23.150696],
              [73.370099, 23.143477],
              [73.373819, 23.140579],
              [73.372496, 23.137048],
              [73.363909, 23.131327],
              [73.355849, 23.13851],
              [73.338661, 23.130597],
              [73.335933, 23.127689],
              [73.33654, 23.122027],
              [73.340022, 23.11652],
              [73.341151, 23.110651],
              [73.339433, 23.107702],
              [73.342133, 23.103811],
              [73.340743, 23.1007],
              [73.330602, 23.098702],
              [73.330042, 23.094051],
              [73.326373, 23.092014],
              [73.326035, 23.082072],
              [73.307206, 23.08588],
              [73.298916, 23.083922],
              [73.282967, 23.063605],
              [73.273271, 23.058564],
              [73.275638, 23.049664],
              [73.257693, 23.039407],
              [73.244463, 23.037477],
              [73.246274, 23.027597],
              [73.242153, 23.017879],
              [73.253034, 23.006711],
              [73.264759, 23.000511],
              [73.271679, 22.981101],
              [73.275827, 22.977762],
              [73.271568, 22.974161],
              [73.253512, 22.968491],
              [73.25098, 22.964051],
              [73.259409, 22.947664],
              [73.25781, 22.930984],
              [73.261743, 22.926156],
              [73.273287, 22.929907],
              [73.279786, 22.934976],
              [73.28898, 22.935925],
              [73.302738, 22.932356],
              [73.304325, 22.936836],
              [73.312512, 22.942252],
              [73.313444, 22.939733],
              [73.325813, 22.934825],
              [73.330231, 22.930713],
              [73.3301, 22.927684],
              [73.347878, 22.926175],
              [73.350101, 22.924135],
              [73.363636, 22.937523],
              [73.371825, 22.939645],
              [73.382034, 22.950233],
              [73.385476, 22.9577],
              [73.393442, 22.951433],
              [73.404334, 22.955124],
              [73.404923, 22.951842],
              [73.410672, 22.955082],
              [73.416772, 22.942674],
              [73.41935, 22.940361],
              [73.423822, 22.943033],
              [73.445536, 22.963622],
              [73.449138, 22.96958],
              [73.448576, 22.977219],
              [73.437437, 22.994349],
              [73.435188, 23.00367],
              [73.434779, 23.025635],
              [73.436889, 23.032687],
              [73.445976, 23.030417],
              [73.449777, 23.022608],
              [73.447886, 23.016076],
              [73.452338, 23.014449],
              [73.455779, 23.002947],
              [73.471423, 23.000717],
              [73.473004, 22.988331],
              [73.478275, 22.98695],
              [73.476033, 22.982848],
              [73.481234, 22.986068],
              [73.484981, 22.994287],
              [73.495214, 22.995169],
              [73.50297, 22.994839],
              [73.502717, 22.98808],
              [73.508335, 22.988152],
              [73.509622, 22.983426],
              [73.517641, 22.986],
              [73.52414, 22.981178],
              [73.524468, 22.98619],
              [73.533118, 22.987938],
              [73.535309, 22.993808],
              [73.562096, 22.985518],
              [73.584303, 22.987209],
              [73.587423, 22.991287],
              [73.594747, 22.992169],
              [73.594181, 22.995099],
              [73.608186, 23.006457],
              [73.61299, 23.014805],
              [73.618306, 23.017248],
              [73.619389, 23.024576],
              [73.631485, 23.011668],
              [73.635836, 23.013537],
              [73.636304, 23.017465],
              [73.643216, 23.015116],
              [73.656417, 23.020376],
              [73.641049, 23.02028],
              [73.635652, 23.025699],
              [73.631787, 23.026275],
              [73.628754, 23.039838],
              [73.63444, 23.045736],
              [73.635315, 23.049989],
              [73.640144, 23.053355],
              [73.64197, 23.058637],
              [73.651861, 23.064921],
              [73.655055, 23.074492],
              [73.65865, 23.077893],
              [73.664132, 23.095861],
              [73.670324, 23.098461],
              [73.673357, 23.1044],
              [73.681557, 23.096271],
              [73.681994, 23.092181],
              [73.691503, 23.093878],
              [73.691785, 23.090917],
              [73.702832, 23.082362],
              [73.710608, 23.072159],
              [73.710341, 23.063959],
              [73.716733, 23.053689],
              [73.684648, 23.037687],
              [73.669892, 23.033113],
              [73.671121, 23.030742],
              [73.667599, 23.020829],
              [73.673895, 23.019249],
              [73.696578, 23.027625],
              [73.702599, 23.021464],
              [73.716326, 23.023547],
              [73.719306, 23.036173],
              [73.723775, 23.036364],
              [73.732304, 23.033104],
              [73.736493, 23.013158],
              [73.74131, 23.011696],
              [73.755619, 23.025326],
              [73.757749, 23.038714],
              [73.76435, 23.038335],
              [73.768799, 23.044104],
              [73.766129, 23.052102],
              [73.767498, 23.055503],
              [73.748749, 23.06],
              [73.744703, 23.069322],
              [73.756298, 23.074841],
              [73.767567, 23.07289],
              [73.77384, 23.07558],
              [73.779207, 23.083611],
              [73.791018, 23.089121],
              [73.795305, 23.09493],
              [73.801233, 23.098179],
              [73.803303, 23.10646],
              [73.809046, 23.108986],
              [73.814754, 23.103941],
              [73.813755, 23.101159],
              [73.822101, 23.09946],
              [73.829922, 23.092839],
              [73.842417, 23.08686],
              [73.842028, 23.082981],
              [73.846377, 23.079289],
              [73.844781, 23.077731],
              [73.860267, 23.06026],
              [73.881184, 23.057231],
              [73.885135, 23.052432],
              [73.900303, 23.049184],
              [73.908051, 23.052762],
              [73.90525, 23.068502],
              [73.906663, 23.081089],
              [73.91771, 23.09199],
              [73.928579, 23.09354],
              [73.93045, 23.097341],
              [73.942227, 23.098338],
              [73.945147, 23.101317],
              [73.946065, 23.110739],
              [73.953375, 23.108668],
              [73.959007, 23.114006],
              [73.962066, 23.112848],
              [73.964623, 23.111167],
              [73.968603, 23.100108],
              [73.982414, 23.098519],
              [73.998269, 23.085671],
              [74.00298, 23.089019],
              [74.012929, 23.087789],
              [74.019133, 23.091804],
              [74.012066, 23.102029],
              [74.013094, 23.103755],
              [74.004929, 23.108672],
              [74.003594, 23.117422],
              [73.99811, 23.114868],
              [73.993881, 23.115721],
              [73.982104, 23.118855],
              [73.975535, 23.124097],
              [73.978211, 23.1371],
              [73.981398, 23.139631],
              [73.995066, 23.13613],
              [73.995402, 23.145256],
              [73.992125, 23.147769],
              [73.992245, 23.16038],
              [73.985352, 23.165772],
              [73.979767, 23.166578],
              [73.975342, 23.172966],
              [73.973716, 23.172155],
              [73.97187, 23.180016],
              [73.975165, 23.184659],
              [73.972852, 23.188774],
              [73.983569, 23.191076],
              [73.983845, 23.192841],
              [73.98061, 23.193224],
              [73.980003, 23.199888],
              [73.983902, 23.202339],
              [73.985657, 23.207959],
              [73.982071, 23.211607],
              [73.979527, 23.207867],
              [73.967721, 23.206881],
              [73.964723, 23.224783],
              [73.970226, 23.225104],
              [73.985367, 23.218536],
              [73.989792, 23.220939],
              [73.992691, 23.227916],
              [73.990355, 23.24017],
              [73.994255, 23.248479],
              [73.991574, 23.250047],
              [73.989384, 23.256868],
              [73.983261, 23.261534],
              [73.987949, 23.281569],
              [73.997212, 23.289148],
              [73.994797, 23.294249],
              [73.986097, 23.301403],
              [73.984676, 23.310085],
              [73.987666, 23.319653],
              [73.996212, 23.328878],
              [73.997802, 23.33573],
              [73.987583, 23.33576],
              [73.980966, 23.338668],
              [73.980413, 23.362379],
              [73.977065, 23.364847],
              [73.974933, 23.372198],
              [73.966807, 23.374898],
              [73.961763, 23.37244],
              [73.957498, 23.379545],
              [73.938008, 23.367938],
              [73.939409, 23.344411],
              [73.935657, 23.33973],
              [73.918582, 23.33547],
              [73.891926, 23.334112],
              [73.889604, 23.33637],
              [73.892656, 23.348279],
              [73.887235, 23.357278],
              [73.880345, 23.358497],
              [73.874325, 23.363666],
              [73.872966, 23.379455],
              [73.871909, 23.377256],
              [73.867757, 23.378046],
              [73.869209, 23.381906],
              [73.86178, 23.383626],
              [73.860841, 23.385666],
              [73.863609, 23.389486],
              [73.850039, 23.401977],
              [73.845659, 23.410446],
              [73.840874, 23.413352],
              [73.83963, 23.418824],
              [73.835094, 23.420443],
              [73.830234, 23.426235],
              [73.833133, 23.435825],
              [73.828705, 23.447693],
              [73.818605, 23.438461],
              [73.803437, 23.437773],
              [73.794467, 23.431124],
              [73.786277, 23.430225],
              [73.778977, 23.431305],
              [73.77657, 23.437791],
              [73.772288, 23.437824],
              [73.770558, 23.448071],
              [73.767231, 23.453121],
              [73.755731, 23.454323],
              [73.756454, 23.450183],
              [73.749881, 23.440743],
              [73.736584, 23.429813],
              [73.734995, 23.425493],
              [73.728746, 23.423213],
              [73.720806, 23.410135],
              [73.713705, 23.413814],
              [73.714509, 23.416734],
              [73.711215, 23.421865],
              [73.70808, 23.422323],
              [73.710449, 23.425364],
              [73.707987, 23.431162],
              [73.711635, 23.435504],
              [73.70511, 23.438202],
              [73.706856, 23.445642],
              [73.704267, 23.45144],
              [73.694081, 23.457052]
            ]
          ]
        ]
      },
      "properties": {
        "dtname": "Mahisagar",
        "stname": "Gujarat",
        "stcode11": "24",
        "dtcode11": "730",
        "dist_lgd": 669,
        "state_lgd": 24
      }
    },
    {
      "type": "Feature",
      "geometry": {
        "type": "Polygon",
        "coordinates": [
          [
            [73.614514, 22.070921],
            [73.614572, 22.079071],
            [73.609102, 22.082092],
            [73.609073, 22.077911],
            [73.602883, 22.071101],
            [73.597714, 22.072071],
            [73.589397, 22.06586],
            [73.582334, 22.064901],
            [73.576147, 22.053643],
            [73.572325, 22.052522],
            [73.56807, 22.059212],
            [73.562857, 22.0615],
            [73.56317, 22.054551],
            [73.545571, 22.047653],
            [73.534013, 22.048631],
            [73.521612, 22.056512],
            [73.522284, 22.052173],
            [73.514317, 22.037944],
            [73.499868, 22.039645],
            [73.503174, 22.035426],
            [73.500178, 22.032954],
            [73.503316, 22.028265],
            [73.502376, 22.022606],
            [73.500628, 22.017254],
            [73.494947, 22.017395],
            [73.499115, 22.013925],
            [73.500306, 22.009126],
            [73.511113, 22.003638],
            [73.511245, 21.993467],
            [73.514174, 21.990427],
            [73.511815, 21.987548],
            [73.514164, 21.985398],
            [73.512854, 21.980958],
            [73.504727, 21.977236],
            [73.507555, 21.969709],
            [73.503825, 21.96289],
            [73.46181, 21.979901],
            [73.45865, 21.974998],
            [73.448953, 21.975437],
            [73.439876, 21.964012],
            [73.442881, 21.941622],
            [73.438663, 21.926673],
            [73.423544, 21.913755],
            [73.413647, 21.909834],
            [73.402876, 21.910613],
            [73.383399, 21.921863],
            [73.376319, 21.929454],
            [73.359574, 21.930181],
            [73.348952, 21.923194],
            [73.344516, 21.914483],
            [73.346777, 21.884378],
            [73.344252, 21.877288],
            [73.335376, 21.874288],
            [73.327766, 21.874927],
            [73.303831, 21.887508],
            [73.299738, 21.878967],
            [73.301657, 21.861759],
            [73.304166, 21.862041],
            [73.303812, 21.858139],
            [73.305911, 21.859169],
            [73.308517, 21.851408],
            [73.302427, 21.850127],
            [73.302988, 21.841471],
            [73.300988, 21.837009],
            [73.29694, 21.836262],
            [73.297101, 21.833729],
            [73.301672, 21.83285],
            [73.299348, 21.827489],
            [73.308569, 21.822291],
            [73.316329, 21.826823],
            [73.314913, 21.830144],
            [73.319239, 21.829642],
            [73.324175, 21.83392],
            [73.329176, 21.834711],
            [73.334865, 21.83138],
            [73.336837, 21.817491],
            [73.332364, 21.816022],
            [73.335987, 21.810351],
            [73.347592, 21.814381],
            [73.351495, 21.81058],
            [73.355881, 21.810341],
            [73.360162, 21.802484],
            [73.366941, 21.799265],
            [73.371361, 21.788225],
            [73.373962, 21.786942],
            [73.374179, 21.780412],
            [73.382602, 21.781275],
            [73.386909, 21.777644],
            [73.395418, 21.775814],
            [73.394318, 21.760267],
            [73.400776, 21.758848],
            [73.409716, 21.749717],
            [73.406916, 21.744497],
            [73.408216, 21.737438],
            [73.404436, 21.735018],
            [73.403996, 21.729888],
            [73.393258, 21.722059],
            [73.395477, 21.717079],
            [73.402956, 21.718069],
            [73.406976, 21.70928],
            [73.431563, 21.717909],
            [73.431503, 21.714779],
            [73.439682, 21.70943],
            [73.447221, 21.711739],
            [73.448931, 21.716689],
            [73.45322, 21.719249],
            [73.462069, 21.718379],
            [73.469118, 21.720899],
            [73.478057, 21.70402],
            [73.487676, 21.70399],
            [73.487586, 21.693541],
            [73.499854, 21.681232],
            [73.496035, 21.678382],
            [73.487026, 21.677792],
            [73.474277, 21.660163],
            [73.473868, 21.654414],
            [73.476977, 21.647364],
            [73.485756, 21.638905],
            [73.478387, 21.631865],
            [73.482236, 21.610887],
            [73.474367, 21.611307],
            [73.470758, 21.609007],
            [73.473487, 21.593808],
            [73.470348, 21.593858],
            [73.464948, 21.584449],
            [73.457259, 21.57756],
            [73.45023, 21.57537],
            [73.44977, 21.57129],
            [73.44639, 21.5694],
            [73.44709, 21.564751],
            [73.441901, 21.558361],
            [73.439901, 21.548712],
            [73.442891, 21.542363],
            [73.441771, 21.538143],
            [73.458419, 21.522424],
            [73.465348, 21.519924],
            [73.468337, 21.508285],
            [73.488015, 21.515384],
            [73.489265, 21.513864],
            [73.484875, 21.504585],
            [73.486075, 21.494466],
            [73.489535, 21.490616],
            [73.493614, 21.490866],
            [73.494454, 21.485647],
            [73.510732, 21.487446],
            [73.515661, 21.483217],
            [73.52392, 21.483297],
            [73.52788, 21.479427],
            [73.548097, 21.480297],
            [73.555047, 21.474527],
            [73.564715, 21.474827],
            [73.597252, 21.484756],
            [73.600901, 21.484446],
            [73.60693, 21.472507],
            [73.628658, 21.472877],
            [73.635237, 21.477447],
            [73.642646, 21.477227],
            [73.649475, 21.480566],
            [73.666633, 21.472447],
            [73.676342, 21.472757],
            [73.68978, 21.446479],
            [73.68842, 21.438129],
            [73.695299, 21.42846],
            [73.69127, 21.416721],
            [73.692509, 21.402002],
            [73.699039, 21.396373],
            [73.709647, 21.399682],
            [73.709847, 21.403852],
            [73.716027, 21.406182],
            [73.743083, 21.410991],
            [73.762845, 21.409656],
            [73.782046, 21.41319],
            [73.794036, 21.410704],
            [73.802527, 21.411597],
            [73.818609, 21.401244],
            [73.834032, 21.412303],
            [73.834701, 21.420233],
            [73.837622, 21.423855],
            [73.881816, 21.450859],
            [73.891912, 21.45331],
            [73.90863, 21.448954],
            [73.917467, 21.449273],
            [73.926305, 21.450779],
            [73.945113, 21.460494],
            [73.963901, 21.459216],
            [73.97139, 21.461659],
            [73.989211, 21.481364],
            [73.982104, 21.481278],
            [73.981672, 21.484205],
            [73.978231, 21.48315],
            [73.973688, 21.485619],
            [73.972721, 21.489715],
            [73.978251, 21.489951],
            [73.976865, 21.495141],
            [73.980683, 21.49704],
            [73.978994, 21.496743],
            [73.974645, 21.509597],
            [73.978416, 21.511474],
            [73.976725, 21.515552],
            [73.980977, 21.516372],
            [73.982559, 21.522191],
            [73.9663, 21.522066],
            [73.96281, 21.527694],
            [73.960347, 21.54164],
            [73.954453, 21.540654],
            [73.955945, 21.525295],
            [73.954207, 21.5241],
            [73.955209, 21.520351],
            [73.952124, 21.519088],
            [73.951754, 21.512694],
            [73.946567, 21.514345],
            [73.945927, 21.516792],
            [73.932055, 21.512264],
            [73.927393, 21.525099],
            [73.921588, 21.525079],
            [73.92175, 21.521159],
            [73.916822, 21.519589],
            [73.904228, 21.524509],
            [73.905316, 21.515762],
            [73.879826, 21.505198],
            [73.877056, 21.512157],
            [73.872008, 21.510725],
            [73.864302, 21.512572],
            [73.866319, 21.507027],
            [73.872636, 21.506404],
            [73.871835, 21.504796],
            [73.869123, 21.501084],
            [73.864355, 21.500939],
            [73.86383, 21.498167],
            [73.860013, 21.49976],
            [73.853557, 21.497466],
            [73.846056, 21.509404],
            [73.834896, 21.520583],
            [73.832961, 21.537056],
            [73.827229, 21.545852],
            [73.827796, 21.554441],
            [73.825295, 21.555127],
            [73.822276, 21.561791],
            [73.823337, 21.564388],
            [73.817122, 21.581135],
            [73.814131, 21.601093],
            [73.798291, 21.604568],
            [73.787723, 21.616498],
            [73.781366, 21.618595],
            [73.782683, 21.622077],
            [73.780515, 21.628592],
            [73.785021, 21.62901],
            [73.788046, 21.634101],
            [73.812323, 21.640077],
            [73.814263, 21.644173],
            [73.817592, 21.641971],
            [73.82173, 21.643422],
            [73.824803, 21.639778],
            [73.830381, 21.642367],
            [73.832102, 21.638353],
            [73.836033, 21.639176],
            [73.834658, 21.634353],
            [73.83859, 21.63308],
            [73.84594, 21.639738],
            [73.84977, 21.639133],
            [73.851667, 21.646481],
            [73.860038, 21.642327],
            [73.883779, 21.653337],
            [73.888015, 21.653246],
            [73.894588, 21.675977],
            [73.891607, 21.681058],
            [73.8903, 21.697974],
            [73.883893, 21.705231],
            [73.886324, 21.706671],
            [73.880613, 21.71559],
            [73.867608, 21.718345],
            [73.858363, 21.726504],
            [73.853268, 21.735377],
            [73.84681, 21.737277],
            [73.837514, 21.74553],
            [73.833664, 21.754925],
            [73.824666, 21.759935],
            [73.824945, 21.765232],
            [73.834698, 21.774053],
            [73.829568, 21.777547],
            [73.829454, 21.785941],
            [73.838161, 21.788748],
            [73.834495, 21.792098],
            [73.827339, 21.79248],
            [73.82696, 21.797925],
            [73.832945, 21.800948],
            [73.828065, 21.804071],
            [73.82743, 21.80991],
            [73.807836, 21.809808],
            [73.804301, 21.819696],
            [73.795951, 21.824727],
            [73.807316, 21.836333],
            [73.813863, 21.83979],
            [73.842321, 21.843997],
            [73.869756, 21.841074],
            [73.875797, 21.843671],
            [73.888001, 21.855212],
            [73.912149, 21.857958],
            [73.928149, 21.864207],
            [73.940511, 21.870909],
            [73.931409, 21.888798],
            [73.9108, 21.898309],
            [73.907661, 21.903146],
            [73.908475, 21.906826],
            [73.88931, 21.926192],
            [73.871762, 21.923063],
            [73.868152, 21.924323],
            [73.859856, 21.934745],
            [73.860445, 21.943568],
            [73.8559, 21.947329],
            [73.854975, 21.952617],
            [73.82295, 21.940341],
            [73.820106, 21.93587],
            [73.805589, 21.929638],
            [73.800507, 21.929387],
            [73.801021, 21.938156],
            [73.808192, 21.940178],
            [73.803724, 21.941531],
            [73.803491, 21.944719],
            [73.800945, 21.944894],
            [73.799215, 21.948401],
            [73.79581, 21.943207],
            [73.795582, 21.935174],
            [73.790028, 21.931184],
            [73.788148, 21.935116],
            [73.778726, 21.939956],
            [73.777464, 21.952711],
            [73.781037, 21.95992],
            [73.773552, 21.961478],
            [73.77074, 21.967676],
            [73.757896, 21.962931],
            [73.748235, 21.962539],
            [73.736767, 21.977497],
            [73.731198, 21.978537],
            [73.728918, 21.981527],
            [73.71535, 21.981617],
            [73.71469, 21.979437],
            [73.704591, 21.976848],
            [73.702697, 21.992652],
            [73.707131, 21.994166],
            [73.708819, 22.008974],
            [73.706689, 22.009977],
            [73.700852, 22.005907],
            [73.701813, 22.001748],
            [73.698462, 21.999016],
            [73.698792, 21.993416],
            [73.693239, 21.992903],
            [73.69608, 21.98829],
            [73.688826, 21.987264],
            [73.686828, 21.995961],
            [73.689214, 21.996332],
            [73.687931, 21.99908],
            [73.691085, 22.000983],
            [73.690114, 22.011425],
            [73.686923, 22.012623],
            [73.682753, 22.009694],
            [73.679733, 22.001048],
            [73.678094, 22.009565],
            [73.669966, 22.014805],
            [73.671984, 22.026834],
            [73.674464, 22.026282],
            [73.676015, 22.043134],
            [73.683585, 22.043172],
            [73.684514, 22.051222],
            [73.677515, 22.053812],
            [73.673595, 22.048711],
            [73.666678, 22.04678],
            [73.665654, 22.043353],
            [73.660544, 22.043102],
            [73.661907, 22.048213],
            [73.657505, 22.054441],
            [73.659337, 22.055962],
            [73.657289, 22.062013],
            [73.652086, 22.060402],
            [73.64847, 22.072048],
            [73.644967, 22.073322],
            [73.63802, 22.067683],
            [73.630351, 22.066889],
            [73.630821, 22.079532],
            [73.625003, 22.072759],
            [73.614514, 22.070921]
          ]
        ]
      },
      "properties": {
        "dtname": "Narmada",
        "stname": "Gujarat",
        "stcode11": "24",
        "dtcode11": "487",
        "dist_lgd": 452,
        "state_lgd": 24
      }
    },
    {
      "type": "Feature",
      "geometry": {
        "type": "Polygon",
        "coordinates": [
          [
            [73.816962, 23.09982],
            [73.813755, 23.101159],
            [73.814754, 23.103941],
            [73.810296, 23.108838],
            [73.803956, 23.107219],
            [73.802223, 23.099159],
            [73.791018, 23.089121],
            [73.779207, 23.083611],
            [73.77384, 23.07558],
            [73.767567, 23.07289],
            [73.756298, 23.074841],
            [73.744703, 23.069322],
            [73.748749, 23.06],
            [73.767498, 23.055503],
            [73.766129, 23.052102],
            [73.768799, 23.044104],
            [73.76435, 23.038335],
            [73.757749, 23.038714],
            [73.755619, 23.025326],
            [73.74131, 23.011696],
            [73.736493, 23.013158],
            [73.732304, 23.033104],
            [73.723775, 23.036364],
            [73.719306, 23.036173],
            [73.716326, 23.023547],
            [73.702599, 23.021464],
            [73.696578, 23.027625],
            [73.673895, 23.019249],
            [73.667599, 23.020829],
            [73.671121, 23.030742],
            [73.669892, 23.033113],
            [73.684648, 23.037687],
            [73.716733, 23.053689],
            [73.710341, 23.063959],
            [73.710608, 23.072159],
            [73.702832, 23.082362],
            [73.691785, 23.090917],
            [73.691503, 23.093878],
            [73.681994, 23.092181],
            [73.681557, 23.096271],
            [73.673357, 23.1044],
            [73.670324, 23.098461],
            [73.664132, 23.095861],
            [73.65865, 23.077893],
            [73.655055, 23.074492],
            [73.651861, 23.064921],
            [73.64197, 23.058637],
            [73.640144, 23.053355],
            [73.635315, 23.049989],
            [73.63444, 23.045736],
            [73.628754, 23.039838],
            [73.631787, 23.026275],
            [73.635652, 23.025699],
            [73.641049, 23.02028],
            [73.656417, 23.020376],
            [73.643216, 23.015116],
            [73.636304, 23.017465],
            [73.635836, 23.013537],
            [73.631485, 23.011668],
            [73.619389, 23.024576],
            [73.618306, 23.017248],
            [73.61299, 23.014805],
            [73.608186, 23.006457],
            [73.594181, 22.995099],
            [73.594747, 22.992169],
            [73.587423, 22.991287],
            [73.584303, 22.987209],
            [73.562096, 22.985518],
            [73.535309, 22.993808],
            [73.533118, 22.987938],
            [73.524468, 22.98619],
            [73.52414, 22.981178],
            [73.517641, 22.986],
            [73.509622, 22.983426],
            [73.508335, 22.988152],
            [73.502717, 22.98808],
            [73.50297, 22.994839],
            [73.495214, 22.995169],
            [73.484981, 22.994287],
            [73.481234, 22.986068],
            [73.476033, 22.982848],
            [73.478275, 22.98695],
            [73.473004, 22.988331],
            [73.471423, 23.000717],
            [73.455779, 23.002947],
            [73.452338, 23.014449],
            [73.447886, 23.016076],
            [73.449777, 23.022608],
            [73.445976, 23.030417],
            [73.436889, 23.032687],
            [73.434779, 23.025635],
            [73.435188, 23.00367],
            [73.437437, 22.994349],
            [73.448576, 22.977219],
            [73.448727, 22.968122],
            [73.423822, 22.943033],
            [73.383084, 22.915427],
            [73.370598, 22.903566],
            [73.367118, 22.896428],
            [73.368025, 22.886829],
            [73.382545, 22.870448],
            [73.385375, 22.857029],
            [73.381906, 22.848139],
            [73.373098, 22.836513],
            [73.371715, 22.822625],
            [73.363236, 22.813193],
            [73.361765, 22.807115],
            [73.363587, 22.799237],
            [73.350221, 22.792354],
            [73.358996, 22.787344],
            [73.359985, 22.781118],
            [73.363428, 22.777325],
            [73.362046, 22.771085],
            [73.380907, 22.758019],
            [73.377486, 22.801364],
            [73.383563, 22.794816],
            [73.384382, 22.811572],
            [73.398744, 22.808026],
            [73.404692, 22.814554],
            [73.4064, 22.809004],
            [73.40403, 22.793784],
            [73.41442, 22.786608],
            [73.42277, 22.785617],
            [73.426529, 22.772495],
            [73.42477, 22.766458],
            [73.42675, 22.762457],
            [73.410429, 22.759247],
            [73.384664, 22.74206],
            [73.386654, 22.732592],
            [73.382935, 22.719769],
            [73.386934, 22.701361],
            [73.389381, 22.701004],
            [73.391175, 22.687454],
            [73.402752, 22.690355],
            [73.407011, 22.678105],
            [73.41572, 22.675624],
            [73.414599, 22.670116],
            [73.416849, 22.661207],
            [73.407113, 22.654355],
            [73.40022, 22.656686],
            [73.397104, 22.643548],
            [73.389555, 22.643526],
            [73.383835, 22.650037],
            [73.368156, 22.647726],
            [73.368876, 22.640818],
            [73.365647, 22.638989],
            [73.365827, 22.631918],
            [73.362505, 22.627471],
            [73.374397, 22.62534],
            [73.384115, 22.626929],
            [73.388744, 22.616738],
            [73.388403, 22.611721],
            [73.383054, 22.611681],
            [73.377922, 22.585669],
            [73.382774, 22.579303],
            [73.371995, 22.556384],
            [73.384392, 22.555684],
            [73.391683, 22.551994],
            [73.414011, 22.553706],
            [73.421237, 22.546786],
            [73.41783, 22.533644],
            [73.411281, 22.525116],
            [73.414778, 22.517647],
            [73.411152, 22.516605],
            [73.412031, 22.515065],
            [73.40523, 22.506939],
            [73.40816, 22.504577],
            [73.409939, 22.506396],
            [73.41474, 22.505668],
            [73.416511, 22.497347],
            [73.423119, 22.493851],
            [73.424069, 22.487357],
            [73.427416, 22.485749],
            [73.430156, 22.461853],
            [73.429139, 22.458341],
            [73.425287, 22.456902],
            [73.426989, 22.449573],
            [73.420489, 22.447114],
            [73.4199, 22.428462],
            [73.429127, 22.426345],
            [73.432918, 22.421562],
            [73.445586, 22.425314],
            [73.446376, 22.414175],
            [73.437925, 22.400145],
            [73.442964, 22.398955],
            [73.444007, 22.395898],
            [73.448785, 22.396577],
            [73.458012, 22.381225],
            [73.472432, 22.381827],
            [73.464305, 22.360181],
            [73.47852, 22.355259],
            [73.478212, 22.3526],
            [73.482239, 22.349549],
            [73.494127, 22.350869],
            [73.49929, 22.348919],
            [73.510729, 22.352259],
            [73.517718, 22.341152],
            [73.527956, 22.345958],
            [73.541781, 22.344358],
            [73.546313, 22.34595],
            [73.551684, 22.34262],
            [73.554322, 22.336489],
            [73.566209, 22.336449],
            [73.562829, 22.328649],
            [73.616575, 22.324362],
            [73.629252, 22.33128],
            [73.625622, 22.337881],
            [73.612352, 22.33821],
            [73.612613, 22.347498],
            [73.615443, 22.346839],
            [73.618545, 22.352718],
            [73.616413, 22.36081],
            [73.625953, 22.372667],
            [73.633551, 22.378184],
            [73.629832, 22.389744],
            [73.639509, 22.386126],
            [73.64903, 22.385796],
            [73.672308, 22.375405],
            [73.682367, 22.374598],
            [73.705152, 22.358518],
            [73.703641, 22.348721],
            [73.689243, 22.346167],
            [73.694054, 22.339247],
            [73.689467, 22.33738],
            [73.677688, 22.339529],
            [73.673848, 22.337431],
            [73.664728, 22.338558],
            [73.655248, 22.336578],
            [73.65065, 22.324202],
            [73.644262, 22.3164],
            [73.645649, 22.315113],
            [73.628902, 22.31283],
            [73.634822, 22.30234],
            [73.642061, 22.301541],
            [73.65047, 22.296071],
            [73.65352, 22.288214],
            [73.697225, 22.286525],
            [73.698921, 22.299763],
            [73.708701, 22.303723],
            [73.713621, 22.303192],
            [73.716703, 22.290023],
            [73.723311, 22.288814],
            [73.72605, 22.292813],
            [73.73084, 22.288064],
            [73.731808, 22.290764],
            [73.729158, 22.290291],
            [73.72728, 22.296343],
            [73.731571, 22.303994],
            [73.72907, 22.308633],
            [73.726358, 22.308571],
            [73.723461, 22.316163],
            [73.72686, 22.319159],
            [73.729558, 22.331421],
            [73.72583, 22.33746],
            [73.73318, 22.33867],
            [73.737518, 22.343539],
            [73.747447, 22.346901],
            [73.749517, 22.343897],
            [73.752659, 22.34762],
            [73.752895, 22.354876],
            [73.756398, 22.356919],
            [73.757434, 22.366186],
            [73.764664, 22.371067],
            [73.769627, 22.382526],
            [73.769535, 22.389154],
            [73.744788, 22.386655],
            [73.735079, 22.388545],
            [73.73924, 22.395243],
            [73.72966, 22.414313],
            [73.730869, 22.420981],
            [73.73766, 22.428124],
            [73.740729, 22.438652],
            [73.734669, 22.447099],
            [73.736501, 22.454919],
            [73.726363, 22.454059],
            [73.722879, 22.460138],
            [73.725291, 22.476938],
            [73.732372, 22.491897],
            [73.73227, 22.504827],
            [73.72877, 22.515445],
            [73.738792, 22.534014],
            [73.748269, 22.538603],
            [73.755548, 22.547263],
            [73.764095, 22.545544],
            [73.772857, 22.548313],
            [73.784165, 22.546541],
            [73.785802, 22.548443],
            [73.802903, 22.548828],
            [73.808987, 22.553139],
            [73.808252, 22.559325],
            [73.811166, 22.567533],
            [73.834302, 22.568698],
            [73.845424, 22.572974],
            [73.851053, 22.566117],
            [73.864634, 22.57234],
            [73.863652, 22.581019],
            [73.852799, 22.592189],
            [73.850608, 22.600938],
            [73.845232, 22.607775],
            [73.843275, 22.606473],
            [73.842742, 22.610303],
            [73.832562, 22.607124],
            [73.82782, 22.608578],
            [73.829198, 22.613701],
            [73.82407, 22.613465],
            [73.823536, 22.611295],
            [73.808911, 22.610753],
            [73.797187, 22.612627],
            [73.809169, 22.62679],
            [73.812838, 22.638737],
            [73.826773, 22.640921],
            [73.827076, 22.644854],
            [73.822515, 22.646637],
            [73.826127, 22.649659],
            [73.826332, 22.658128],
            [73.830296, 22.659497],
            [73.823729, 22.67388],
            [73.807275, 22.676142],
            [73.803736, 22.687645],
            [73.807679, 22.701414],
            [73.815823, 22.697488],
            [73.821533, 22.701625],
            [73.826416, 22.700835],
            [73.832655, 22.707643],
            [73.836166, 22.716653],
            [73.834717, 22.724682],
            [73.83767, 22.729339],
            [73.837356, 22.735275],
            [73.834684, 22.734899],
            [73.834308, 22.736931],
            [73.844425, 22.742523],
            [73.853656, 22.743171],
            [73.854837, 22.745309],
            [73.851791, 22.758554],
            [73.83543, 22.774967],
            [73.831474, 22.785842],
            [73.824517, 22.786453],
            [73.821823, 22.783508],
            [73.810384, 22.785396],
            [73.81338, 22.789042],
            [73.825642, 22.789204],
            [73.831218, 22.802661],
            [73.842858, 22.797841],
            [73.846005, 22.791814],
            [73.849847, 22.792853],
            [73.850796, 22.801811],
            [73.847228, 22.817862],
            [73.839687, 22.820791],
            [73.837348, 22.824542],
            [73.84011, 22.84449],
            [73.854179, 22.84172],
            [73.863117, 22.861357],
            [73.874634, 22.879296],
            [73.880512, 22.901776],
            [73.892815, 22.917184],
            [73.90764, 22.927652],
            [73.907363, 22.93177],
            [73.904132, 22.935103],
            [73.893252, 22.936852],
            [73.881865, 22.946023],
            [73.884883, 22.947901],
            [73.89336, 22.947182],
            [73.89534, 22.952392],
            [73.901332, 22.95324],
            [73.904679, 22.963998],
            [73.921467, 22.966211],
            [73.928239, 22.977167],
            [73.90348, 22.985016],
            [73.902814, 22.995897],
            [73.906089, 23.007668],
            [73.913973, 23.013915],
            [73.908312, 23.023063],
            [73.908842, 23.033235],
            [73.90427, 23.049954],
            [73.887052, 23.051691],
            [73.881184, 23.057231],
            [73.860267, 23.06026],
            [73.844781, 23.077731],
            [73.846377, 23.079289],
            [73.842028, 23.082981],
            [73.842417, 23.08686],
            [73.829922, 23.092839],
            [73.822101, 23.09946],
            [73.816962, 23.09982]
          ],
          [
            [73.788438, 22.79053],
            [73.794783, 22.784461],
            [73.797141, 22.777557],
            [73.78571, 22.769657],
            [73.781985, 22.769923],
            [73.778464, 22.773175],
            [73.780383, 22.778382],
            [73.77659, 22.782454],
            [73.77534, 22.788826],
            [73.788438, 22.79053]
          ]
        ]
      },
      "properties": {
        "dtname": "Panch Mahals",
        "stname": "Gujarat",
        "stcode11": "24",
        "dtcode11": "484",
        "dist_lgd": 454,
        "state_lgd": 24
      }
    },
    {
      "type": "Feature",
      "geometry": {
        "type": "Polygon",
        "coordinates": [
          [
            [73.086992, 24.497959],
            [73.072349, 24.491648],
            [73.073056, 24.486778],
            [73.070131, 24.486872],
            [73.068031, 24.48326],
            [73.060864, 24.483609],
            [73.061077, 24.480752],
            [73.057301, 24.477694],
            [73.048794, 24.474436],
            [73.049163, 24.468766],
            [73.037071, 24.466769],
            [73.035228, 24.463847],
            [73.032346, 24.466883],
            [73.020102, 24.464447],
            [73.004042, 24.466259],
            [73.001416, 24.469033],
            [73.006516, 24.474332],
            [73.00425, 24.481471],
            [73.00041, 24.483631],
            [72.993303, 24.479653],
            [72.967963, 24.450907],
            [72.974866, 24.449476],
            [72.973947, 24.441162],
            [72.980482, 24.437745],
            [72.981214, 24.434381],
            [72.973324, 24.426541],
            [72.966711, 24.410922],
            [72.949471, 24.399215],
            [72.954408, 24.391315],
            [72.959673, 24.391267],
            [72.968896, 24.386093],
            [72.97747, 24.377551],
            [72.974826, 24.368407],
            [72.968616, 24.367978],
            [72.95947, 24.360959],
            [72.966547, 24.348699],
            [72.965657, 24.331438],
            [72.96203, 24.321716],
            [72.967127, 24.313235],
            [72.974339, 24.307245],
            [72.978454, 24.309418],
            [72.987652, 24.306558],
            [72.996742, 24.308019],
            [73.001451, 24.289056],
            [73.006574, 24.287586],
            [73.006928, 24.283375],
            [73.013467, 24.278486],
            [73.018781, 24.277754],
            [73.022625, 24.281648],
            [73.023909, 24.276453],
            [73.028018, 24.273734],
            [73.024825, 24.270459],
            [73.024443, 24.261372],
            [73.017766, 24.25041],
            [73.013904, 24.234784],
            [73.004994, 24.228923],
            [72.996995, 24.228076],
            [72.99162, 24.223467],
            [72.989199, 24.208057],
            [72.993688, 24.192642],
            [72.9918, 24.184017],
            [72.985506, 24.178031],
            [72.974081, 24.173628],
            [72.956653, 24.159008],
            [72.953516, 24.155155],
            [72.955178, 24.152499],
            [72.952926, 24.138601],
            [72.942928, 24.13532],
            [72.943499, 24.127853],
            [72.940549, 24.120748],
            [72.946391, 24.109081],
            [72.944598, 24.104256],
            [72.934095, 24.097606],
            [72.927497, 24.088512],
            [72.930745, 24.071601],
            [72.922268, 24.059248],
            [72.921168, 24.047163],
            [72.923156, 24.04068],
            [72.898703, 24.025495],
            [72.874724, 24.027434],
            [72.858864, 24.020946],
            [72.85199, 24.010567],
            [72.857034, 23.989945],
            [72.851588, 23.973182],
            [72.845507, 23.967886],
            [72.827661, 23.961656],
            [72.818431, 23.947997],
            [72.829467, 23.937617],
            [72.830461, 23.931528],
            [72.827369, 23.927319],
            [72.809181, 23.92023],
            [72.804813, 23.915221],
            [72.803852, 23.875783],
            [72.802451, 23.869534],
            [72.790716, 23.851245],
            [72.788562, 23.826897],
            [72.789552, 23.821904],
            [72.794074, 23.816945],
            [72.805702, 23.812256],
            [72.814413, 23.798007],
            [72.804583, 23.785169],
            [72.794742, 23.760221],
            [72.800758, 23.746065],
            [72.801025, 23.73407],
            [72.810715, 23.722589],
            [72.820071, 23.69992],
            [72.830101, 23.688574],
            [72.834042, 23.673564],
            [72.83377, 23.663352],
            [72.817863, 23.645889],
            [72.815494, 23.640372],
            [72.830452, 23.619673],
            [72.842237, 23.613328],
            [72.84002, 23.60237],
            [72.827981, 23.594923],
            [72.810539, 23.589621],
            [72.806933, 23.58097],
            [72.806072, 23.570261],
            [72.808749, 23.564515],
            [72.831044, 23.545967],
            [72.83278, 23.535281],
            [72.823438, 23.522945],
            [72.82714, 23.519749],
            [72.833887, 23.520573],
            [72.833843, 23.518365],
            [72.827455, 23.514513],
            [72.824964, 23.500778],
            [72.818267, 23.500081],
            [72.802814, 23.507501],
            [72.797853, 23.502876],
            [72.799262, 23.495253],
            [72.814169, 23.480654],
            [72.81944, 23.469613],
            [72.80717, 23.440565],
            [72.793463, 23.426748],
            [72.794632, 23.419968],
            [72.80312, 23.410369],
            [72.80212, 23.40594],
            [72.792552, 23.404761],
            [72.778574, 23.414731],
            [72.771676, 23.415228],
            [72.759853, 23.40731],
            [72.734127, 23.403331],
            [72.726859, 23.398221],
            [72.723438, 23.389781],
            [72.730711, 23.388692],
            [72.740687, 23.393159],
            [72.752744, 23.387223],
            [72.746589, 23.374563],
            [72.764485, 23.367371],
            [72.760756, 23.358745],
            [72.765023, 23.354744],
            [72.775012, 23.356502],
            [72.787033, 23.354035],
            [72.794361, 23.357723],
            [72.79776, 23.355535],
            [72.80777, 23.355856],
            [72.804801, 23.347945],
            [72.804559, 23.334147],
            [72.796918, 23.331525],
            [72.801438, 23.318846],
            [72.810286, 23.318867],
            [72.825896, 23.330336],
            [72.828326, 23.328937],
            [72.833767, 23.331494],
            [72.854401, 23.317714],
            [72.854861, 23.315416],
            [72.865043, 23.313498],
            [72.871183, 23.314975],
            [72.883228, 23.312997],
            [72.884348, 23.322447],
            [72.894268, 23.324798],
            [72.908416, 23.324967],
            [72.916164, 23.322197],
            [72.912604, 23.317765],
            [72.914157, 23.296667],
            [72.884449, 23.293317],
            [72.883691, 23.288419],
            [72.893518, 23.281998],
            [72.898826, 23.281139],
            [72.914986, 23.29087],
            [72.920445, 23.291049],
            [72.918975, 23.263762],
            [72.927045, 23.25868],
            [72.927222, 23.249],
            [72.932161, 23.246813],
            [72.929941, 23.242774],
            [72.933611, 23.243752],
            [72.936144, 23.23906],
            [72.94451, 23.241454],
            [72.944891, 23.250526],
            [72.947855, 23.252582],
            [72.955649, 23.240713],
            [72.959832, 23.241424],
            [72.963288, 23.251751],
            [72.95917, 23.25355],
            [72.959779, 23.259189],
            [72.963049, 23.26032],
            [72.96932, 23.25577],
            [72.970606, 23.257291],
            [72.96772, 23.260069],
            [72.970158, 23.26521],
            [72.978366, 23.263991],
            [72.977626, 23.26693],
            [72.965821, 23.275931],
            [72.958739, 23.275389],
            [72.96014, 23.280779],
            [72.969807, 23.280258],
            [72.977796, 23.284578],
            [72.987104, 23.282527],
            [72.994926, 23.290286],
            [73.005213, 23.282364],
            [73.022705, 23.275039],
            [73.053639, 23.28526],
            [73.055858, 23.275793],
            [73.050582, 23.271515],
            [73.055021, 23.267648],
            [73.054192, 23.264821],
            [73.066788, 23.257946],
            [73.078933, 23.263715],
            [73.082703, 23.270999],
            [73.090092, 23.273624],
            [73.089118, 23.279976],
            [73.07842, 23.292908],
            [73.080573, 23.301202],
            [73.086407, 23.309353],
            [73.086361, 23.314825],
            [73.098147, 23.318272],
            [73.103298, 23.324625],
            [73.099962, 23.33522],
            [73.100547, 23.345514],
            [73.102918, 23.34853],
            [73.097001, 23.351636],
            [73.09298, 23.357621],
            [73.08586, 23.357891],
            [73.089478, 23.362831],
            [73.087164, 23.363941],
            [73.087398, 23.367431],
            [73.073238, 23.372921],
            [73.075076, 23.375947],
            [73.092886, 23.384195],
            [73.092184, 23.375671],
            [73.105418, 23.376454],
            [73.114603, 23.371308],
            [73.120359, 23.372198],
            [73.120339, 23.373972],
            [73.131006, 23.379069],
            [73.135292, 23.395945],
            [73.124839, 23.410754],
            [73.12481, 23.414415],
            [73.135915, 23.414803],
            [73.137299, 23.411263],
            [73.144026, 23.414211],
            [73.140681, 23.422879],
            [73.122638, 23.416677],
            [73.123034, 23.434889],
            [73.126953, 23.441533],
            [73.116971, 23.453377],
            [73.120259, 23.461314],
            [73.124986, 23.463201],
            [73.121159, 23.46344],
            [73.120283, 23.46642],
            [73.125309, 23.472072],
            [73.129871, 23.472574],
            [73.130498, 23.479314],
            [73.138451, 23.481643],
            [73.148588, 23.479258],
            [73.150203, 23.480829],
            [73.15538, 23.475902],
            [73.162972, 23.495733],
            [73.167838, 23.500165],
            [73.166465, 23.50381],
            [73.171375, 23.516869],
            [73.168635, 23.521279],
            [73.172455, 23.522658],
            [73.165876, 23.526548],
            [73.163326, 23.536477],
            [73.160136, 23.537917],
            [73.161316, 23.545237],
            [73.172175, 23.551026],
            [73.178274, 23.550486],
            [73.179134, 23.553966],
            [73.196082, 23.554416],
            [73.193172, 23.564735],
            [73.196182, 23.568525],
            [73.193012, 23.574944],
            [73.198422, 23.579834],
            [73.201691, 23.577994],
            [73.206961, 23.589643],
            [73.203841, 23.596323],
            [73.206851, 23.600892],
            [73.208841, 23.612471],
            [73.2176, 23.611971],
            [73.226609, 23.616971],
            [73.225749, 23.62819],
            [73.229348, 23.633559],
            [73.24213, 23.633324],
            [73.244577, 23.630639],
            [73.244888, 23.623322],
            [73.25, 23.629352],
            [73.244441, 23.632128],
            [73.238357, 23.643727],
            [73.249629, 23.649856],
            [73.255005, 23.658482],
            [73.233534, 23.66718],
            [73.237113, 23.684989],
            [73.230465, 23.691517],
            [73.212335, 23.684313],
            [73.194922, 23.695486],
            [73.192963, 23.701131],
            [73.189937, 23.701234],
            [73.18847, 23.715693],
            [73.191613, 23.719836],
            [73.190436, 23.725891],
            [73.176313, 23.728196],
            [73.17232, 23.721302],
            [73.172732, 23.729224],
            [73.175002, 23.731502],
            [73.173884, 23.735273],
            [73.155257, 23.736047],
            [73.170342, 23.776365],
            [73.171678, 23.778153],
            [73.184415, 23.77718],
            [73.192891, 23.786756],
            [73.19425, 23.791663],
            [73.189926, 23.793861],
            [73.180144, 23.792156],
            [73.182317, 23.7982],
            [73.175254, 23.803147],
            [73.177331, 23.807063],
            [73.168956, 23.809672],
            [73.171956, 23.814495],
            [73.182325, 23.822475],
            [73.202523, 23.823714],
            [73.203902, 23.828684],
            [73.212052, 23.835913],
            [73.22539, 23.856322],
            [73.226167, 23.871445],
            [73.222714, 23.883433],
            [73.226964, 23.886015],
            [73.242142, 23.886664],
            [73.241626, 23.87664],
            [73.249712, 23.858169],
            [73.267695, 23.848042],
            [73.277513, 23.836183],
            [73.288792, 23.832903],
            [73.292432, 23.840043],
            [73.296461, 23.838913],
            [73.299101, 23.849872],
            [73.30525, 23.859141],
            [73.298241, 23.866291],
            [73.287042, 23.87201],
            [73.290202, 23.884619],
            [73.294812, 23.889069],
            [73.30753, 23.889869],
            [73.312629, 23.881009],
            [73.321088, 23.884099],
            [73.325198, 23.888839],
            [73.342176, 23.883619],
            [73.343985, 23.887219],
            [73.343046, 23.900258],
            [73.357314, 23.910347],
            [73.364173, 23.909397],
            [73.365293, 23.905147],
            [73.376651, 23.906237],
            [73.378631, 23.904527],
            [73.39069, 23.917966],
            [73.406518, 23.916506],
            [73.408988, 23.921576],
            [73.414547, 23.921586],
            [73.420476, 23.926825],
            [73.420526, 23.931835],
            [73.413237, 23.939164],
            [73.414907, 23.944584],
            [73.413027, 23.945964],
            [73.413227, 23.958833],
            [73.416037, 23.970162],
            [73.414957, 23.985781],
            [73.404578, 23.9908],
            [73.397879, 23.98951],
            [73.403749, 23.9933],
            [73.407995, 24.008093],
            [73.406656, 24.018517],
            [73.400889, 24.032205],
            [73.404695, 24.041035],
            [73.38625, 24.064729],
            [73.360869, 24.081282],
            [73.361757, 24.104852],
            [73.34778, 24.106376],
            [73.344083, 24.100173],
            [73.339033, 24.098407],
            [73.333401, 24.103249],
            [73.333011, 24.108693],
            [73.327006, 24.109224],
            [73.322122, 24.096817],
            [73.32595, 24.07696],
            [73.324055, 24.069637],
            [73.316322, 24.057599],
            [73.317385, 24.053207],
            [73.307316, 24.04566],
            [73.300454, 24.046311],
            [73.297363, 24.043529],
            [73.290631, 24.033264],
            [73.289849, 24.026664],
            [73.283106, 24.018873],
            [73.265328, 24.020319],
            [73.260996, 24.017711],
            [73.258435, 24.011967],
            [73.252373, 24.009484],
            [73.24933, 24.003189],
            [73.242792, 24.002282],
            [73.23741, 24.007437],
            [73.236633, 24.01234],
            [73.229746, 24.015668],
            [73.229373, 24.022105],
            [73.21074, 24.028848],
            [73.20891, 24.033891],
            [73.199553, 24.036235],
            [73.193141, 24.040996],
            [73.202384, 24.050986],
            [73.213226, 24.078041],
            [73.19657, 24.086843],
            [73.15892, 24.098326],
            [73.154994, 24.108692],
            [73.157192, 24.109531],
            [73.153534, 24.112782],
            [73.138121, 24.12221],
            [73.13001, 24.122279],
            [73.12522, 24.124861],
            [73.110422, 24.142313],
            [73.103427, 24.143752],
            [73.103864, 24.149878],
            [73.099159, 24.159465],
            [73.076647, 24.17912],
            [73.067443, 24.194691],
            [73.076801, 24.202269],
            [73.077026, 24.205176],
            [73.079271, 24.205105],
            [73.078454, 24.219374],
            [73.092225, 24.223341],
            [73.097122, 24.231084],
            [73.08791, 24.233822],
            [73.093379, 24.237981],
            [73.095355, 24.249348],
            [73.103601, 24.255489],
            [73.107145, 24.263935],
            [73.125448, 24.27343],
            [73.135438, 24.308432],
            [73.140867, 24.311086],
            [73.166516, 24.299249],
            [73.169221, 24.300305],
            [73.173593, 24.308587],
            [73.176349, 24.337879],
            [73.181663, 24.343321],
            [73.186208, 24.339739],
            [73.188501, 24.333626],
            [73.198566, 24.331933],
            [73.206259, 24.351263],
            [73.219262, 24.363895],
            [73.206678, 24.374656],
            [73.199188, 24.37651],
            [73.181466, 24.366253],
            [73.171374, 24.355418],
            [73.158557, 24.354103],
            [73.155335, 24.356135],
            [73.15257, 24.353843],
            [73.133472, 24.366647],
            [73.124296, 24.367289],
            [73.111862, 24.373414],
            [73.105341, 24.382591],
            [73.102265, 24.381719],
            [73.102688, 24.387434],
            [73.100016, 24.390386],
            [73.087498, 24.386628],
            [73.076503, 24.396601],
            [73.086721, 24.412529],
            [73.100251, 24.426097],
            [73.102829, 24.433009],
            [73.098393, 24.448013],
            [73.100059, 24.45427],
            [73.103279, 24.45576],
            [73.101821, 24.47081],
            [73.093806, 24.471539],
            [73.091127, 24.475101],
            [73.095889, 24.49012],
            [73.086992, 24.497959]
          ],
          [
            [73.153011, 23.495668],
            [73.155994, 23.499329],
            [73.158529, 23.497632],
            [73.153011, 23.495668]
          ]
        ]
      },
      "properties": {
        "dtname": "Sabar Kantha",
        "stname": "Gujarat",
        "stcode11": "24",
        "dtcode11": "472",
        "dist_lgd": 458,
        "state_lgd": 24
      }
    },
    {
      "type": "Feature",
      "geometry": {
        "type": "Polygon",
        "coordinates": [
          [
            [74.299466, 21.567707],
            [74.295526, 21.569074],
            [74.295604, 21.567084],
            [74.284599, 21.566428],
            [74.276721, 21.562254],
            [74.278528, 21.553604],
            [74.269064, 21.552931],
            [74.266408, 21.542589],
            [74.26332, 21.542612],
            [74.263331, 21.539899],
            [74.236217, 21.539703],
            [74.236314, 21.548396],
            [74.229008, 21.554463],
            [74.227573, 21.548791],
            [74.22042, 21.546904],
            [74.20845, 21.536772],
            [74.202911, 21.536405],
            [74.200084, 21.532841],
            [74.195845, 21.532063],
            [74.193383, 21.539376],
            [74.187608, 21.542802],
            [74.182717, 21.542317],
            [74.175097, 21.556432],
            [74.175865, 21.568998],
            [74.155859, 21.568304],
            [74.153956, 21.55682],
            [74.138936, 21.555031],
            [74.136964, 21.546863],
            [74.13612, 21.549286],
            [74.129797, 21.551181],
            [74.120112, 21.551392],
            [74.118935, 21.556283],
            [74.113194, 21.548782],
            [74.109954, 21.556241],
            [74.104463, 21.556432],
            [74.09731, 21.555249],
            [74.096447, 21.551237],
            [74.086977, 21.551571],
            [74.08504, 21.555354],
            [74.079225, 21.554416],
            [74.081578, 21.548755],
            [74.073189, 21.54792],
            [74.059903, 21.550303],
            [74.054028, 21.557905],
            [74.053775, 21.547513],
            [74.049353, 21.548231],
            [74.048811, 21.544688],
            [74.046944, 21.544676],
            [74.047484, 21.547383],
            [74.044537, 21.548163],
            [74.043606, 21.542479],
            [74.036437, 21.545575],
            [74.038307, 21.545786],
            [74.037456, 21.550632],
            [74.035009, 21.550336],
            [74.034976, 21.545527],
            [74.030914, 21.545153],
            [74.020435, 21.549962],
            [74.010303, 21.549203],
            [74.005838, 21.552756],
            [74.003446, 21.545303],
            [74.000318, 21.545651],
            [74.002325, 21.541549],
            [73.997419, 21.539011],
            [73.993189, 21.543304],
            [73.982814, 21.540729],
            [73.981079, 21.543611],
            [73.974186, 21.543276],
            [73.974928, 21.534244],
            [73.98127, 21.527814],
            [73.982862, 21.520557],
            [73.980977, 21.516372],
            [73.976725, 21.515552],
            [73.978416, 21.511474],
            [73.974645, 21.509597],
            [73.980546, 21.495378],
            [73.976865, 21.495141],
            [73.978251, 21.489951],
            [73.972769, 21.488749],
            [73.975245, 21.484015],
            [73.989211, 21.481364],
            [73.97139, 21.461659],
            [73.963901, 21.459216],
            [73.945113, 21.460494],
            [73.926305, 21.450779],
            [73.917467, 21.449273],
            [73.90863, 21.448954],
            [73.891912, 21.45331],
            [73.881816, 21.450859],
            [73.837622, 21.423855],
            [73.834701, 21.420233],
            [73.834032, 21.412303],
            [73.818609, 21.401244],
            [73.802527, 21.411597],
            [73.794036, 21.410704],
            [73.782046, 21.41319],
            [73.763173, 21.409684],
            [73.743083, 21.410991],
            [73.730555, 21.408842],
            [73.709847, 21.403852],
            [73.709647, 21.399682],
            [73.68462, 21.393223],
            [73.678171, 21.387243],
            [73.665153, 21.382644],
            [73.652314, 21.380804],
            [73.644345, 21.382434],
            [73.615659, 21.376235],
            [73.613279, 21.378454],
            [73.60874, 21.375835],
            [73.608849, 21.370435],
            [73.60196, 21.371215],
            [73.597491, 21.368055],
            [73.593801, 21.370645],
            [73.589732, 21.365726],
            [73.585072, 21.368375],
            [73.580863, 21.367015],
            [73.579783, 21.369525],
            [73.566235, 21.364846],
            [73.559615, 21.364966],
            [73.557106, 21.367855],
            [73.545467, 21.363666],
            [73.539438, 21.366426],
            [73.538638, 21.369146],
            [73.534759, 21.368726],
            [73.530539, 21.364936],
            [73.5256, 21.364896],
            [73.52499, 21.356427],
            [73.527119, 21.352207],
            [73.52479, 21.350247],
            [73.52053, 21.353537],
            [73.513881, 21.353577],
            [73.511781, 21.357377],
            [73.510052, 21.378745],
            [73.454758, 21.383945],
            [73.453678, 21.376965],
            [73.449399, 21.371916],
            [73.43874, 21.345328],
            [73.44016, 21.326109],
            [73.432271, 21.31394],
            [73.43949, 21.31542],
            [73.442989, 21.308891],
            [73.447479, 21.307571],
            [73.445709, 21.302831],
            [73.448909, 21.288352],
            [73.448329, 21.277453],
            [73.445299, 21.276493],
            [73.442209, 21.267834],
            [73.426901, 21.275593],
            [73.412423, 21.278073],
            [73.364989, 21.268974],
            [73.364189, 21.264834],
            [73.367988, 21.261874],
            [73.371027, 21.249365],
            [73.376985, 21.241096],
            [73.375073, 21.225295],
            [73.364612, 21.219596],
            [73.363529, 21.21652],
            [73.34583, 21.214522],
            [73.342588, 21.219105],
            [73.334112, 21.216846],
            [73.334161, 21.214556],
            [73.308131, 21.201542],
            [73.308305, 21.199781],
            [73.299653, 21.196616],
            [73.288597, 21.196579],
            [73.28311, 21.184334],
            [73.286656, 21.172536],
            [73.283768, 21.162653],
            [73.284807, 21.156476],
            [73.270655, 21.14745],
            [73.269255, 21.131661],
            [73.26034, 21.132703],
            [73.25819, 21.124708],
            [73.25387, 21.122086],
            [73.247142, 21.128595],
            [73.234264, 21.128955],
            [73.231064, 21.129955],
            [73.229605, 21.133635],
            [73.223315, 21.133865],
            [73.226265, 21.129025],
            [73.227155, 21.117406],
            [73.247092, 21.114566],
            [73.253076, 21.092853],
            [73.247252, 21.092078],
            [73.247002, 21.088548],
            [73.227595, 21.092178],
            [73.224065, 21.091148],
            [73.223175, 21.079179],
            [73.215706, 21.080969],
            [73.214246, 21.076849],
            [73.198468, 21.077609],
            [73.200618, 21.07175],
            [73.199888, 21.058261],
            [73.203377, 21.052081],
            [73.209767, 21.051481],
            [73.212286, 21.038722],
            [73.201257, 21.028003],
            [73.205287, 21.023554],
            [73.204437, 21.019174],
            [73.207337, 21.014604],
            [73.213766, 21.011054],
            [73.226294, 21.009765],
            [73.240542, 20.991378],
            [73.236543, 20.981405],
            [73.225162, 20.976119],
            [73.221945, 20.967717],
            [73.212008, 20.961811],
            [73.209765, 20.957539],
            [73.229996, 20.950718],
            [73.236742, 20.952267],
            [73.243892, 20.948329],
            [73.255269, 20.947579],
            [73.259161, 20.94359],
            [73.260191, 20.922532],
            [73.274316, 20.925819],
            [73.275809, 20.928571],
            [73.284196, 20.929338],
            [73.288449, 20.932402],
            [73.294604, 20.918261],
            [73.303374, 20.91238],
            [73.307454, 20.912802],
            [73.308115, 20.907762],
            [73.315581, 20.902332],
            [73.317853, 20.892203],
            [73.316704, 20.879932],
            [73.323162, 20.868717],
            [73.332801, 20.867125],
            [73.332769, 20.859818],
            [73.342051, 20.862746],
            [73.34972, 20.859726],
            [73.350437, 20.848635],
            [73.365807, 20.841428],
            [73.368574, 20.838529],
            [73.367215, 20.832577],
            [73.374314, 20.831258],
            [73.380535, 20.824289],
            [73.388115, 20.822446],
            [73.392184, 20.82764],
            [73.396243, 20.827377],
            [73.403664, 20.822476],
            [73.4212, 20.818579],
            [73.442325, 20.808627],
            [73.453463, 20.80897],
            [73.460514, 20.8171],
            [73.464596, 20.815829],
            [73.472423, 20.818896],
            [73.483261, 20.814978],
            [73.491479, 20.815528],
            [73.49605, 20.819206],
            [73.496059, 20.824368],
            [73.499651, 20.828737],
            [73.49892, 20.839255],
            [73.504849, 20.843726],
            [73.502812, 20.855954],
            [73.499283, 20.859855],
            [73.491751, 20.861674],
            [73.492241, 20.867834],
            [73.496553, 20.870265],
            [73.499231, 20.877552],
            [73.488141, 20.891293],
            [73.492141, 20.900151],
            [73.48961, 20.9145],
            [73.496201, 20.92155],
            [73.511038, 20.926081],
            [73.512401, 20.935389],
            [73.530125, 20.934388],
            [73.530266, 20.939198],
            [73.519757, 20.947068],
            [73.532665, 20.947468],
            [73.537427, 20.951287],
            [73.535778, 20.959167],
            [73.539806, 20.969637],
            [73.544165, 20.974114],
            [73.546884, 21.006629],
            [73.554295, 21.009779],
            [73.557631, 21.01487],
            [73.566947, 21.009987],
            [73.572792, 21.013019],
            [73.591131, 20.999605],
            [73.59195, 20.991806],
            [73.585002, 20.970114],
            [73.595837, 20.958925],
            [73.600609, 20.974556],
            [73.613346, 20.981385],
            [73.610719, 20.992576],
            [73.620274, 20.990883],
            [73.629613, 20.978265],
            [73.637825, 20.975334],
            [73.644735, 20.979433],
            [73.645674, 20.990534],
            [73.652123, 20.991856],
            [73.651991, 21.002522],
            [73.660187, 21.007673],
            [73.667535, 21.006087],
            [73.67128, 21.001136],
            [73.687008, 21.005656],
            [73.692964, 21.000785],
            [73.705327, 21.006353],
            [73.712015, 21.004412],
            [73.717682, 21.006558],
            [73.725306, 21.001293],
            [73.728844, 21.006069],
            [73.740898, 21.002303],
            [73.752671, 21.006135],
            [73.75573, 20.999517],
            [73.761577, 20.999901],
            [73.765271, 20.993192],
            [73.770771, 20.994704],
            [73.774892, 20.987585],
            [73.7821, 20.988063],
            [73.792139, 20.982766],
            [73.797311, 20.958671],
            [73.812129, 20.955782],
            [73.814627, 20.948973],
            [73.818493, 20.948057],
            [73.820286, 20.94771],
            [73.821601, 20.953721],
            [73.866981, 20.944128],
            [73.874081, 20.938596],
            [73.877715, 20.931505],
            [73.875888, 20.927811],
            [73.885694, 20.929617],
            [73.892312, 20.955711],
            [73.899015, 20.960303],
            [73.907976, 20.959737],
            [73.908464, 20.966917],
            [73.903315, 20.972188],
            [73.901298, 20.982305],
            [73.892387, 20.97947],
            [73.869023, 20.985265],
            [73.866315, 20.989903],
            [73.846001, 21.000008],
            [73.843599, 20.987647],
            [73.827509, 20.988546],
            [73.819404, 20.995151],
            [73.807727, 20.995973],
            [73.805033, 20.997584],
            [73.80666, 21.006422],
            [73.80226, 21.024204],
            [73.778704, 21.019718],
            [73.767537, 21.011704],
            [73.761988, 21.010861],
            [73.767929, 21.021983],
            [73.768264, 21.030988],
            [73.764002, 21.032295],
            [73.761635, 21.038277],
            [73.753551, 21.036176],
            [73.747773, 21.040771],
            [73.738095, 21.041387],
            [73.73429, 21.054974],
            [73.736669, 21.063941],
            [73.734384, 21.071006],
            [73.737142, 21.080044],
            [73.729932, 21.082434],
            [73.733018, 21.098251],
            [73.743759, 21.115179],
            [73.729675, 21.09987],
            [73.705488, 21.108428],
            [73.703046, 21.112331],
            [73.703145, 21.118649],
            [73.688949, 21.100794],
            [73.6772, 21.108557],
            [73.6519, 21.107597],
            [73.646382, 21.121249],
            [73.631029, 21.123278],
            [73.618462, 21.118455],
            [73.61191, 21.138081],
            [73.617633, 21.142697],
            [73.605127, 21.144015],
            [73.59879, 21.156632],
            [73.57852, 21.150481],
            [73.576881, 21.156672],
            [73.583283, 21.161014],
            [73.577421, 21.170753],
            [73.581008, 21.169449],
            [73.593852, 21.174392],
            [73.5996, 21.181695],
            [73.606452, 21.178756],
            [73.607792, 21.158981],
            [73.61472, 21.155784],
            [73.629268, 21.154922],
            [73.629937, 21.14883],
            [73.627429, 21.143352],
            [73.63464, 21.140881],
            [73.643357, 21.139566],
            [73.664939, 21.147303],
            [73.664237, 21.153273],
            [73.667492, 21.154632],
            [73.681639, 21.151245],
            [73.701777, 21.153689],
            [73.70134, 21.146315],
            [73.710741, 21.145434],
            [73.718974, 21.139757],
            [73.718494, 21.141569],
            [73.721016, 21.142037],
            [73.73321, 21.142354],
            [73.7332, 21.14832],
            [73.737423, 21.150219],
            [73.737122, 21.153249],
            [73.728516, 21.161939],
            [73.729751, 21.165379],
            [73.740087, 21.171117],
            [73.74019, 21.167612],
            [73.772306, 21.164637],
            [73.773598, 21.168657],
            [73.781353, 21.1711],
            [73.784701, 21.183986],
            [73.793562, 21.181755],
            [73.802699, 21.174917],
            [73.815762, 21.17396],
            [73.819869, 21.186733],
            [73.82298, 21.18514],
            [73.825897, 21.187155],
            [73.826047, 21.200129],
            [73.815435, 21.197348],
            [73.810735, 21.207616],
            [73.811809, 21.23123],
            [73.828462, 21.239983],
            [73.82749, 21.252173],
            [73.822376, 21.261099],
            [73.822873, 21.270858],
            [73.825065, 21.271356],
            [73.826536, 21.267716],
            [73.849708, 21.274716],
            [73.859696, 21.271511],
            [73.863382, 21.272658],
            [73.879613, 21.265957],
            [73.897435, 21.272246],
            [73.902104, 21.27757],
            [73.908729, 21.27867],
            [73.922238, 21.289636],
            [73.93242, 21.290721],
            [73.942172, 21.299271],
            [73.942353, 21.325625],
            [73.949176, 21.351164],
            [73.944075, 21.399969],
            [73.938932, 21.40502],
            [73.946918, 21.404926],
            [73.951788, 21.395274],
            [73.959474, 21.395428],
            [73.970446, 21.397815],
            [73.978033, 21.407344],
            [73.976917, 21.411928],
            [73.982224, 21.407896],
            [74.002538, 21.417461],
            [74.000872, 21.420842],
            [74.002618, 21.421413],
            [74.008295, 21.422868],
            [74.008952, 21.41954],
            [74.015058, 21.42128],
            [74.023404, 21.417787],
            [74.044624, 21.419194],
            [74.048275, 21.423395],
            [74.047679, 21.435272],
            [74.049654, 21.440208],
            [74.045704, 21.446176],
            [74.053003, 21.456267],
            [74.061426, 21.461967],
            [74.062932, 21.474549],
            [74.072763, 21.468772],
            [74.075439, 21.459801],
            [74.0723, 21.457025],
            [74.09459, 21.455733],
            [74.100714, 21.447631],
            [74.116498, 21.45241],
            [74.117058, 21.461891],
            [74.123774, 21.466417],
            [74.133734, 21.465862],
            [74.135844, 21.45612],
            [74.148298, 21.457996],
            [74.147662, 21.461415],
            [74.155594, 21.463157],
            [74.159533, 21.468579],
            [74.172968, 21.468517],
            [74.173498, 21.466365],
            [74.18232, 21.469247],
            [74.183489, 21.461253],
            [74.186414, 21.461116],
            [74.187732, 21.458189],
            [74.195308, 21.460526],
            [74.196119, 21.458297],
            [74.197158, 21.460979],
            [74.209281, 21.462188],
            [74.208913, 21.467037],
            [74.214157, 21.481682],
            [74.234352, 21.482287],
            [74.235708, 21.467766],
            [74.253561, 21.467742],
            [74.255921, 21.47678],
            [74.277316, 21.47937],
            [74.277342, 21.482513],
            [74.304135, 21.488112],
            [74.303888, 21.499447],
            [74.320788, 21.498497],
            [74.321477, 21.529574],
            [74.32525, 21.53229],
            [74.325538, 21.536068],
            [74.330783, 21.535408],
            [74.331374, 21.539293],
            [74.327931, 21.539413],
            [74.328285, 21.542632],
            [74.332332, 21.543482],
            [74.330528, 21.552755],
            [74.322613, 21.549106],
            [74.321558, 21.552308],
            [74.303239, 21.552233],
            [74.303818, 21.565473],
            [74.299466, 21.567707]
          ]
        ]
      },
      "properties": {
        "dtname": "Tapi",
        "stname": "Gujarat",
        "stcode11": "24",
        "dtcode11": "493",
        "dist_lgd": 641,
        "state_lgd": 24
      }
    },
    {
      "type": "Feature",
      "geometry": {
        "type": "Polygon",
        "coordinates": [
          [
            [73.4064, 22.809004],
            [73.404692, 22.814554],
            [73.398744, 22.808026],
            [73.384382, 22.811572],
            [73.383563, 22.794816],
            [73.377486, 22.801364],
            [73.380907, 22.758019],
            [73.362046, 22.771085],
            [73.363428, 22.777325],
            [73.359985, 22.781118],
            [73.358996, 22.787344],
            [73.350221, 22.792354],
            [73.324453, 22.785996],
            [73.315583, 22.781586],
            [73.308083, 22.783629],
            [73.27604, 22.782208],
            [73.26483, 22.776828],
            [73.258799, 22.769437],
            [73.254999, 22.760309],
            [73.25983, 22.750001],
            [73.251818, 22.734641],
            [73.251861, 22.719412],
            [73.255051, 22.705711],
            [73.265019, 22.691454],
            [73.269237, 22.666484],
            [73.260259, 22.656815],
            [73.238591, 22.645331],
            [73.219713, 22.626032],
            [73.218825, 22.621251],
            [73.201086, 22.617933],
            [73.191288, 22.603222],
            [73.160172, 22.592554],
            [73.156204, 22.588843],
            [73.15347, 22.582933],
            [73.153573, 22.565626],
            [73.15025, 22.552059],
            [73.135664, 22.524608],
            [73.111797, 22.51472],
            [73.099958, 22.515549],
            [73.097028, 22.511752],
            [73.091741, 22.510251],
            [73.08788, 22.502742],
            [73.087648, 22.496099],
            [73.09367, 22.465623],
            [73.093357, 22.455531],
            [73.065023, 22.428355],
            [73.065731, 22.419456],
            [73.072971, 22.397058],
            [73.067969, 22.385267],
            [73.052734, 22.373372],
            [73.046764, 22.362781],
            [73.053353, 22.339381],
            [73.063632, 22.320443],
            [73.05907, 22.310273],
            [73.035097, 22.295794],
            [73.009238, 22.267697],
            [72.974533, 22.254098],
            [72.968204, 22.262789],
            [72.951715, 22.263308],
            [72.949116, 22.292325],
            [72.944876, 22.302708],
            [72.937438, 22.306378],
            [72.925797, 22.305844],
            [72.913241, 22.297436],
            [72.910779, 22.289959],
            [72.916108, 22.278696],
            [72.916711, 22.267629],
            [72.908418, 22.261219],
            [72.894574, 22.260048],
            [72.869853, 22.274268],
            [72.84922, 22.274975],
            [72.84887, 22.247842],
            [72.868894, 22.215563],
            [72.868826, 22.209522],
            [72.877113, 22.205864],
            [72.875353, 22.196224],
            [72.877603, 22.190096],
            [72.876822, 22.181404],
            [72.884768, 22.174249],
            [72.895982, 22.180147],
            [72.898359, 22.187295],
            [72.910708, 22.188783],
            [72.915078, 22.192417],
            [72.922177, 22.192604],
            [72.923348, 22.187664],
            [72.926809, 22.186087],
            [72.929199, 22.171578],
            [72.926789, 22.169118],
            [72.914368, 22.167866],
            [72.912549, 22.162927],
            [72.907129, 22.164816],
            [72.89037, 22.160167],
            [72.885781, 22.172068],
            [72.882251, 22.165925],
            [72.862914, 22.155187],
            [72.863885, 22.14086],
            [72.866395, 22.138851],
            [72.873641, 22.139289],
            [72.874645, 22.126781],
            [72.879864, 22.119019],
            [72.871984, 22.116012],
            [72.871882, 22.11244],
            [72.877004, 22.108922],
            [72.88465, 22.093262],
            [72.897771, 22.094932],
            [72.90397, 22.079172],
            [72.904849, 22.068064],
            [72.915739, 22.066544],
            [72.916576, 22.062575],
            [72.922228, 22.060537],
            [72.919876, 22.053534],
            [72.916146, 22.051986],
            [72.913558, 22.047114],
            [72.926468, 22.049535],
            [72.929426, 22.046234],
            [72.928785, 22.042766],
            [72.931705, 22.041794],
            [72.939893, 22.045905],
            [72.940454, 22.053725],
            [72.953716, 22.052794],
            [72.958974, 22.049906],
            [72.960483, 22.046288],
            [72.979262, 22.052585],
            [72.980499, 22.048498],
            [72.984621, 22.047926],
            [72.989278, 22.027707],
            [72.99412, 22.026006],
            [72.997867, 22.019017],
            [73.009019, 22.017167],
            [73.010803, 22.010162],
            [73.014776, 22.011278],
            [73.018018, 22.002489],
            [73.025994, 21.995589],
            [73.043602, 22.004608],
            [73.048009, 22.003359],
            [73.050363, 22.012368],
            [73.063252, 22.016609],
            [73.064119, 22.003709],
            [73.062346, 22.0],
            [73.068009, 21.98403],
            [73.048861, 21.976151],
            [73.052241, 21.948833],
            [73.047961, 21.939504],
            [73.042242, 21.937174],
            [73.015955, 21.942004],
            [73.002147, 21.935744],
            [73.000361, 21.931054],
            [72.993877, 21.927064],
            [73.0, 21.910836],
            [73.018195, 21.918695],
            [73.035573, 21.919795],
            [73.037832, 21.926795],
            [73.043192, 21.928404],
            [73.042062, 21.933724],
            [73.047371, 21.935404],
            [73.053191, 21.922245],
            [73.066889, 21.923865],
            [73.075188, 21.930424],
            [73.090436, 21.929634],
            [73.091546, 21.921305],
            [73.087106, 21.917815],
            [73.062679, 21.911756],
            [73.05924, 21.882298],
            [73.071808, 21.877078],
            [73.085906, 21.880688],
            [73.091196, 21.872249],
            [73.104574, 21.877138],
            [73.125361, 21.877628],
            [73.126821, 21.870379],
            [73.130511, 21.871128],
            [73.131931, 21.866169],
            [73.13728, 21.867009],
            [73.142117, 21.86434],
            [73.141805, 21.854624],
            [73.147989, 21.853868],
            [73.148455, 21.856628],
            [73.159187, 21.855775],
            [73.183964, 21.831351],
            [73.201502, 21.822392],
            [73.21937, 21.824702],
            [73.237414, 21.837183],
            [73.239985, 21.835418],
            [73.246294, 21.840648],
            [73.243737, 21.8424],
            [73.247036, 21.85021],
            [73.248506, 21.865078],
            [73.227949, 21.887667],
            [73.22089, 21.906485],
            [73.22201, 21.915925],
            [73.233378, 21.928414],
            [73.242357, 21.933983],
            [73.256875, 21.935563],
            [73.277431, 21.913843],
            [73.278864, 21.905084],
            [73.297472, 21.890856],
            [73.327766, 21.874927],
            [73.341224, 21.875535],
            [73.346733, 21.882305],
            [73.344516, 21.914483],
            [73.348952, 21.923194],
            [73.355354, 21.928365],
            [73.364602, 21.930944],
            [73.376319, 21.929454],
            [73.383399, 21.921863],
            [73.399808, 21.911584],
            [73.416464, 21.910294],
            [73.429464, 21.917785],
            [73.438663, 21.926673],
            [73.442881, 21.941622],
            [73.439876, 21.964012],
            [73.447113, 21.974539],
            [73.45865, 21.974998],
            [73.46181, 21.979901],
            [73.503825, 21.96289],
            [73.507555, 21.969709],
            [73.504727, 21.977236],
            [73.512854, 21.980958],
            [73.514164, 21.985398],
            [73.511815, 21.987548],
            [73.514204, 21.990177],
            [73.513694, 21.993067],
            [73.511245, 21.993467],
            [73.511113, 22.003638],
            [73.500306, 22.009126],
            [73.499115, 22.013925],
            [73.494947, 22.017395],
            [73.500628, 22.017254],
            [73.502376, 22.022606],
            [73.503316, 22.028265],
            [73.500178, 22.032954],
            [73.503174, 22.035426],
            [73.499868, 22.039645],
            [73.513992, 22.037723],
            [73.522284, 22.052173],
            [73.521612, 22.056512],
            [73.530892, 22.050652],
            [73.532151, 22.058754],
            [73.529141, 22.061972],
            [73.542191, 22.061811],
            [73.54325, 22.064824],
            [73.532414, 22.07146],
            [73.539103, 22.082319],
            [73.540343, 22.091319],
            [73.524154, 22.09341],
            [73.514154, 22.092148],
            [73.501655, 22.07853],
            [73.497037, 22.076671],
            [73.489148, 22.078121],
            [73.487948, 22.070591],
            [73.47615, 22.08679],
            [73.479089, 22.103359],
            [73.500948, 22.112427],
            [73.506667, 22.122586],
            [73.506987, 22.134358],
            [73.518926, 22.144806],
            [73.515976, 22.143016],
            [73.515427, 22.144817],
            [73.506024, 22.144747],
            [73.508397, 22.152326],
            [73.506258, 22.154117],
            [73.504427, 22.152567],
            [73.496347, 22.166904],
            [73.495398, 22.177583],
            [73.503955, 22.18901],
            [73.505285, 22.199451],
            [73.501615, 22.20428],
            [73.492438, 22.204411],
            [73.486469, 22.207731],
            [73.480865, 22.219015],
            [73.486369, 22.224679],
            [73.491648, 22.224599],
            [73.491608, 22.235928],
            [73.498088, 22.235618],
            [73.508367, 22.249046],
            [73.521135, 22.248147],
            [73.523589, 22.250817],
            [73.524593, 22.261438],
            [73.531204, 22.262796],
            [73.540281, 22.270355],
            [73.54342, 22.270045],
            [73.54626, 22.275343],
            [73.543483, 22.279275],
            [73.540121, 22.279083],
            [73.539631, 22.286795],
            [73.542143, 22.288765],
            [73.54915, 22.288155],
            [73.541535, 22.297663],
            [73.54735, 22.314474],
            [73.544181, 22.331179],
            [73.562829, 22.328649],
            [73.566209, 22.336449],
            [73.554322, 22.336489],
            [73.551684, 22.34262],
            [73.546313, 22.34595],
            [73.541781, 22.344358],
            [73.527956, 22.345958],
            [73.517718, 22.341152],
            [73.510729, 22.352259],
            [73.49929, 22.348919],
            [73.494127, 22.350869],
            [73.482239, 22.349549],
            [73.478212, 22.3526],
            [73.47852, 22.355259],
            [73.464305, 22.360181],
            [73.472432, 22.381827],
            [73.458012, 22.381225],
            [73.448785, 22.396577],
            [73.444007, 22.395898],
            [73.442964, 22.398955],
            [73.437925, 22.400145],
            [73.446376, 22.414175],
            [73.445586, 22.425314],
            [73.432918, 22.421562],
            [73.429127, 22.426345],
            [73.4199, 22.428462],
            [73.420489, 22.447114],
            [73.426989, 22.449573],
            [73.425287, 22.456902],
            [73.429139, 22.458341],
            [73.430156, 22.461853],
            [73.427416, 22.485749],
            [73.424069, 22.487357],
            [73.423119, 22.493851],
            [73.416511, 22.497347],
            [73.41474, 22.505668],
            [73.409939, 22.506396],
            [73.40816, 22.504577],
            [73.40523, 22.506939],
            [73.412031, 22.515065],
            [73.411152, 22.516605],
            [73.414778, 22.517647],
            [73.411281, 22.525116],
            [73.41783, 22.533644],
            [73.421237, 22.546786],
            [73.414011, 22.553706],
            [73.391683, 22.551994],
            [73.384392, 22.555684],
            [73.371995, 22.556384],
            [73.382774, 22.579303],
            [73.377922, 22.585669],
            [73.383054, 22.611681],
            [73.388403, 22.611721],
            [73.388943, 22.61374],
            [73.387743, 22.621718],
            [73.384115, 22.626929],
            [73.374397, 22.62534],
            [73.362505, 22.627471],
            [73.365827, 22.631918],
            [73.365647, 22.638989],
            [73.368876, 22.640818],
            [73.368156, 22.647726],
            [73.383835, 22.650037],
            [73.389555, 22.643526],
            [73.397104, 22.643548],
            [73.40022, 22.656686],
            [73.407113, 22.654355],
            [73.416849, 22.661207],
            [73.414599, 22.670116],
            [73.41572, 22.675624],
            [73.407011, 22.678105],
            [73.402752, 22.690355],
            [73.391175, 22.687454],
            [73.389381, 22.701004],
            [73.386934, 22.701361],
            [73.382935, 22.719769],
            [73.386654, 22.732592],
            [73.384664, 22.74206],
            [73.410429, 22.759247],
            [73.42675, 22.762457],
            [73.42277, 22.785617],
            [73.41442, 22.786608],
            [73.40403, 22.793784],
            [73.4064, 22.809004]
          ]
        ]
      },
      "properties": {
        "dtname": "Vadodara",
        "stname": "Gujarat",
        "stcode11": "24",
        "dtcode11": "486",
        "dist_lgd": 461,
        "state_lgd": 24
      }
    },
    {
      "type": "Feature",
      "geometry": {
        "type": "MultiPolygon",
        "coordinates": [
          [
            [
              [71.256059, 20.811639],
              [71.257065, 20.813344],
              [71.254562, 20.813978],
              [71.256059, 20.811639]
            ]
          ],
          [
            [
              [71.261996, 20.815042],
              [71.262774, 20.816912],
              [71.260787, 20.81596],
              [71.261996, 20.815042]
            ]
          ],
          [
            [
              [71.269463, 20.821307],
              [71.268895, 20.820014],
              [71.270894, 20.819383],
              [71.269463, 20.821307]
            ]
          ],
          [
            [
              [71.304198, 20.831964],
              [71.304904, 20.832542],
              [71.302498, 20.831082],
              [71.304198, 20.831964]
            ]
          ],
          [
            [
              [71.309155, 20.83258],
              [71.309064, 20.832891],
              [71.307608, 20.832335],
              [71.309155, 20.83258]
            ]
          ],
          [
            [
              [71.304072, 20.833793],
              [71.303995, 20.834375],
              [71.30277, 20.833941],
              [71.304072, 20.833793]
            ]
          ],
          [
            [
              [71.457386, 20.878645],
              [71.456093, 20.877304],
              [71.45913, 20.877813],
              [71.457386, 20.878645]
            ]
          ],
          [
            [
              [71.535492, 20.902683],
              [71.536141, 20.903239],
              [71.534682, 20.902942],
              [71.535492, 20.902683]
            ]
          ],
          [
            [
              [71.547699, 20.911821],
              [71.546987, 20.913403],
              [71.545764, 20.912463],
              [71.547699, 20.911821]
            ]
          ],
          [
            [
              [71.518097, 20.912602],
              [71.512538, 20.910981],
              [71.512929, 20.908868],
              [71.507002, 20.902872],
              [71.532433, 20.902936],
              [71.527262, 20.905956],
              [71.521562, 20.905137],
              [71.518097, 20.912602]
            ]
          ],
          [
            [
              [71.52079, 20.912849],
              [71.521264, 20.913469],
              [71.52021, 20.913274],
              [71.52079, 20.912849]
            ]
          ],
          [
            [
              [71.545181, 20.913438],
              [71.545421, 20.914282],
              [71.544757, 20.913612],
              [71.545181, 20.913438]
            ]
          ],
          [
            [
              [71.653102, 21.110375],
              [71.650745, 21.117104],
              [71.648449, 21.116441],
              [71.644329, 21.109455],
              [71.640272, 21.110584],
              [71.641162, 21.108218],
              [71.638948, 21.106136],
              [71.64159, 21.104524],
              [71.634477, 21.103842],
              [71.634987, 21.099661],
              [71.640872, 21.10153],
              [71.643682, 21.09826],
              [71.639813, 21.095921],
              [71.639933, 21.097714],
              [71.636218, 21.097276],
              [71.63771, 21.095004],
              [71.634385, 21.094589],
              [71.638879, 21.088479],
              [71.644663, 21.090623],
              [71.643278, 21.094209],
              [71.65051, 21.0955],
              [71.647292, 21.099384],
              [71.649313, 21.103019],
              [71.650704, 21.103728],
              [71.65373, 21.098154],
              [71.653102, 21.110375]
            ]
          ],
          [
            [
              [70.877845, 21.40871],
              [70.879687, 21.411487],
              [70.878848, 21.420103],
              [70.865687, 21.415578],
              [70.85979, 21.408641],
              [70.846036, 21.408906],
              [70.851449, 21.397848],
              [70.86794, 21.389648],
              [70.871677, 21.402779],
              [70.877845, 21.40871]
            ]
          ],
          [
            [
              [70.763449, 21.676625],
              [70.756188, 21.676796],
              [70.743574, 21.668009],
              [70.735804, 21.665729],
              [70.743189, 21.64101],
              [70.769908, 21.643439],
              [70.777488, 21.662486],
              [70.771588, 21.672205],
              [70.764371, 21.671555],
              [70.763449, 21.676625]
            ]
          ],
          [
            [
              [70.781196, 21.756951],
              [70.789157, 21.758689],
              [70.792949, 21.763391],
              [70.793506, 21.770079],
              [70.801543, 21.773619],
              [70.797214, 21.778629],
              [70.786339, 21.781487],
              [70.788967, 21.785936],
              [70.782228, 21.792196],
              [70.778469, 21.801717],
              [70.775147, 21.802415],
              [70.76579, 21.796326],
              [70.76289, 21.76975],
              [70.759262, 21.766289],
              [70.766411, 21.749285],
              [70.781196, 21.756951]
            ]
          ],
          [
            [
              [71.303353, 22.041269],
              [71.299851, 22.031839],
              [71.287471, 22.025801],
              [71.284414, 22.019631],
              [71.278002, 22.018891],
              [71.280045, 22.012453],
              [71.277605, 22.011201],
              [71.291006, 21.992801],
              [71.296309, 21.98147],
              [71.294645, 21.977843],
              [71.29926, 21.975764],
              [71.298884, 21.973154],
              [71.293544, 21.973576],
              [71.292901, 21.971345],
              [71.288787, 21.970421],
              [71.294087, 21.962526],
              [71.271293, 21.961565],
              [71.263173, 21.957713],
              [71.259759, 21.958573],
              [71.257906, 21.964167],
              [71.261157, 21.966255],
              [71.254886, 21.968856],
              [71.252453, 21.978034],
              [71.254587, 21.978808],
              [71.253067, 21.984483],
              [71.256733, 21.989873],
              [71.256186, 21.999661],
              [71.257986, 22.002022],
              [71.251689, 22.010791],
              [71.245663, 22.010958],
              [71.244333, 22.006698],
              [71.229855, 22.005848],
              [71.201838, 22.008808],
              [71.195589, 22.013628],
              [71.18835, 22.011358],
              [71.18864, 22.007728],
              [71.198998, 22.001539],
              [71.201096, 21.971181],
              [71.194694, 21.967449],
              [71.179855, 21.964741],
              [71.179117, 21.95949],
              [71.168169, 21.963972],
              [71.163512, 21.962764],
              [71.161304, 21.960448],
              [71.161922, 21.956397],
              [71.149598, 21.953835],
              [71.147888, 21.945025],
              [71.138842, 21.949993],
              [71.12859, 21.947095],
              [71.119732, 21.932523],
              [71.119012, 21.921176],
              [71.117173, 21.919776],
              [71.095595, 21.914806],
              [71.094714, 21.916956],
              [71.085035, 21.916958],
              [71.056141, 21.904237],
              [71.05747, 21.898016],
              [71.0629, 21.895466],
              [71.061571, 21.890828],
              [71.063397, 21.88569],
              [71.04927, 21.87678],
              [71.036652, 21.87699],
              [71.030486, 21.874278],
              [71.034964, 21.867958],
              [71.05757, 21.848543],
              [71.077698, 21.860141],
              [71.105332, 21.871029],
              [71.109475, 21.851269],
              [71.105335, 21.84981],
              [71.103836, 21.84175],
              [71.089497, 21.836762],
              [71.090626, 21.828093],
              [71.084369, 21.823693],
              [71.085157, 21.822284],
              [71.083416, 21.821774],
              [71.081326, 21.825833],
              [71.070618, 21.827993],
              [71.064337, 21.825123],
              [71.047551, 21.824254],
              [71.046762, 21.815872],
              [71.042852, 21.813233],
              [71.039901, 21.806445],
              [71.05206, 21.791296],
              [71.041581, 21.768998],
              [71.04734, 21.755869],
              [71.037569, 21.750629],
              [71.033334, 21.744086],
              [71.030111, 21.743493],
              [71.029862, 21.739406],
              [71.022963, 21.735745],
              [71.015233, 21.737117],
              [70.990632, 21.73038],
              [70.991262, 21.726162],
              [70.978242, 21.726112],
              [70.974112, 21.728711],
              [70.964686, 21.750001],
              [70.952376, 21.743051],
              [70.930352, 21.746781],
              [70.925619, 21.758919],
              [70.920311, 21.759169],
              [70.921231, 21.7633],
              [70.897695, 21.769799],
              [70.898463, 21.763007],
              [70.892633, 21.76499],
              [70.893304, 21.756709],
              [70.887154, 21.747761],
              [70.889362, 21.737781],
              [70.879686, 21.732214],
              [70.873707, 21.740649],
              [70.84972, 21.736723],
              [70.835711, 21.744623],
              [70.814913, 21.74366],
              [70.818284, 21.739502],
              [70.814601, 21.73792],
              [70.819865, 21.738112],
              [70.821573, 21.732942],
              [70.818412, 21.731541],
              [70.815686, 21.734082],
              [70.804834, 21.735622],
              [70.800733, 21.741572],
              [70.778149, 21.730353],
              [70.786159, 21.719664],
              [70.767609, 21.709773],
              [70.775308, 21.700263],
              [70.780057, 21.701576],
              [70.785126, 21.709386],
              [70.793766, 21.709305],
              [70.795354, 21.714155],
              [70.808402, 21.712043],
              [70.809114, 21.708833],
              [70.799446, 21.705564],
              [70.800125, 21.701274],
              [70.795658, 21.697253],
              [70.796586, 21.669216],
              [70.793636, 21.666239],
              [70.810353, 21.639088],
              [70.816011, 21.643751],
              [70.82806, 21.634831],
              [70.864006, 21.599181],
              [70.873055, 21.577393],
              [70.879404, 21.577465],
              [70.881454, 21.548045],
              [70.890143, 21.550054],
              [70.892541, 21.544047],
              [70.894393, 21.535079],
              [70.888282, 21.527877],
              [70.871984, 21.529246],
              [70.866675, 21.526938],
              [70.863378, 21.534028],
              [70.848856, 21.531258],
              [70.847386, 21.516658],
              [70.842156, 21.51122],
              [70.819403, 21.510528],
              [70.81445, 21.515268],
              [70.804615, 21.514957],
              [70.809987, 21.490908],
              [70.833605, 21.494519],
              [70.829621, 21.489158],
              [70.827432, 21.468217],
              [70.8317, 21.456866],
              [70.866533, 21.466512],
              [70.874932, 21.460357],
              [70.883846, 21.445947],
              [70.885882, 21.445969],
              [70.879187, 21.418631],
              [70.889186, 21.406668],
              [70.884884, 21.405062],
              [70.885751, 21.401554],
              [70.890714, 21.402955],
              [70.892643, 21.396913],
              [70.882439, 21.38725],
              [70.882872, 21.380707],
              [70.880274, 21.378232],
              [70.873774, 21.377135],
              [70.867598, 21.379948],
              [70.866345, 21.378304],
              [70.874685, 21.337657],
              [70.871278, 21.333733],
              [70.86679, 21.333643],
              [70.868054, 21.319106],
              [70.876415, 21.320515],
              [70.881789, 21.317814],
              [70.888122, 21.323924],
              [70.900528, 21.326492],
              [70.915328, 21.33702],
              [70.921568, 21.348723],
              [70.931018, 21.340673],
              [70.931343, 21.334328],
              [70.938043, 21.322363],
              [70.942235, 21.320347],
              [70.943652, 21.311988],
              [70.928397, 21.30359],
              [70.908229, 21.299594],
              [70.899543, 21.286675],
              [70.895708, 21.28739],
              [70.894078, 21.279717],
              [70.895952, 21.27834],
              [70.891326, 21.276845],
              [70.890492, 21.268635],
              [70.871399, 21.262585],
              [70.861311, 21.264919],
              [70.824785, 21.261571],
              [70.826892, 21.255186],
              [70.810449, 21.247994],
              [70.803909, 21.233744],
              [70.819461, 21.209169],
              [70.825439, 21.204149],
              [70.82364, 21.198287],
              [70.834304, 21.18877],
              [70.850504, 21.180256],
              [70.853529, 21.167418],
              [70.864284, 21.173574],
              [70.870563, 21.170891],
              [70.874646, 21.175773],
              [70.892793, 21.185562],
              [70.900849, 21.181967],
              [70.906266, 21.183122],
              [70.921753, 21.179877],
              [70.9493, 21.169102],
              [70.978165, 21.164315],
              [70.989404, 21.170457],
              [71.005456, 21.166375],
              [71.022264, 21.144766],
              [71.026963, 21.144896],
              [71.041452, 21.132937],
              [71.075887, 21.116768],
              [71.085616, 21.103679],
              [71.093115, 21.097679],
              [71.092355, 21.09343],
              [71.095895, 21.08692],
              [71.110763, 21.079731],
              [71.112803, 21.076331],
              [71.118942, 21.078651],
              [71.125371, 21.076151],
              [71.13467, 21.067491],
              [71.13453, 21.057082],
              [71.138319, 21.042583],
              [71.148508, 21.031674],
              [71.1311, 21.006406],
              [71.129402, 20.993298],
              [71.132822, 20.989794],
              [71.125215, 20.985138],
              [71.12145, 20.966207],
              [71.123056, 20.963502],
              [71.131912, 20.960087],
              [71.137039, 20.954207],
              [71.136229, 20.950245],
              [71.143257, 20.950341],
              [71.147425, 20.951835],
              [71.145162, 20.955191],
              [71.151541, 20.954616],
              [71.155335, 20.959624],
              [71.16513, 20.962002],
              [71.168961, 20.960169],
              [71.173348, 20.96699],
              [71.17841, 20.964708],
              [71.187522, 20.967902],
              [71.189228, 20.975448],
              [71.193571, 20.978937],
              [71.219811, 20.957116],
              [71.205681, 20.931077],
              [71.205434, 20.927006],
              [71.18969, 20.922813],
              [71.184444, 20.926072],
              [71.177586, 20.918834],
              [71.193262, 20.902096],
              [71.190938, 20.895743],
              [71.182233, 20.892661],
              [71.176541, 20.887587],
              [71.179129, 20.881056],
              [71.185428, 20.878814],
              [71.188549, 20.873371],
              [71.20481, 20.873802],
              [71.208133, 20.861859],
              [71.214896, 20.85038],
              [71.21207, 20.84032],
              [71.215153, 20.83173],
              [71.221314, 20.827024],
              [71.220776, 20.819704],
              [71.223762, 20.816997],
              [71.215613, 20.81082],
              [71.2119, 20.804544],
              [71.207579, 20.803252],
              [71.202944, 20.797338],
              [71.204109, 20.794774],
              [71.209165, 20.800855],
              [71.231966, 20.804112],
              [71.239325, 20.811726],
              [71.258007, 20.816304],
              [71.278492, 20.827253],
              [71.290143, 20.830241],
              [71.293953, 20.828233],
              [71.296027, 20.83028],
              [71.294512, 20.833983],
              [71.296915, 20.831685],
              [71.297091, 20.835244],
              [71.302068, 20.835409],
              [71.321726, 20.846647],
              [71.331695, 20.847205],
              [71.347096, 20.852294],
              [71.350859, 20.850244],
              [71.35228, 20.852985],
              [71.354361, 20.850497],
              [71.364085, 20.853578],
              [71.365848, 20.85188],
              [71.376869, 20.85701],
              [71.384067, 20.856757],
              [71.384965, 20.858257],
              [71.381333, 20.859467],
              [71.381823, 20.863915],
              [71.375738, 20.865035],
              [71.374292, 20.867892],
              [71.378527, 20.873345],
              [71.384491, 20.875797],
              [71.393423, 20.874279],
              [71.395585, 20.871813],
              [71.394158, 20.86774],
              [71.396862, 20.865165],
              [71.404527, 20.868126],
              [71.411969, 20.866508],
              [71.422247, 20.869477],
              [71.420387, 20.866533],
              [71.439982, 20.869521],
              [71.446045, 20.877029],
              [71.450067, 20.877605],
              [71.449656, 20.880861],
              [71.462927, 20.880037],
              [71.470198, 20.887268],
              [71.477047, 20.888944],
              [71.479167, 20.897212],
              [71.482533, 20.900154],
              [71.481778, 20.906333],
              [71.488565, 20.913514],
              [71.497133, 20.917735],
              [71.505212, 20.917987],
              [71.5, 20.918748],
              [71.5, 20.920488],
              [71.506668, 20.918769],
              [71.503224, 20.92158],
              [71.503115, 20.926679],
              [71.509157, 20.932762],
              [71.509462, 20.941884],
              [71.516654, 20.948117],
              [71.523741, 20.947949],
              [71.527498, 20.950959],
              [71.530243, 20.943776],
              [71.533113, 20.943312],
              [71.54508, 20.950015],
              [71.54895, 20.949168],
              [71.550078, 20.95223],
              [71.565583, 20.948952],
              [71.568554, 20.953036],
              [71.579772, 20.953735],
              [71.580202, 20.957451],
              [71.592142, 20.960011],
              [71.596851, 20.966442],
              [71.599881, 20.966534],
              [71.597665, 20.963644],
              [71.60005, 20.962916],
              [71.61073, 20.966214],
              [71.612917, 20.968594],
              [71.607493, 20.97796],
              [71.617836, 20.973828],
              [71.618826, 20.977143],
              [71.618518, 20.971263],
              [71.615081, 20.968874],
              [71.617148, 20.966987],
              [71.61974, 20.969199],
              [71.620576, 20.967221],
              [71.628202, 20.968707],
              [71.641377, 20.97525],
              [71.647712, 20.974651],
              [71.650025, 20.978381],
              [71.638836, 20.977313],
              [71.636771, 20.98071],
              [71.642913, 20.990866],
              [71.648785, 20.995183],
              [71.666517, 20.998431],
              [71.67737, 20.995563],
              [71.677011, 21.001862],
              [71.672944, 21.006213],
              [71.670567, 21.017065],
              [71.664106, 21.028113],
              [71.665896, 21.031477],
              [71.64045, 21.028772],
              [71.636353, 21.04032],
              [71.639317, 21.045301],
              [71.637572, 21.058786],
              [71.625323, 21.061939],
              [71.613055, 21.056497],
              [71.612233, 21.053394],
              [71.610121, 21.054825],
              [71.608185, 21.069457],
              [71.619756, 21.072958],
              [71.621017, 21.069223],
              [71.62654, 21.07],
              [71.628961, 21.072705],
              [71.628172, 21.085476],
              [71.630963, 21.08758],
              [71.625545, 21.094589],
              [71.627566, 21.095764],
              [71.622768, 21.112857],
              [71.615833, 21.112202],
              [71.61255, 21.120687],
              [71.606856, 21.122913],
              [71.606061, 21.131344],
              [71.593892, 21.135118],
              [71.590256, 21.145405],
              [71.5859, 21.143701],
              [71.585273, 21.146406],
              [71.581471, 21.145114],
              [71.581706, 21.148681],
              [71.577628, 21.147601],
              [71.570501, 21.156793],
              [71.55469, 21.159172],
              [71.555992, 21.164366],
              [71.545871, 21.175877],
              [71.541143, 21.176805],
              [71.53519, 21.171307],
              [71.5324, 21.174457],
              [71.516472, 21.173886],
              [71.516647, 21.179131],
              [71.525542, 21.185827],
              [71.522262, 21.187843],
              [71.522013, 21.1902],
              [71.526098, 21.193061],
              [71.517743, 21.218701],
              [71.527586, 21.228065],
              [71.523062, 21.250139],
              [71.528251, 21.255527],
              [71.528049, 21.259789],
              [71.532969, 21.263922],
              [71.532001, 21.26827],
              [71.533617, 21.268644],
              [71.530544, 21.270462],
              [71.528694, 21.276332],
              [71.532246, 21.292283],
              [71.536903, 21.298956],
              [71.535156, 21.303259],
              [71.536689, 21.307277],
              [71.533194, 21.310315],
              [71.534463, 21.313373],
              [71.526489, 21.316915],
              [71.527027, 21.322859],
              [71.521265, 21.336817],
              [71.529483, 21.357901],
              [71.528147, 21.371505],
              [71.548094, 21.375666],
              [71.551925, 21.370945],
              [71.56277, 21.364788],
              [71.582936, 21.369224],
              [71.584272, 21.37512],
              [71.582249, 21.375901],
              [71.580876, 21.387913],
              [71.581825, 21.405799],
              [71.557766, 21.405662],
              [71.551281, 21.397194],
              [71.544046, 21.412237],
              [71.549565, 21.412981],
              [71.551935, 21.416391],
              [71.551503, 21.443177],
              [71.533156, 21.44329],
              [71.52998, 21.446075],
              [71.524649, 21.462299],
              [71.491929, 21.461319],
              [71.477931, 21.481237],
              [71.48725, 21.494206],
              [71.48695, 21.509535],
              [71.489599, 21.519265],
              [71.501704, 21.545187],
              [71.508959, 21.550264],
              [71.520936, 21.549034],
              [71.545794, 21.558969],
              [71.548314, 21.569528],
              [71.558223, 21.583418],
              [71.552013, 21.596113],
              [71.553508, 21.610591],
              [71.551099, 21.617685],
              [71.55319, 21.61816],
              [71.557131, 21.627838],
              [71.583948, 21.635465],
              [71.588794, 21.628241],
              [71.612555, 21.633058],
              [71.616748, 21.630177],
              [71.622794, 21.63253],
              [71.621432, 21.647883],
              [71.617322, 21.646009],
              [71.617664, 21.648001],
              [71.609105, 21.650922],
              [71.602211, 21.659203],
              [71.589671, 21.659011],
              [71.592216, 21.661071],
              [71.588329, 21.674378],
              [71.588224, 21.687645],
              [71.58874, 21.690567],
              [71.595504, 21.695806],
              [71.592513, 21.697214],
              [71.589602, 21.706471],
              [71.595383, 21.70663],
              [71.596139, 21.711607],
              [71.598869, 21.712862],
              [71.597361, 21.720476],
              [71.60163, 21.727814],
              [71.586331, 21.739304],
              [71.575969, 21.737996],
              [71.575021, 21.741884],
              [71.566273, 21.740951],
              [71.554466, 21.747336],
              [71.544574, 21.761725],
              [71.543245, 21.770195],
              [71.539755, 21.774404],
              [71.516228, 21.779804],
              [71.510479, 21.786634],
              [71.510369, 21.793383],
              [71.507099, 21.793313],
              [71.499532, 21.803333],
              [71.489239, 21.805607],
              [71.470304, 21.800078],
              [71.455489, 21.826286],
              [71.458554, 21.831468],
              [71.459404, 21.845751],
              [71.44774, 21.851803],
              [71.449484, 21.864983],
              [71.454666, 21.866159],
              [71.453517, 21.870865],
              [71.449453, 21.870795],
              [71.448643, 21.87522],
              [71.44, 21.871291],
              [71.438169, 21.876448],
              [71.425722, 21.878015],
              [71.426054, 21.885199],
              [71.423823, 21.885778],
              [71.421925, 21.879366],
              [71.424518, 21.878747],
              [71.416679, 21.876564],
              [71.417007, 21.886846],
              [71.422527, 21.886122],
              [71.423888, 21.890862],
              [71.41804, 21.89598],
              [71.417878, 21.905364],
              [71.424684, 21.911431],
              [71.43404, 21.906081],
              [71.447977, 21.907827],
              [71.453774, 21.898775],
              [71.460465, 21.896419],
              [71.45979, 21.909515],
              [71.46709, 21.92793],
              [71.46159, 21.931559],
              [71.458196, 21.93758],
              [71.459262, 21.939846],
              [71.455459, 21.941943],
              [71.451881, 21.940803],
              [71.447969, 21.951523],
              [71.442821, 21.952777],
              [71.4188, 21.944911],
              [71.409349, 21.950219],
              [71.402297, 21.950735],
              [71.393542, 21.962287],
              [71.390706, 21.970777],
              [71.391289, 21.983253],
              [71.381829, 21.989133],
              [71.371511, 21.983886],
              [71.348025, 21.984322],
              [71.348209, 21.982719],
              [71.344321, 21.982398],
              [71.339961, 21.996323],
              [71.340864, 22.00368],
              [71.333979, 22.003412],
              [71.335045, 22.017072],
              [71.332197, 22.019022],
              [71.333028, 22.026292],
              [71.330566, 22.031381],
              [71.303353, 22.041269]
            ]
          ]
        ]
      },
      "properties": {
        "dtname": "Amreli",
        "stname": "Gujarat",
        "stcode11": "24",
        "dtcode11": "480",
        "dist_lgd": 439,
        "state_lgd": 24
      }
    },
    {
      "type": "Feature",
      "geometry": {
        "type": "Polygon",
        "coordinates": [
          [
            [69.722225, 21.960811],
            [69.719866, 21.973948],
            [69.68827, 21.979396],
            [69.685284, 21.959235],
            [69.667582, 21.959169],
            [69.649869, 21.955763],
            [69.657553, 21.925431],
            [69.636225, 21.919568],
            [69.627074, 21.920892],
            [69.622989, 21.929494],
            [69.620985, 21.942526],
            [69.618227, 21.94193],
            [69.611503, 21.948265],
            [69.568739, 21.946197],
            [69.548174, 21.934986],
            [69.541278, 21.925242],
            [69.536032, 21.900959],
            [69.538372, 21.897037],
            [69.534319, 21.894221],
            [69.527865, 21.893026],
            [69.518038, 21.899992],
            [69.506836, 21.900982],
            [69.504452, 21.904073],
            [69.5, 21.895021],
            [69.486712, 21.896886],
            [69.485941, 21.875623],
            [69.483338, 21.875363],
            [69.488775, 21.856872],
            [69.486713, 21.854602],
            [69.447642, 21.85303],
            [69.430428, 21.879386],
            [69.422324, 21.87947],
            [69.402835, 21.893996],
            [69.398238, 21.892299],
            [69.398397, 21.888894],
            [69.391986, 21.885323],
            [69.389087, 21.879408],
            [69.385139, 21.877047],
            [69.384432, 21.861933],
            [69.380421, 21.84859],
            [69.375492, 21.841446],
            [69.375139, 21.834989],
            [69.371361, 21.8301],
            [69.399856, 21.796857],
            [69.43297, 21.766689],
            [69.442592, 21.76165],
            [69.452706, 21.749998],
            [69.477401, 21.734472],
            [69.510318, 21.700219],
            [69.566185, 21.651501],
            [69.585433, 21.637282],
            [69.602212, 21.637163],
            [69.615964, 21.624552],
            [69.673742, 21.563288],
            [69.706362, 21.535363],
            [69.815215, 21.416934],
            [69.923536, 21.290461],
            [69.981856, 21.227978],
            [69.988299, 21.236138],
            [70.002646, 21.244314],
            [70.000728, 21.25196],
            [70.002662, 21.254919],
            [70.021862, 21.27081],
            [70.028856, 21.273817],
            [70.028052, 21.280866],
            [70.026426, 21.282978],
            [70.012906, 21.277632],
            [69.996981, 21.298127],
            [69.976422, 21.295011],
            [69.978273, 21.336023],
            [69.956896, 21.343509],
            [69.941701, 21.372368],
            [69.950767, 21.385672],
            [69.943041, 21.391542],
            [69.944239, 21.39696],
            [69.954107, 21.401304],
            [69.981561, 21.404249],
            [69.988402, 21.395875],
            [69.997111, 21.4006],
            [69.992164, 21.407051],
            [69.990317, 21.419838],
            [69.981723, 21.426465],
            [69.982648, 21.431576],
            [69.979653, 21.432495],
            [69.999707, 21.440801],
            [70.022259, 21.443951],
            [70.02987, 21.475851],
            [70.028811, 21.477924],
            [70.009566, 21.477853],
            [69.996439, 21.47388],
            [69.985053, 21.506207],
            [69.992727, 21.507263],
            [69.982234, 21.530075],
            [69.982661, 21.53376],
            [70.002618, 21.542891],
            [69.986625, 21.5722],
            [69.975898, 21.566381],
            [69.964362, 21.59183],
            [69.965944, 21.590217],
            [69.977133, 21.599544],
            [69.978185, 21.59799],
            [69.979104, 21.600654],
            [69.98142, 21.598516],
            [69.986097, 21.601868],
            [69.983736, 21.595421],
            [69.99057, 21.579435],
            [70.013566, 21.59192],
            [70.020745, 21.59355],
            [70.019671, 21.596873],
            [70.030803, 21.601563],
            [70.034202, 21.593066],
            [70.047671, 21.59771],
            [70.0461, 21.593036],
            [70.047571, 21.586759],
            [70.059213, 21.584082],
            [70.070723, 21.585098],
            [70.073665, 21.592893],
            [70.070008, 21.59752],
            [70.068482, 21.610435],
            [70.049542, 21.612012],
            [70.04065, 21.607529],
            [70.038793, 21.611917],
            [70.046349, 21.615325],
            [70.047447, 21.620031],
            [70.05831, 21.626633],
            [70.056628, 21.636749],
            [70.07675, 21.640431],
            [70.09076, 21.648933],
            [70.109057, 21.645169],
            [70.103089, 21.662495],
            [70.105901, 21.664013],
            [70.107074, 21.669364],
            [70.119513, 21.680519],
            [70.126968, 21.675389],
            [70.130335, 21.667789],
            [70.133098, 21.668723],
            [70.135286, 21.662984],
            [70.148402, 21.665041],
            [70.142898, 21.685923],
            [70.12908, 21.694504],
            [70.122088, 21.700595],
            [70.122723, 21.70409],
            [70.117921, 21.706369],
            [70.089051, 21.702565],
            [70.083683, 21.736481],
            [70.078395, 21.732899],
            [70.076428, 21.724449],
            [70.069246, 21.724276],
            [70.058121, 21.703251],
            [70.038979, 21.698004],
            [70.024518, 21.704011],
            [70.019113, 21.715189],
            [70.019835, 21.746049],
            [70.007822, 21.754028],
            [70.009672, 21.761444],
            [70.008718, 21.781863],
            [70.012057, 21.790729],
            [70.011127, 21.804352],
            [69.99888, 21.80387],
            [69.992118, 21.807429],
            [69.973774, 21.797561],
            [69.967006, 21.799737],
            [69.951039, 21.789038],
            [69.943706, 21.792884],
            [69.929505, 21.778923],
            [69.920358, 21.777711],
            [69.919426, 21.781306],
            [69.91609, 21.781821],
            [69.903186, 21.78056],
            [69.893839, 21.774357],
            [69.883276, 21.772141],
            [69.88168, 21.76781],
            [69.871813, 21.77826],
            [69.872137, 21.781958],
            [69.864349, 21.781547],
            [69.862986, 21.76996],
            [69.8677, 21.759863],
            [69.867338, 21.737838],
            [69.86397, 21.739215],
            [69.848751, 21.731676],
            [69.83965, 21.733445],
            [69.833987, 21.74355],
            [69.829014, 21.744497],
            [69.818463, 21.741667],
            [69.808647, 21.761805],
            [69.816161, 21.793725],
            [69.814993, 21.8243],
            [69.791565, 21.827121],
            [69.775275, 21.822623],
            [69.762358, 21.822222],
            [69.73849, 21.834243],
            [69.732433, 21.82527],
            [69.726569, 21.821729],
            [69.726757, 21.80778],
            [69.715859, 21.79498],
            [69.71125, 21.79389],
            [69.710852, 21.79925],
            [69.700566, 21.796415],
            [69.697309, 21.809656],
            [69.690559, 21.811127],
            [69.689871, 21.818966],
            [69.68464, 21.82291],
            [69.673865, 21.822467],
            [69.675211, 21.813331],
            [69.664732, 21.812382],
            [69.656435, 21.838254],
            [69.646433, 21.839533],
            [69.639168, 21.83761],
            [69.633189, 21.829654],
            [69.630225, 21.829623],
            [69.63316, 21.816676],
            [69.631926, 21.804787],
            [69.616302, 21.803292],
            [69.615364, 21.808995],
            [69.612318, 21.808544],
            [69.613433, 21.830959],
            [69.608621, 21.831225],
            [69.608903, 21.864352],
            [69.614084, 21.864989],
            [69.615046, 21.87006],
            [69.630909, 21.867274],
            [69.633846, 21.875578],
            [69.656074, 21.869754],
            [69.667197, 21.887417],
            [69.664196, 21.901316],
            [69.672244, 21.903726],
            [69.666565, 21.925682],
            [69.681956, 21.927935],
            [69.68808, 21.912462],
            [69.696295, 21.916961],
            [69.701045, 21.92254],
            [69.707633, 21.925666],
            [69.70698, 21.934801],
            [69.720213, 21.935151],
            [69.720176, 21.937436],
            [69.724866, 21.937884],
            [69.725217, 21.940806],
            [69.7224, 21.941841],
            [69.726737, 21.955282],
            [69.722938, 21.955907],
            [69.722225, 21.960811]
          ]
        ]
      },
      "properties": {
        "dtname": "Porbandar",
        "stname": "Gujarat",
        "stcode11": "24",
        "dtcode11": "478",
        "dist_lgd": 456,
        "state_lgd": 24
      }
    },
    {
      "type": "Feature",
      "geometry": {
        "type": "MultiPolygon",
        "coordinates": [
          [
            [
              [70.436667, 22.41629],
              [70.428518, 22.412592],
              [70.404313, 22.408344],
              [70.404551, 22.399479],
              [70.407949, 22.391955],
              [70.408612, 22.364254],
              [70.410419, 22.359526],
              [70.440269, 22.356946],
              [70.441455, 22.340119],
              [70.448846, 22.328052],
              [70.466159, 22.332845],
              [70.462204, 22.350155],
              [70.4529, 22.356956],
              [70.429657, 22.366037],
              [70.421196, 22.375575],
              [70.426847, 22.378802],
              [70.432134, 22.386862],
              [70.441746, 22.387259],
              [70.440828, 22.389304],
              [70.450916, 22.393591],
              [70.447382, 22.404274],
              [70.436667, 22.41629]
            ]
          ],
          [
            [
              [70.592639, 22.606989],
              [70.584677, 22.613322],
              [70.581969, 22.609908],
              [70.581538, 22.602986],
              [70.564902, 22.602877],
              [70.55342, 22.576571],
              [70.549422, 22.560662],
              [70.552154, 22.551769],
              [70.558068, 22.544971],
              [70.560839, 22.543658],
              [70.566093, 22.545638],
              [70.569072, 22.547499],
              [70.568191, 22.551639],
              [70.571399, 22.55281],
              [70.572177, 22.551221],
              [70.58027, 22.552483],
              [70.584001, 22.546208],
              [70.589786, 22.544268],
              [70.593418, 22.53564],
              [70.600398, 22.53453],
              [70.601721, 22.531157],
              [70.59323, 22.530063],
              [70.571343, 22.520318],
              [70.565928, 22.533325],
              [70.542928, 22.533283],
              [70.539557, 22.531105],
              [70.536016, 22.518678],
              [70.528534, 22.515535],
              [70.535351, 22.495041],
              [70.542504, 22.502223],
              [70.553628, 22.501176],
              [70.574728, 22.513122],
              [70.586859, 22.490546],
              [70.552839, 22.48429],
              [70.540229, 22.479394],
              [70.54835, 22.474576],
              [70.552564, 22.462468],
              [70.533774, 22.45806],
              [70.525677, 22.467195],
              [70.521912, 22.466709],
              [70.522148, 22.463785],
              [70.519519, 22.462728],
              [70.519656, 22.466421],
              [70.516538, 22.464964],
              [70.513976, 22.469707],
              [70.511838, 22.469232],
              [70.50461, 22.490554],
              [70.499622, 22.489459],
              [70.494425, 22.476876],
              [70.499159, 22.469371],
              [70.503083, 22.471157],
              [70.503747, 22.466941],
              [70.498559, 22.466742],
              [70.501062, 22.454138],
              [70.498908, 22.451479],
              [70.487844, 22.449997],
              [70.487165, 22.453104],
              [70.479988, 22.454443],
              [70.470881, 22.470201],
              [70.465787, 22.469233],
              [70.462147, 22.449947],
              [70.4561, 22.448925],
              [70.460442, 22.445132],
              [70.461973, 22.438998],
              [70.457106, 22.43882],
              [70.457033, 22.435759],
              [70.445266, 22.433884],
              [70.4476, 22.427442],
              [70.458394, 22.419372],
              [70.463538, 22.421226],
              [70.464769, 22.424739],
              [70.472073, 22.426529],
              [70.475678, 22.423094],
              [70.485674, 22.427905],
              [70.506558, 22.428513],
              [70.505382, 22.423993],
              [70.508393, 22.418025],
              [70.507848, 22.412909],
              [70.501367, 22.410841],
              [70.499316, 22.412706],
              [70.493592, 22.411787],
              [70.491831, 22.398418],
              [70.484086, 22.385152],
              [70.475443, 22.38217],
              [70.473602, 22.378563],
              [70.484335, 22.366913],
              [70.486711, 22.367081],
              [70.487156, 22.361972],
              [70.498877, 22.362275],
              [70.500876, 22.366803],
              [70.504392, 22.365975],
              [70.505793, 22.362621],
              [70.509267, 22.364389],
              [70.515476, 22.358519],
              [70.517741, 22.360882],
              [70.525149, 22.346659],
              [70.529889, 22.343645],
              [70.53059, 22.339817],
              [70.520807, 22.337242],
              [70.515096, 22.328541],
              [70.5, 22.322208],
              [70.494872, 22.326542],
              [70.488374, 22.327414],
              [70.46905, 22.324811],
              [70.473273, 22.309293],
              [70.481787, 22.301094],
              [70.49457, 22.295775],
              [70.49741, 22.286088],
              [70.505282, 22.283625],
              [70.508281, 22.270487],
              [70.515888, 22.258306],
              [70.516029, 22.251406],
              [70.519381, 22.245132],
              [70.536393, 22.249508],
              [70.538604, 22.242596],
              [70.548991, 22.229539],
              [70.571357, 22.234085],
              [70.574619, 22.239785],
              [70.578635, 22.240048],
              [70.580649, 22.222795],
              [70.587646, 22.207851],
              [70.596292, 22.207609],
              [70.595546, 22.203865],
              [70.597801, 22.200899],
              [70.602815, 22.201405],
              [70.603368, 22.198994],
              [70.609531, 22.197324],
              [70.614914, 22.189788],
              [70.598937, 22.193304],
              [70.591147, 22.187067],
              [70.589866, 22.188828],
              [70.580001, 22.184649],
              [70.581046, 22.17523],
              [70.584455, 22.17472],
              [70.587579, 22.167072],
              [70.568389, 22.16014],
              [70.56672, 22.151122],
              [70.562651, 22.145065],
              [70.568439, 22.131625],
              [70.564766, 22.128346],
              [70.56976, 22.122766],
              [70.578229, 22.117188],
              [70.588963, 22.117868],
              [70.588161, 22.105513],
              [70.58244, 22.099032],
              [70.581059, 22.100544],
              [70.562424, 22.098642],
              [70.554132, 22.090737],
              [70.551352, 22.080603],
              [70.556617, 22.082569],
              [70.562033, 22.072759],
              [70.546818, 22.060534],
              [70.549751, 22.045688],
              [70.556508, 22.045727],
              [70.562667, 22.039169],
              [70.571222, 22.036611],
              [70.569642, 22.027002],
              [70.55821, 22.020455],
              [70.553381, 22.013788],
              [70.526348, 22.001366],
              [70.521834, 22.003314],
              [70.511514, 21.999264],
              [70.509637, 22.002037],
              [70.501054, 21.996773],
              [70.500702, 22.021379],
              [70.51017, 22.020821],
              [70.51641, 22.017687],
              [70.520637, 22.018724],
              [70.521853, 22.030393],
              [70.525786, 22.037494],
              [70.531243, 22.039163],
              [70.530538, 22.043936],
              [70.515824, 22.049792],
              [70.5, 22.049655],
              [70.491104, 22.05544],
              [70.461415, 22.053978],
              [70.455082, 22.050802],
              [70.458336, 22.041269],
              [70.454523, 22.039437],
              [70.452715, 22.035355],
              [70.433368, 22.02935],
              [70.42222, 22.031543],
              [70.412682, 22.025418],
              [70.414423, 22.035379],
              [70.402479, 22.031372],
              [70.398262, 22.038485],
              [70.392493, 22.037528],
              [70.381358, 22.041114],
              [70.372829, 22.046714],
              [70.361563, 22.044117],
              [70.349448, 22.052266],
              [70.330823, 22.050975],
              [70.325317, 22.046612],
              [70.327314, 22.043117],
              [70.325701, 22.030541],
              [70.329106, 22.029034],
              [70.326428, 22.014918],
              [70.294196, 22.012756],
              [70.29699, 22.004706],
              [70.300362, 22.002016],
              [70.299925, 21.993805],
              [70.289019, 22.005447],
              [70.278289, 21.998301],
              [70.265842, 22.001503],
              [70.257248, 21.994765],
              [70.252221, 21.967203],
              [70.247453, 21.962918],
              [70.23766, 21.962058],
              [70.231051, 21.9666],
              [70.222761, 21.964406],
              [70.216393, 21.967287],
              [70.203068, 21.96309],
              [70.204483, 21.957485],
              [70.21071, 21.95317],
              [70.21824, 21.934869],
              [70.217418, 21.906281],
              [70.196241, 21.892939],
              [70.190811, 21.891474],
              [70.186865, 21.895034],
              [70.176375, 21.895042],
              [70.177441, 21.899309],
              [70.174453, 21.907474],
              [70.175997, 21.912349],
              [70.171321, 21.931227],
              [70.164881, 21.93848],
              [70.147757, 21.938475],
              [70.144786, 21.940968],
              [70.140218, 21.914308],
              [70.143697, 21.908921],
              [70.139593, 21.906253],
              [70.140912, 21.890398],
              [70.136993, 21.882614],
              [70.123727, 21.878718],
              [70.121825, 21.874577],
              [70.128288, 21.865135],
              [70.116727, 21.862425],
              [70.11604, 21.859197],
              [70.106197, 21.850386],
              [70.095774, 21.849323],
              [70.090471, 21.834764],
              [70.091734, 21.831454],
              [70.102645, 21.831167],
              [70.107796, 21.828088],
              [70.109445, 21.823961],
              [70.106428, 21.823708],
              [70.101375, 21.817015],
              [70.09707, 21.822808],
              [70.090368, 21.818747],
              [70.086537, 21.821433],
              [70.08086, 21.819341],
              [70.093863, 21.802794],
              [70.09205, 21.80054],
              [70.06016, 21.80241],
              [70.051565, 21.797042],
              [70.03466, 21.791886],
              [70.030925, 21.794426],
              [70.029659, 21.793172],
              [70.041074, 21.779096],
              [70.050996, 21.774721],
              [70.053667, 21.760791],
              [70.062699, 21.757083],
              [70.066197, 21.752588],
              [70.07056, 21.738961],
              [70.078395, 21.732899],
              [70.083683, 21.736481],
              [70.089051, 21.702565],
              [70.117921, 21.706369],
              [70.122723, 21.70409],
              [70.122088, 21.700595],
              [70.129525, 21.694147],
              [70.141797, 21.688117],
              [70.152071, 21.652537],
              [70.139371, 21.642893],
              [70.127182, 21.642773],
              [70.132801, 21.622352],
              [70.138455, 21.612362],
              [70.145553, 21.609891],
              [70.165454, 21.612805],
              [70.18751, 21.62611],
              [70.199942, 21.628078],
              [70.199793, 21.629925],
              [70.217184, 21.63664],
              [70.228309, 21.638052],
              [70.235871, 21.630609],
              [70.2447, 21.613218],
              [70.25581, 21.609993],
              [70.261777, 21.614947],
              [70.26547, 21.612627],
              [70.265487, 21.596928],
              [70.271844, 21.575417],
              [70.246699, 21.567101],
              [70.25522, 21.537337],
              [70.253039, 21.52919],
              [70.259239, 21.526821],
              [70.26665, 21.526514],
              [70.278956, 21.541414],
              [70.295724, 21.54633],
              [70.291644, 21.569563],
              [70.299385, 21.578729],
              [70.304101, 21.58939],
              [70.332347, 21.589672],
              [70.339389, 21.593468],
              [70.344548, 21.592013],
              [70.365648, 21.59653],
              [70.369988, 21.59997],
              [70.372664, 21.620506],
              [70.368252, 21.638864],
              [70.374255, 21.635102],
              [70.385216, 21.637756],
              [70.392848, 21.640861],
              [70.390308, 21.649095],
              [70.401758, 21.650312],
              [70.409316, 21.653745],
              [70.417722, 21.652595],
              [70.42032, 21.657949],
              [70.43665, 21.658254],
              [70.441246, 21.673535],
              [70.44808, 21.674702],
              [70.451085, 21.672837],
              [70.451354, 21.663277],
              [70.458965, 21.649479],
              [70.477073, 21.654788],
              [70.487517, 21.65488],
              [70.488563, 21.648865],
              [70.497193, 21.649842],
              [70.50084, 21.65502],
              [70.50609, 21.656071],
              [70.506232, 21.666529],
              [70.523877, 21.66911],
              [70.542009, 21.675388],
              [70.548407, 21.671788],
              [70.552634, 21.672539],
              [70.553685, 21.647681],
              [70.544634, 21.645482],
              [70.552709, 21.632049],
              [70.553319, 21.62456],
              [70.562413, 21.62042],
              [70.567206, 21.620865],
              [70.568264, 21.631059],
              [70.580444, 21.633131],
              [70.600937, 21.63001],
              [70.608458, 21.620971],
              [70.609838, 21.62513],
              [70.621666, 21.62914],
              [70.626814, 21.634329],
              [70.629364, 21.632969],
              [70.634436, 21.635001],
              [70.642325, 21.652251],
              [70.656052, 21.649318],
              [70.660693, 21.643848],
              [70.674729, 21.643298],
              [70.685777, 21.634678],
              [70.68277, 21.628019],
              [70.684979, 21.62282],
              [70.696996, 21.605344],
              [70.701366, 21.604462],
              [70.724114, 21.610952],
              [70.721595, 21.613862],
              [70.726213, 21.6152],
              [70.725484, 21.629348],
              [70.727472, 21.634662],
              [70.732233, 21.638448],
              [70.731201, 21.64072],
              [70.741951, 21.645111],
              [70.735804, 21.665729],
              [70.743574, 21.668009],
              [70.756188, 21.676796],
              [70.763449, 21.676625],
              [70.764371, 21.671555],
              [70.771588, 21.672205],
              [70.777488, 21.662486],
              [70.793216, 21.665678],
              [70.796586, 21.669216],
              [70.795658, 21.697253],
              [70.800125, 21.701274],
              [70.799446, 21.705564],
              [70.809114, 21.708833],
              [70.808402, 21.712043],
              [70.795354, 21.714155],
              [70.793766, 21.709305],
              [70.785126, 21.709386],
              [70.780057, 21.701576],
              [70.775308, 21.700263],
              [70.767609, 21.709773],
              [70.786159, 21.719664],
              [70.778149, 21.730353],
              [70.800733, 21.741572],
              [70.804834, 21.735622],
              [70.815686, 21.734082],
              [70.818412, 21.731541],
              [70.821573, 21.732942],
              [70.819865, 21.738112],
              [70.814601, 21.73792],
              [70.818284, 21.739502],
              [70.814913, 21.74366],
              [70.835711, 21.744623],
              [70.84972, 21.736723],
              [70.873707, 21.740649],
              [70.879686, 21.732214],
              [70.889362, 21.737781],
              [70.887154, 21.747761],
              [70.893304, 21.756709],
              [70.892633, 21.76499],
              [70.898463, 21.763007],
              [70.897695, 21.769799],
              [70.921231, 21.7633],
              [70.920311, 21.759169],
              [70.925619, 21.758919],
              [70.930352, 21.746781],
              [70.952376, 21.743051],
              [70.964686, 21.750001],
              [70.974112, 21.728711],
              [70.978242, 21.726112],
              [70.991262, 21.726162],
              [70.990632, 21.73038],
              [71.012634, 21.736614],
              [71.022963, 21.735745],
              [71.029862, 21.739406],
              [71.030111, 21.743493],
              [71.033334, 21.744086],
              [71.038512, 21.751439],
              [71.04734, 21.755869],
              [71.041581, 21.768998],
              [71.05206, 21.791296],
              [71.039901, 21.806445],
              [71.042852, 21.813233],
              [71.046762, 21.815872],
              [71.047551, 21.824254],
              [71.064337, 21.825123],
              [71.070618, 21.827993],
              [71.081326, 21.825833],
              [71.083416, 21.821774],
              [71.085157, 21.822284],
              [71.084369, 21.823693],
              [71.090626, 21.828093],
              [71.089497, 21.836762],
              [71.103836, 21.84175],
              [71.105335, 21.84981],
              [71.109475, 21.851269],
              [71.105332, 21.871029],
              [71.077698, 21.860141],
              [71.05757, 21.848543],
              [71.049649, 21.85376],
              [71.030486, 21.874278],
              [71.036652, 21.87699],
              [71.04927, 21.87678],
              [71.063397, 21.88569],
              [71.061571, 21.890828],
              [71.0629, 21.895466],
              [71.05747, 21.898016],
              [71.056141, 21.904237],
              [71.066108, 21.907325],
              [71.06764, 21.910505],
              [71.085035, 21.916958],
              [71.094714, 21.916956],
              [71.095595, 21.914806],
              [71.117173, 21.919776],
              [71.119012, 21.921176],
              [71.119732, 21.932523],
              [71.12859, 21.947095],
              [71.138842, 21.949993],
              [71.147888, 21.945025],
              [71.149598, 21.953835],
              [71.161922, 21.956397],
              [71.161304, 21.960448],
              [71.163512, 21.962764],
              [71.168169, 21.963972],
              [71.179117, 21.95949],
              [71.179855, 21.964741],
              [71.194694, 21.967449],
              [71.201096, 21.971181],
              [71.198998, 22.001539],
              [71.1897, 22.005649],
              [71.18835, 22.011358],
              [71.196119, 22.013638],
              [71.201838, 22.008808],
              [71.229855, 22.005848],
              [71.244333, 22.006698],
              [71.245663, 22.010958],
              [71.251689, 22.010791],
              [71.257986, 22.002022],
              [71.256186, 21.999661],
              [71.256733, 21.989873],
              [71.253067, 21.984483],
              [71.253209, 21.971731],
              [71.261157, 21.966255],
              [71.257906, 21.964167],
              [71.25843, 21.96186],
              [71.259759, 21.958573],
              [71.263173, 21.957713],
              [71.271293, 21.961565],
              [71.294087, 21.962526],
              [71.288787, 21.970421],
              [71.292901, 21.971345],
              [71.293544, 21.973576],
              [71.298884, 21.973154],
              [71.29926, 21.975764],
              [71.294645, 21.977843],
              [71.296309, 21.98147],
              [71.291006, 21.992801],
              [71.277605, 22.011201],
              [71.280045, 22.012453],
              [71.278002, 22.018891],
              [71.284414, 22.019631],
              [71.287471, 22.025801],
              [71.299851, 22.031839],
              [71.303353, 22.041269],
              [71.330566, 22.031381],
              [71.333028, 22.026292],
              [71.332197, 22.019022],
              [71.335045, 22.017072],
              [71.333979, 22.003412],
              [71.340864, 22.00368],
              [71.339961, 21.996323],
              [71.344321, 21.982398],
              [71.348209, 21.982719],
              [71.348025, 21.984322],
              [71.371511, 21.983886],
              [71.381829, 21.989133],
              [71.392571, 21.98062],
              [71.423173, 21.990476],
              [71.426167, 21.996688],
              [71.440021, 21.998607],
              [71.441247, 22.000611],
              [71.44862, 21.998332],
              [71.455493, 22.00202],
              [71.462572, 22.00216],
              [71.466401, 22.006593],
              [71.464821, 22.012721],
              [71.461432, 22.013942],
              [71.458612, 22.01971],
              [71.461, 22.028699],
              [71.459172, 22.032141],
              [71.46145, 22.035797],
              [71.472979, 22.037439],
              [71.477499, 22.03949],
              [71.478101, 22.042226],
              [71.488678, 22.046419],
              [71.490506, 22.048716],
              [71.48807, 22.055287],
              [71.500468, 22.054119],
              [71.498589, 22.074945],
              [71.502069, 22.074458],
              [71.502705, 22.083747],
              [71.500058, 22.103292],
              [71.504587, 22.109875],
              [71.509185, 22.111856],
              [71.494029, 22.135473],
              [71.476379, 22.138673],
              [71.476312, 22.145929],
              [71.485161, 22.167927],
              [71.485898, 22.186986],
              [71.477659, 22.185597],
              [71.471954, 22.193606],
              [71.450464, 22.203104],
              [71.449125, 22.210713],
              [71.434988, 22.205847],
              [71.433466, 22.208146],
              [71.436996, 22.208795],
              [71.434906, 22.219204],
              [71.461634, 22.230462],
              [71.460202, 22.235262],
              [71.464074, 22.246002],
              [71.460668, 22.255957],
              [71.455119, 22.255108],
              [71.451619, 22.251848],
              [71.44266, 22.260147],
              [71.436091, 22.260797],
              [71.435816, 22.248702],
              [71.428986, 22.235673],
              [71.40726, 22.224183],
              [71.396949, 22.222916],
              [71.391503, 22.225446],
              [71.395372, 22.248275],
              [71.389993, 22.249192],
              [71.391913, 22.277935],
              [71.381536, 22.27762],
              [71.381535, 22.272779],
              [71.374905, 22.274946],
              [71.373951, 22.280082],
              [71.368919, 22.280691],
              [71.37406, 22.291301],
              [71.372592, 22.292427],
              [71.366293, 22.291476],
              [71.361268, 22.268408],
              [71.346724, 22.258888],
              [71.335245, 22.266001],
              [71.327478, 22.275583],
              [71.310532, 22.279991],
              [71.305281, 22.265907],
              [71.308521, 22.262839],
              [71.30451, 22.2617],
              [71.307322, 22.253257],
              [71.303672, 22.250732],
              [71.287996, 22.254292],
              [71.282458, 22.264321],
              [71.288495, 22.26719],
              [71.286099, 22.268507],
              [71.273351, 22.271637],
              [71.269191, 22.269967],
              [71.257309, 22.276013],
              [71.234786, 22.276047],
              [71.235406, 22.264398],
              [71.232866, 22.252019],
              [71.227327, 22.250999],
              [71.227816, 22.249139],
              [71.218468, 22.24641],
              [71.213858, 22.24254],
              [71.215108, 22.232571],
              [71.221267, 22.227541],
              [71.217408, 22.219782],
              [71.228616, 22.217272],
              [71.241565, 22.221341],
              [71.252478, 22.221568],
              [71.259768, 22.220264],
              [71.264399, 22.214695],
              [71.269365, 22.213718],
              [71.275228, 22.213875],
              [71.281675, 22.217776],
              [71.294724, 22.192858],
              [71.302894, 22.184589],
              [71.297041, 22.16792],
              [71.289066, 22.161152],
              [71.277607, 22.159322],
              [71.267654, 22.160611],
              [71.249553, 22.169124],
              [71.242694, 22.164786],
              [71.233515, 22.163386],
              [71.224336, 22.173295],
              [71.217507, 22.186654],
              [71.19226, 22.174615],
              [71.197, 22.163916],
              [71.19022, 22.163106],
              [71.179472, 22.156917],
              [71.175582, 22.158467],
              [71.178472, 22.151067],
              [71.177252, 22.143598],
              [71.154135, 22.135149],
              [71.150935, 22.132049],
              [71.147276, 22.132569],
              [71.146026, 22.129029],
              [71.144096, 22.129409],
              [71.144236, 22.12409],
              [71.124968, 22.12449],
              [71.122429, 22.129039],
              [71.118759, 22.130319],
              [71.118199, 22.134829],
              [71.123719, 22.137699],
              [71.126968, 22.149638],
              [71.132438, 22.154467],
              [71.137147, 22.154567],
              [71.159064, 22.165046],
              [71.162754, 22.185645],
              [71.142387, 22.191814],
              [71.142317, 22.195404],
              [71.132508, 22.204093],
              [71.120419, 22.221172],
              [71.108121, 22.2458],
              [71.1152, 22.2517],
              [71.1156, 22.25482],
              [71.103052, 22.256869],
              [71.097693, 22.25508],
              [71.092083, 22.25737],
              [71.081894, 22.2553],
              [71.078005, 22.265819],
              [71.071936, 22.267749],
              [71.072466, 22.272508],
              [71.057048, 22.278928],
              [71.063557, 22.296457],
              [71.064827, 22.307456],
              [71.055058, 22.311105],
              [71.04095, 22.322325],
              [71.029501, 22.324275],
              [71.021272, 22.329754],
              [71.012594, 22.358402],
              [71.019073, 22.365551],
              [71.018353, 22.378021],
              [71.026652, 22.377081],
              [71.04128, 22.38591],
              [71.033871, 22.395179],
              [71.023293, 22.398979],
              [71.012724, 22.412018],
              [71.007325, 22.409858],
              [71.002885, 22.403299],
              [70.991458, 22.401668],
              [70.980814, 22.414896],
              [70.972416, 22.419114],
              [70.954362, 22.424168],
              [70.948848, 22.428735],
              [70.941425, 22.424878],
              [70.93618, 22.427463],
              [70.93396, 22.437144],
              [70.928352, 22.441029],
              [70.921755, 22.438923],
              [70.920109, 22.442301],
              [70.915548, 22.44041],
              [70.904941, 22.444747],
              [70.891486, 22.442921],
              [70.879853, 22.454828],
              [70.873849, 22.454196],
              [70.87191, 22.459592],
              [70.848209, 22.460105],
              [70.848276, 22.464227],
              [70.843291, 22.464411],
              [70.836056, 22.471092],
              [70.821822, 22.470276],
              [70.822535, 22.471784],
              [70.814604, 22.477231],
              [70.814359, 22.48288],
              [70.812253, 22.476978],
              [70.800258, 22.474498],
              [70.797063, 22.48057],
              [70.794702, 22.479851],
              [70.782951, 22.492239],
              [70.784852, 22.49843],
              [70.781578, 22.501279],
              [70.754903, 22.491964],
              [70.754425, 22.483425],
              [70.747041, 22.484552],
              [70.739373, 22.480063],
              [70.73286, 22.47452],
              [70.731006, 22.462995],
              [70.727885, 22.462268],
              [70.719876, 22.462318],
              [70.704008, 22.470929],
              [70.704735, 22.485078],
              [70.686303, 22.483212],
              [70.685944, 22.480871],
              [70.689951, 22.481356],
              [70.696397, 22.476357],
              [70.698023, 22.468964],
              [70.69158, 22.464393],
              [70.690275, 22.457333],
              [70.685834, 22.454333],
              [70.687617, 22.451311],
              [70.683326, 22.449155],
              [70.680076, 22.461033],
              [70.656926, 22.474445],
              [70.666643, 22.473138],
              [70.667344, 22.479468],
              [70.662249, 22.48384],
              [70.660327, 22.491941],
              [70.656434, 22.489815],
              [70.654943, 22.49136],
              [70.65911, 22.502768],
              [70.651505, 22.501212],
              [70.651748, 22.503433],
              [70.647526, 22.504125],
              [70.647579, 22.506897],
              [70.64288, 22.507466],
              [70.643347, 22.511187],
              [70.641418, 22.511824],
              [70.645603, 22.512455],
              [70.644106, 22.516483],
              [70.625192, 22.510231],
              [70.622747, 22.525709],
              [70.619233, 22.532563],
              [70.623787, 22.535457],
              [70.626018, 22.549202],
              [70.631429, 22.553189],
              [70.628347, 22.556841],
              [70.635557, 22.558313],
              [70.64004, 22.566259],
              [70.640746, 22.58046],
              [70.631863, 22.575787],
              [70.628474, 22.580885],
              [70.619941, 22.581765],
              [70.610153, 22.586194],
              [70.605097, 22.583552],
              [70.601605, 22.589733],
              [70.605888, 22.591332],
              [70.603033, 22.6001],
              [70.603849, 22.605537],
              [70.592639, 22.606989]
            ],
            [
              [70.520692, 22.461109],
              [70.523358, 22.454921],
              [70.537859, 22.438101],
              [70.534833, 22.438284],
              [70.534228, 22.435597],
              [70.528997, 22.43549],
              [70.52682, 22.443558],
              [70.51162, 22.456945],
              [70.510841, 22.459793],
              [70.514887, 22.461083],
              [70.516773, 22.45866],
              [70.519158, 22.459551],
              [70.518039, 22.461753],
              [70.520692, 22.461109]
            ],
            [
              [70.520829, 22.413288],
              [70.524203, 22.414437],
              [70.52316, 22.419494],
              [70.534875, 22.4183],
              [70.537036, 22.402317],
              [70.532749, 22.40156],
              [70.530316, 22.387589],
              [70.516822, 22.388578],
              [70.514722, 22.385299],
              [70.5119, 22.386918],
              [70.512144, 22.390733],
              [70.509563, 22.389259],
              [70.505457, 22.392873],
              [70.50676, 22.396112],
              [70.519585, 22.401774],
              [70.519625, 22.405833],
              [70.515949, 22.405578],
              [70.515953, 22.407858],
              [70.516765, 22.411891],
              [70.520829, 22.413288]
            ],
            [
              [70.772909, 21.800937],
              [70.778469, 21.801717],
              [70.782228, 21.792196],
              [70.788967, 21.785936],
              [70.786339, 21.781487],
              [70.797214, 21.778629],
              [70.801543, 21.773619],
              [70.793506, 21.770079],
              [70.792949, 21.763391],
              [70.789157, 21.758689],
              [70.777068, 21.756379],
              [70.766411, 21.749285],
              [70.759262, 21.766289],
              [70.76289, 21.76975],
              [70.76579, 21.796326],
              [70.772909, 21.800937]
            ]
          ]
        ]
      },
      "properties": {
        "dtname": "Rajkot",
        "stname": "Gujarat",
        "stcode11": "24",
        "dtcode11": "476",
        "dist_lgd": 457,
        "state_lgd": 24
      }
    },
    {
      "type": "Feature",
      "geometry": {
        "type": "Polygon",
        "coordinates": [
          [
            [71.99493, 23.499476],
            [71.980584, 23.502256],
            [71.979412, 23.51974],
            [71.9688, 23.526721],
            [71.943042, 23.518307],
            [71.942287, 23.499857],
            [71.934058, 23.496107],
            [71.929898, 23.496997],
            [71.928758, 23.492277],
            [71.922109, 23.493817],
            [71.91524, 23.491187],
            [71.91329, 23.493947],
            [71.908181, 23.493917],
            [71.904931, 23.487118],
            [71.901182, 23.490698],
            [71.902142, 23.484898],
            [71.886994, 23.485488],
            [71.887514, 23.483398],
            [71.862337, 23.471129],
            [71.850558, 23.455221],
            [71.849818, 23.435522],
            [71.837729, 23.419364],
            [71.821261, 23.409195],
            [71.817312, 23.408905],
            [71.811582, 23.400755],
            [71.802693, 23.394096],
            [71.791575, 23.392026],
            [71.784206, 23.396376],
            [71.781646, 23.394906],
            [71.761969, 23.402895],
            [71.758049, 23.415324],
            [71.762199, 23.432493],
            [71.769418, 23.435183],
            [71.777817, 23.454601],
            [71.772128, 23.461261],
            [71.771708, 23.46798],
            [71.767248, 23.46677],
            [71.764749, 23.46946],
            [71.758219, 23.46632],
            [71.75, 23.468973],
            [71.745141, 23.47398],
            [71.743431, 23.46736],
            [71.739132, 23.47044],
            [71.726393, 23.46824],
            [71.725454, 23.479959],
            [71.732283, 23.486849],
            [71.730453, 23.490739],
            [71.719954, 23.490239],
            [71.702316, 23.481219],
            [71.691818, 23.487849],
            [71.674234, 23.489057],
            [71.666401, 23.484709],
            [71.649575, 23.492655],
            [71.64464, 23.490713],
            [71.626349, 23.497572],
            [71.616264, 23.497977],
            [71.613602, 23.50132],
            [71.607603, 23.498058],
            [71.599644, 23.497804],
            [71.598244, 23.501995],
            [71.587891, 23.499579],
            [71.581621, 23.491479],
            [71.564694, 23.495629],
            [71.533746, 23.478909],
            [71.532147, 23.461042],
            [71.542566, 23.459292],
            [71.547885, 23.455892],
            [71.554144, 23.442813],
            [71.561244, 23.440414],
            [71.560114, 23.431184],
            [71.568113, 23.419175],
            [71.570012, 23.411626],
            [71.576012, 23.412426],
            [71.59273, 23.423125],
            [71.594079, 23.421445],
            [71.601269, 23.425045],
            [71.602848, 23.423705],
            [71.581771, 23.405616],
            [71.580981, 23.400267],
            [71.58924, 23.397187],
            [71.572152, 23.390537],
            [71.569602, 23.381658],
            [71.563783, 23.372899],
            [71.566532, 23.369039],
            [71.581901, 23.370889],
            [71.58344, 23.369009],
            [71.58454, 23.371939],
            [71.594379, 23.377738],
            [71.599478, 23.378048],
            [71.600768, 23.375148],
            [71.591119, 23.371279],
            [71.58571, 23.365069],
            [71.566752, 23.36183],
            [71.561823, 23.35777],
            [71.561563, 23.352351],
            [71.58361, 23.36311],
            [71.58779, 23.35525],
            [71.594889, 23.35517],
            [71.603398, 23.35141],
            [71.616046, 23.35455],
            [71.621965, 23.34925],
            [71.629415, 23.34874],
            [71.646662, 23.331822],
            [71.651442, 23.318483],
            [71.645782, 23.311953],
            [71.643802, 23.305214],
            [71.628734, 23.293595],
            [71.629054, 23.291515],
            [71.632134, 23.292015],
            [71.633824, 23.288935],
            [71.635903, 23.290035],
            [71.635563, 23.284795],
            [71.639193, 23.283736],
            [71.639693, 23.286415],
            [71.641433, 23.281006],
            [71.646692, 23.278786],
            [71.65918, 23.290505],
            [71.65976, 23.288675],
            [71.671309, 23.288135],
            [71.674059, 23.290185],
            [71.672719, 23.293395],
            [71.674569, 23.293195],
            [71.677408, 23.288665],
            [71.674543, 23.283483],
            [71.676784, 23.278593],
            [71.675818, 23.274846],
            [71.672215, 23.272449],
            [71.669736, 23.274394],
            [71.660263, 23.27447],
            [71.66349, 23.266782],
            [71.65963, 23.260134],
            [71.666534, 23.257135],
            [71.677821, 23.257992],
            [71.686717, 23.249358],
            [71.692506, 23.252978],
            [71.696556, 23.251518],
            [71.696816, 23.244648],
            [71.692836, 23.242009],
            [71.681957, 23.239819],
            [71.66185, 23.241329],
            [71.653641, 23.236839],
            [71.651971, 23.234549],
            [71.653571, 23.23238],
            [71.667379, 23.22941],
            [71.670649, 23.22644],
            [71.666219, 23.22358],
            [71.665629, 23.217331],
            [71.65753, 23.207591],
            [71.665079, 23.207231],
            [71.676778, 23.202062],
            [71.682957, 23.184533],
            [71.689256, 23.181933],
            [71.708994, 23.200892],
            [71.720622, 23.198652],
            [71.713223, 23.193972],
            [71.706364, 23.185123],
            [71.700135, 23.175334],
            [71.702794, 23.172594],
            [71.708354, 23.168724],
            [71.723932, 23.165204],
            [71.730411, 23.170534],
            [71.732341, 23.177103],
            [71.73988, 23.176973],
            [71.741999, 23.179543],
            [71.748469, 23.178103],
            [71.750615, 23.175517],
            [71.750151, 23.167677],
            [71.76241, 23.157744],
            [71.759328, 23.142649],
            [71.744883, 23.135938],
            [71.759313, 23.124951],
            [71.76118, 23.117159],
            [71.757998, 23.116186],
            [71.749504, 23.122117],
            [71.748518, 23.119508],
            [71.745569, 23.121958],
            [71.73595, 23.119468],
            [71.73466, 23.116058],
            [71.727561, 23.111749],
            [71.726501, 23.104199],
            [71.722411, 23.103559],
            [71.725121, 23.0991],
            [71.719832, 23.09077],
            [71.710313, 23.09529],
            [71.708313, 23.115648],
            [71.689956, 23.124658],
            [71.689326, 23.131167],
            [71.685326, 23.129057],
            [71.682706, 23.132747],
            [71.672338, 23.134677],
            [71.668268, 23.139007],
            [71.670908, 23.141707],
            [71.669568, 23.143116],
            [71.661949, 23.138457],
            [71.659369, 23.141267],
            [71.65821, 23.138587],
            [71.65511, 23.142147],
            [71.640652, 23.144277],
            [71.618664, 23.142537],
            [71.612955, 23.139667],
            [71.610525, 23.144727],
            [71.605906, 23.134907],
            [71.601307, 23.143877],
            [71.595127, 23.137147],
            [71.594187, 23.132458],
            [71.589858, 23.135628],
            [71.583799, 23.132118],
            [71.57373, 23.132978],
            [71.57062, 23.134928],
            [71.57263, 23.137697],
            [71.567621, 23.137268],
            [71.569351, 23.142097],
            [71.566261, 23.142887],
            [71.564471, 23.139067],
            [71.561651, 23.138607],
            [71.561412, 23.141217],
            [71.557262, 23.139547],
            [71.554442, 23.143777],
            [71.555622, 23.140577],
            [71.550713, 23.140287],
            [71.546623, 23.149647],
            [71.538854, 23.155106],
            [71.522536, 23.156256],
            [71.520687, 23.153457],
            [71.515607, 23.158496],
            [71.512308, 23.154587],
            [71.512578, 23.150597],
            [71.506688, 23.155446],
            [71.503289, 23.149927],
            [71.500189, 23.152097],
            [71.500491, 23.149752],
            [71.488462, 23.14983],
            [71.475467, 23.146566],
            [71.467157, 23.139672],
            [71.453809, 23.139011],
            [71.452811, 23.134032],
            [71.450423, 23.132855],
            [71.45004, 23.138548],
            [71.444742, 23.146203],
            [71.433649, 23.145088],
            [71.429598, 23.147234],
            [71.424841, 23.141773],
            [71.396214, 23.153171],
            [71.39032, 23.148706],
            [71.390139, 23.14583],
            [71.386741, 23.146919],
            [71.389183, 23.153754],
            [71.365307, 23.159389],
            [71.36055, 23.173042],
            [71.349992, 23.174508],
            [71.346384, 23.168823],
            [71.341594, 23.167644],
            [71.340677, 23.162596],
            [71.332025, 23.161239],
            [71.333321, 23.171515],
            [71.325517, 23.17336],
            [71.319774, 23.186185],
            [71.315493, 23.182395],
            [71.311561, 23.171626],
            [71.312081, 23.166339],
            [71.304649, 23.166661],
            [71.302558, 23.168773],
            [71.299577, 23.172853],
            [71.300492, 23.179897],
            [71.296343, 23.175579],
            [71.291206, 23.175341],
            [71.287126, 23.163903],
            [71.284459, 23.165193],
            [71.284075, 23.16954],
            [71.279726, 23.167583],
            [71.277698, 23.162417],
            [71.283766, 23.15786],
            [71.2859, 23.149875],
            [71.27, 23.15551],
            [71.269866, 23.138012],
            [71.276173, 23.118348],
            [71.306661, 23.11411],
            [71.327357, 23.125163],
            [71.337279, 23.126132],
            [71.335311, 23.133438],
            [71.345575, 23.135887],
            [71.353245, 23.133504],
            [71.354984, 23.126691],
            [71.359608, 23.120886],
            [71.354283, 23.11735],
            [71.342729, 23.115177],
            [71.345484, 23.105727],
            [71.343889, 23.103379],
            [71.347457, 23.098423],
            [71.34185, 23.096282],
            [71.339982, 23.092272],
            [71.326056, 23.085076],
            [71.306961, 23.082532],
            [71.306116, 23.075118],
            [71.297586, 23.075055],
            [71.291847, 23.068014],
            [71.297635, 23.049352],
            [71.301646, 23.048505],
            [71.302262, 23.044857],
            [71.29815, 23.044666],
            [71.294046, 23.030419],
            [71.295482, 23.018528],
            [71.314731, 23.014021],
            [71.313864, 22.999446],
            [71.316502, 22.987263],
            [71.300322, 22.97989],
            [71.293599, 22.973918],
            [71.302801, 22.947825],
            [71.298103, 22.944952],
            [71.299747, 22.941914],
            [71.29398, 22.933861],
            [71.289778, 22.934004],
            [71.292229, 22.919074],
            [71.284207, 22.910514],
            [71.270564, 22.905859],
            [71.265587, 22.89428],
            [71.266048, 22.88537],
            [71.263279, 22.884816],
            [71.262418, 22.872334],
            [71.255193, 22.866356],
            [71.245166, 22.862775],
            [71.254682, 22.837234],
            [71.244055, 22.832326],
            [71.239938, 22.825931],
            [71.227447, 22.822341],
            [71.214852, 22.823749],
            [71.208863, 22.826949],
            [71.207141, 22.830508],
            [71.189804, 22.826958],
            [71.188982, 22.830218],
            [71.186434, 22.829289],
            [71.187651, 22.826692],
            [71.183671, 22.825926],
            [71.178619, 22.836814],
            [71.162331, 22.856987],
            [71.161363, 22.861647],
            [71.139039, 22.862351],
            [71.140254, 22.839477],
            [71.145065, 22.827462],
            [71.09945, 22.823182],
            [71.10423, 22.813999],
            [71.113567, 22.808505],
            [71.117731, 22.801511],
            [71.125055, 22.797908],
            [71.124895, 22.784395],
            [71.129164, 22.76814],
            [71.133008, 22.761957],
            [71.125581, 22.760681],
            [71.122879, 22.756839],
            [71.125834, 22.742596],
            [71.146153, 22.72043],
            [71.147938, 22.712596],
            [71.163849, 22.702551],
            [71.162559, 22.683922],
            [71.160276, 22.678057],
            [71.15795, 22.6793],
            [71.143556, 22.663314],
            [71.139951, 22.663156],
            [71.137333, 22.657585],
            [71.128016, 22.652583],
            [71.12679, 22.643363],
            [71.129353, 22.634987],
            [71.120149, 22.636156],
            [71.109931, 22.642369],
            [71.104465, 22.631595],
            [71.101936, 22.63089],
            [71.096651, 22.618518],
            [71.102697, 22.602673],
            [71.097071, 22.602972],
            [71.093373, 22.606161],
            [71.09322, 22.589873],
            [71.10221, 22.583183],
            [71.094411, 22.56336],
            [71.07575, 22.556926],
            [71.070395, 22.549682],
            [71.072696, 22.543623],
            [71.066189, 22.542329],
            [71.06168, 22.537461],
            [71.067687, 22.534499],
            [71.07041, 22.529835],
            [71.084752, 22.524008],
            [71.094135, 22.513439],
            [71.100506, 22.512186],
            [71.115832, 22.547596],
            [71.134293, 22.545871],
            [71.144187, 22.524824],
            [71.163878, 22.50449],
            [71.164346, 22.484341],
            [71.157337, 22.479482],
            [71.145498, 22.478072],
            [71.138009, 22.481402],
            [71.13025, 22.480882],
            [71.13106, 22.460913],
            [71.117321, 22.451344],
            [71.119111, 22.445365],
            [71.12624, 22.437725],
            [71.105313, 22.435935],
            [71.100523, 22.432426],
            [71.100853, 22.425386],
            [71.097664, 22.416727],
            [71.098493, 22.404598],
            [71.094444, 22.399398],
            [71.087225, 22.397249],
            [71.084475, 22.401708],
            [71.076356, 22.404578],
            [71.072237, 22.423047],
            [71.064628, 22.427756],
            [71.058069, 22.437336],
            [71.053599, 22.438086],
            [71.052599, 22.434856],
            [71.04964, 22.434466],
            [71.04495, 22.439106],
            [71.037781, 22.441025],
            [71.024243, 22.440406],
            [71.019453, 22.435026],
            [70.980814, 22.414896],
            [70.991458, 22.401668],
            [71.002885, 22.403299],
            [71.007325, 22.409858],
            [71.012724, 22.412018],
            [71.023293, 22.398979],
            [71.033071, 22.395679],
            [71.04069, 22.38854],
            [71.04087, 22.38548],
            [71.031571, 22.37937],
            [71.026352, 22.377001],
            [71.018353, 22.378021],
            [71.019073, 22.365551],
            [71.012594, 22.358222],
            [71.021272, 22.329754],
            [71.029501, 22.324275],
            [71.04095, 22.322325],
            [71.055058, 22.311105],
            [71.064827, 22.307456],
            [71.063557, 22.296457],
            [71.057048, 22.278928],
            [71.072466, 22.272508],
            [71.071936, 22.267749],
            [71.078005, 22.265819],
            [71.081894, 22.2553],
            [71.092083, 22.25737],
            [71.097693, 22.25508],
            [71.103052, 22.256869],
            [71.1156, 22.25482],
            [71.1152, 22.2517],
            [71.108121, 22.2458],
            [71.120419, 22.221172],
            [71.132508, 22.204093],
            [71.142317, 22.195404],
            [71.142387, 22.191814],
            [71.162754, 22.185645],
            [71.159064, 22.165046],
            [71.137147, 22.154567],
            [71.132438, 22.154467],
            [71.126968, 22.149638],
            [71.123719, 22.137699],
            [71.118199, 22.134829],
            [71.118759, 22.130319],
            [71.122429, 22.129039],
            [71.124968, 22.12449],
            [71.144236, 22.12409],
            [71.144096, 22.129409],
            [71.146026, 22.129029],
            [71.147276, 22.132569],
            [71.150935, 22.132049],
            [71.154135, 22.135149],
            [71.177252, 22.143598],
            [71.178472, 22.151067],
            [71.175582, 22.158467],
            [71.179472, 22.156917],
            [71.19022, 22.163106],
            [71.197, 22.163916],
            [71.19226, 22.174615],
            [71.217507, 22.186654],
            [71.224336, 22.173295],
            [71.233515, 22.163386],
            [71.242694, 22.164786],
            [71.249553, 22.169124],
            [71.267654, 22.160611],
            [71.277607, 22.159322],
            [71.289066, 22.161152],
            [71.297041, 22.16792],
            [71.302894, 22.184589],
            [71.294724, 22.192858],
            [71.281675, 22.217776],
            [71.275228, 22.213875],
            [71.269365, 22.213718],
            [71.264399, 22.214695],
            [71.259768, 22.220264],
            [71.252478, 22.221568],
            [71.241565, 22.221341],
            [71.228616, 22.217272],
            [71.217408, 22.219782],
            [71.221267, 22.227541],
            [71.215108, 22.232571],
            [71.213858, 22.24254],
            [71.218468, 22.24641],
            [71.227816, 22.249139],
            [71.227327, 22.250999],
            [71.232866, 22.252019],
            [71.235406, 22.264398],
            [71.234786, 22.276047],
            [71.257309, 22.276013],
            [71.269191, 22.269967],
            [71.273351, 22.271637],
            [71.286099, 22.268507],
            [71.288495, 22.26719],
            [71.282458, 22.264321],
            [71.287996, 22.254292],
            [71.303672, 22.250732],
            [71.307322, 22.253257],
            [71.30451, 22.2617],
            [71.308521, 22.262839],
            [71.305281, 22.265907],
            [71.310532, 22.279991],
            [71.327478, 22.275583],
            [71.335245, 22.266001],
            [71.346724, 22.258888],
            [71.361268, 22.268408],
            [71.366293, 22.291476],
            [71.372592, 22.292427],
            [71.37406, 22.291301],
            [71.368919, 22.280691],
            [71.373951, 22.280082],
            [71.374905, 22.274946],
            [71.381535, 22.272779],
            [71.381536, 22.27762],
            [71.391913, 22.277935],
            [71.389993, 22.249192],
            [71.395372, 22.248275],
            [71.391503, 22.225446],
            [71.400742, 22.222907],
            [71.408948, 22.224914],
            [71.428986, 22.235673],
            [71.435816, 22.248702],
            [71.436091, 22.260797],
            [71.439641, 22.263137],
            [71.44332, 22.273326],
            [71.4468, 22.275476],
            [71.44585, 22.289395],
            [71.495404, 22.304013],
            [71.504733, 22.312833],
            [71.510232, 22.323042],
            [71.53031, 22.34316],
            [71.539139, 22.34475],
            [71.554737, 22.34112],
            [71.565066, 22.34203],
            [71.569115, 22.322612],
            [71.578844, 22.320102],
            [71.583083, 22.323071],
            [71.588543, 22.333251],
            [71.588613, 22.3399],
            [71.582754, 22.34148],
            [71.5824, 22.347367],
            [71.592242, 22.34751],
            [71.592122, 22.354609],
            [71.601511, 22.351369],
            [71.601761, 22.33992],
            [71.61221, 22.33924],
            [71.629858, 22.34401],
            [71.626178, 22.354449],
            [71.626328, 22.382967],
            [71.635697, 22.380537],
            [71.649716, 22.402485],
            [71.673983, 22.384476],
            [71.684361, 22.390616],
            [71.690801, 22.389496],
            [71.6917, 22.392355],
            [71.711488, 22.399285],
            [71.720877, 22.382306],
            [71.735475, 22.382516],
            [71.741284, 22.363747],
            [71.754732, 22.361179],
            [71.792996, 22.363827],
            [71.789134, 22.389171],
            [71.796316, 22.396245],
            [71.799557, 22.392585],
            [71.836754, 22.39649],
            [71.831719, 22.360795],
            [71.844854, 22.357918],
            [71.85251, 22.36857],
            [71.862859, 22.371437],
            [71.86062, 22.396254],
            [71.870764, 22.402694],
            [71.874658, 22.40235],
            [71.874469, 22.405705],
            [71.882258, 22.406852],
            [71.888688, 22.413155],
            [71.891972, 22.422533],
            [71.902108, 22.423854],
            [71.917598, 22.400647],
            [71.921144, 22.38062],
            [71.924281, 22.386305],
            [71.92807, 22.387856],
            [71.936135, 22.380706],
            [71.941104, 22.381006],
            [71.944858, 22.384874],
            [71.942648, 22.397301],
            [71.944361, 22.405139],
            [71.938233, 22.415929],
            [71.941499, 22.4221],
            [71.937932, 22.427686],
            [71.93399, 22.453416],
            [71.942171, 22.463617],
            [71.972268, 22.472677],
            [71.968498, 22.47347],
            [71.967423, 22.492678],
            [71.941551, 22.487083],
            [71.936727, 22.47982],
            [71.916677, 22.482549],
            [71.919268, 22.501755],
            [71.931426, 22.502966],
            [71.927634, 22.509442],
            [71.923843, 22.507908],
            [71.918537, 22.509991],
            [71.913463, 22.526505],
            [71.92597, 22.52935],
            [71.926001, 22.534985],
            [71.941522, 22.548593],
            [71.959759, 22.545071],
            [71.970798, 22.53873],
            [71.973022, 22.52852],
            [71.968529, 22.525963],
            [71.966991, 22.515601],
            [71.977959, 22.513779],
            [71.978404, 22.511828],
            [72.015702, 22.512606],
            [72.027891, 22.510726],
            [72.033259, 22.506846],
            [72.035558, 22.490544],
            [72.039017, 22.483367],
            [72.045499, 22.474678],
            [72.048497, 22.473727],
            [72.050857, 22.475756],
            [72.053074, 22.443138],
            [72.077013, 22.436749],
            [72.090133, 22.43589],
            [72.102162, 22.446751],
            [72.108049, 22.44816],
            [72.106951, 22.44975],
            [72.115257, 22.454816],
            [72.120586, 22.461427],
            [72.146155, 22.472145],
            [72.147803, 22.475585],
            [72.157093, 22.481128],
            [72.164012, 22.479736],
            [72.148015, 22.495786],
            [72.152744, 22.501324],
            [72.150496, 22.510306],
            [72.145317, 22.517102],
            [72.172632, 22.53699],
            [72.189408, 22.54238],
            [72.184722, 22.553958],
            [72.176552, 22.55793],
            [72.175674, 22.561818],
            [72.164734, 22.573547],
            [72.150175, 22.584039],
            [72.086368, 22.61063],
            [72.088411, 22.61286],
            [72.088272, 22.623906],
            [72.08434, 22.623444],
            [72.084262, 22.625714],
            [72.063615, 22.622075],
            [72.064186, 22.640944],
            [72.061388, 22.653662],
            [72.023011, 22.680192],
            [72.041721, 22.68548],
            [72.057336, 22.694121],
            [72.067665, 22.675143],
            [72.094001, 22.67562],
            [72.10815, 22.721238],
            [72.069778, 22.733985],
            [72.053998, 22.750727],
            [72.062495, 22.756925],
            [72.054398, 22.759663],
            [72.055697, 22.770572],
            [72.047139, 22.768545],
            [72.057179, 22.796701],
            [72.048388, 22.798932],
            [72.035583, 22.809829],
            [72.036911, 22.820481],
            [72.041778, 22.826651],
            [72.034531, 22.839628],
            [72.034382, 22.860018],
            [72.031633, 22.854328],
            [72.027973, 22.82859],
            [72.017722, 22.818429],
            [72.013583, 22.818218],
            [72.009042, 22.819899],
            [71.994656, 22.845568],
            [71.990317, 22.860187],
            [71.988507, 22.866936],
            [71.989777, 22.881265],
            [72.002436, 22.897094],
            [71.999486, 22.908143],
            [72.005305, 22.924452],
            [72.000816, 22.927252],
            [71.993987, 22.937921],
            [71.995677, 22.9519],
            [72.017084, 22.981217],
            [72.020772, 22.992236],
            [72.011315, 22.993096],
            [72.008757, 23.001746],
            [72.010363, 23.011987],
            [72.021713, 23.018415],
            [72.015467, 23.058052],
            [72.005794, 23.05535],
            [71.997383, 23.059216],
            [71.985026, 23.060701],
            [71.973402, 23.058605],
            [71.960767, 23.047095],
            [71.959014, 23.0357],
            [71.962082, 23.028628],
            [71.95476, 23.027828],
            [71.949912, 23.030007],
            [71.946101, 23.035305],
            [71.951259, 23.047628],
            [71.945491, 23.062973],
            [71.931993, 23.059818],
            [71.918788, 23.066071],
            [71.911194, 23.080579],
            [71.913698, 23.081834],
            [71.912093, 23.084886],
            [71.908721, 23.084241],
            [71.908972, 23.090643],
            [71.899263, 23.104375],
            [71.903975, 23.114411],
            [71.904347, 23.121598],
            [71.900118, 23.137568],
            [71.904743, 23.142538],
            [71.90586, 23.15918],
            [71.908072, 23.16094],
            [71.906098, 23.176228],
            [71.912008, 23.179829],
            [71.927929, 23.18047],
            [71.931259, 23.191178],
            [71.942206, 23.195978],
            [71.940859, 23.197825],
            [71.94406, 23.201092],
            [71.946179, 23.198915],
            [71.949713, 23.204074],
            [71.954536, 23.200153],
            [71.963624, 23.204387],
            [71.967086, 23.209437],
            [71.98828, 23.209432],
            [71.996971, 23.245742],
            [71.990689, 23.250446],
            [71.969981, 23.250276],
            [71.961322, 23.240439],
            [71.947657, 23.239785],
            [71.943185, 23.236977],
            [71.933556, 23.261606],
            [71.928067, 23.265655],
            [71.919728, 23.264065],
            [71.918048, 23.261636],
            [71.90679, 23.260736],
            [71.90575, 23.256926],
            [71.90254, 23.256076],
            [71.897013, 23.219099],
            [71.869999, 23.218529],
            [71.874161, 23.225247],
            [71.875412, 23.249713],
            [71.879713, 23.253737],
            [71.871764, 23.271965],
            [71.872574, 23.279325],
            [71.875964, 23.290644],
            [71.879793, 23.290584],
            [71.884013, 23.302433],
            [71.876214, 23.309792],
            [71.879963, 23.321581],
            [71.888442, 23.328401],
            [71.894432, 23.32938],
            [71.890442, 23.33509],
            [71.890162, 23.342789],
            [71.882983, 23.352009],
            [71.882853, 23.357738],
            [71.872005, 23.369237],
            [71.870465, 23.381806],
            [71.887863, 23.390776],
            [71.898421, 23.381386],
            [71.903031, 23.380846],
            [71.928288, 23.389845],
            [71.956064, 23.387616],
            [71.968393, 23.409224],
            [71.970353, 23.431092],
            [71.967163, 23.434222],
            [71.963484, 23.46185],
            [71.979422, 23.474728],
            [71.980172, 23.478538],
            [71.99298, 23.484658],
            [71.99845, 23.498916],
            [71.99493, 23.499476]
          ]
        ]
      },
      "properties": {
        "dtname": "Surendranagar",
        "stname": "Gujarat",
        "stcode11": "24",
        "dtcode11": "475",
        "dist_lgd": 460,
        "state_lgd": 24
      }
    },
    {
      "type": "Feature",
      "geometry": {
        "type": "MultiPolygon",
        "coordinates": [
          [
            [
              [71.712448, 21.901197],
              [71.703186, 21.901394],
              [71.701336, 21.884665],
              [71.692907, 21.882125],
              [71.697716, 21.863197],
              [71.727778, 21.867639],
              [71.727864, 21.880084],
              [71.724913, 21.891504],
              [71.720584, 21.899064],
              [71.712448, 21.901197]
            ]
          ],
          [
            [
              [71.852969, 22.048628],
              [71.853923, 22.050997],
              [71.852216, 22.050751],
              [71.852969, 22.048628]
            ]
          ],
          [
            [
              [71.671313, 22.386486],
              [71.649716, 22.402485],
              [71.635697, 22.380537],
              [71.626328, 22.382967],
              [71.626178, 22.354449],
              [71.629858, 22.34401],
              [71.61221, 22.33924],
              [71.601761, 22.33992],
              [71.601511, 22.351369],
              [71.592122, 22.354609],
              [71.592242, 22.34751],
              [71.5824, 22.347367],
              [71.582754, 22.34148],
              [71.588613, 22.3399],
              [71.588543, 22.333251],
              [71.579394, 22.320242],
              [71.569115, 22.322612],
              [71.565066, 22.34203],
              [71.557027, 22.34089],
              [71.53323, 22.34414],
              [71.510232, 22.323042],
              [71.504733, 22.312833],
              [71.495404, 22.304013],
              [71.44585, 22.289395],
              [71.4468, 22.275476],
              [71.44332, 22.273326],
              [71.437461, 22.261297],
              [71.44266, 22.260147],
              [71.451619, 22.251848],
              [71.455119, 22.255108],
              [71.460668, 22.255957],
              [71.464074, 22.246002],
              [71.460202, 22.235262],
              [71.461634, 22.230462],
              [71.434906, 22.219204],
              [71.436996, 22.208795],
              [71.433466, 22.208146],
              [71.434988, 22.205847],
              [71.449125, 22.210713],
              [71.450464, 22.203104],
              [71.471954, 22.193606],
              [71.477659, 22.185597],
              [71.485898, 22.186986],
              [71.485161, 22.167927],
              [71.476312, 22.145929],
              [71.476379, 22.138673],
              [71.494029, 22.135473],
              [71.509185, 22.111856],
              [71.504587, 22.109875],
              [71.500058, 22.103292],
              [71.502705, 22.083747],
              [71.502069, 22.074458],
              [71.498589, 22.074945],
              [71.500468, 22.054119],
              [71.48807, 22.055287],
              [71.490506, 22.048716],
              [71.488678, 22.046419],
              [71.478101, 22.042226],
              [71.477499, 22.03949],
              [71.472979, 22.037439],
              [71.46145, 22.035797],
              [71.459172, 22.032141],
              [71.461, 22.028699],
              [71.458612, 22.01971],
              [71.461432, 22.013942],
              [71.464821, 22.012721],
              [71.466401, 22.006593],
              [71.462572, 22.00216],
              [71.455493, 22.00202],
              [71.44862, 21.998332],
              [71.441247, 22.000611],
              [71.440021, 21.998607],
              [71.426167, 21.996688],
              [71.423173, 21.990476],
              [71.392571, 21.98062],
              [71.390706, 21.970777],
              [71.398396, 21.954556],
              [71.405113, 21.949064],
              [71.409349, 21.950219],
              [71.4188, 21.944911],
              [71.44242, 21.952814],
              [71.447969, 21.951523],
              [71.450646, 21.947166],
              [71.450125, 21.942569],
              [71.459223, 21.939891],
              [71.458196, 21.93758],
              [71.46159, 21.931559],
              [71.467071, 21.928205],
              [71.45979, 21.909515],
              [71.460465, 21.896419],
              [71.453774, 21.898775],
              [71.447977, 21.907827],
              [71.43404, 21.906081],
              [71.424684, 21.911431],
              [71.417738, 21.904289],
              [71.41804, 21.89598],
              [71.423854, 21.890989],
              [71.422895, 21.886763],
              [71.417016, 21.886855],
              [71.416304, 21.882868],
              [71.417985, 21.876058],
              [71.418402, 21.878293],
              [71.424518, 21.878747],
              [71.421925, 21.879366],
              [71.423823, 21.885778],
              [71.426054, 21.885199],
              [71.425722, 21.878015],
              [71.438169, 21.876448],
              [71.44, 21.871291],
              [71.448643, 21.87522],
              [71.449453, 21.870795],
              [71.453517, 21.870865],
              [71.454666, 21.866159],
              [71.449484, 21.864983],
              [71.44774, 21.851803],
              [71.459404, 21.845751],
              [71.458554, 21.831468],
              [71.455489, 21.826286],
              [71.470304, 21.800078],
              [71.489239, 21.805607],
              [71.499532, 21.803333],
              [71.507099, 21.793313],
              [71.510369, 21.793383],
              [71.510479, 21.786634],
              [71.516228, 21.779804],
              [71.539755, 21.774404],
              [71.543245, 21.770195],
              [71.544574, 21.761725],
              [71.554466, 21.747336],
              [71.566273, 21.740951],
              [71.575021, 21.741884],
              [71.575969, 21.737996],
              [71.586331, 21.739304],
              [71.587197, 21.736793],
              [71.597082, 21.732185],
              [71.601838, 21.726821],
              [71.597361, 21.720476],
              [71.598869, 21.712862],
              [71.596139, 21.711607],
              [71.595383, 21.70663],
              [71.589602, 21.706471],
              [71.592513, 21.697214],
              [71.605608, 21.691071],
              [71.615812, 21.691595],
              [71.621953, 21.702185],
              [71.639102, 21.703081],
              [71.639238, 21.707526],
              [71.630976, 21.729008],
              [71.617096, 21.731049],
              [71.612668, 21.737682],
              [71.611938, 21.744848],
              [71.618598, 21.747323],
              [71.620035, 21.752196],
              [71.632464, 21.752596],
              [71.630244, 21.760765],
              [71.635433, 21.768954],
              [71.634993, 21.775314],
              [71.612596, 21.776944],
              [71.598818, 21.781454],
              [71.601698, 21.812391],
              [71.604637, 21.812441],
              [71.606057, 21.816611],
              [71.617456, 21.818921],
              [71.617096, 21.833789],
              [71.641113, 21.833489],
              [71.648362, 21.840689],
              [71.66446, 21.846458],
              [71.66624, 21.854977],
              [71.66355, 21.865737],
              [71.671639, 21.865947],
              [71.674979, 21.868856],
              [71.683848, 21.870396],
              [71.681538, 21.892554],
              [71.685118, 21.898984],
              [71.690107, 21.901884],
              [71.690467, 21.909443],
              [71.687898, 21.910223],
              [71.675369, 21.931041],
              [71.675969, 21.94383],
              [71.689328, 21.94571],
              [71.691038, 21.94347],
              [71.694197, 21.95121],
              [71.700207, 21.9526],
              [71.708466, 21.969838],
              [71.713385, 21.972888],
              [71.711265, 21.980597],
              [71.721624, 21.988827],
              [71.723874, 21.994436],
              [71.735622, 21.998246],
              [71.734948, 22.01049],
              [71.756029, 22.013054],
              [71.76044, 22.006396],
              [71.776864, 22.011733],
              [71.78201, 22.007873],
              [71.788939, 22.007718],
              [71.793255, 22.009412],
              [71.793842, 22.021879],
              [71.805018, 22.022287],
              [71.816868, 22.018222],
              [71.829675, 22.018016],
              [71.829696, 22.014273],
              [71.867551, 22.009574],
              [71.868325, 22.016408],
              [71.870648, 22.016337],
              [71.873432, 22.023341],
              [71.878188, 22.02397],
              [71.874253, 22.027723],
              [71.872191, 22.035548],
              [71.867981, 22.036751],
              [71.867048, 22.045459],
              [71.864039, 22.04465],
              [71.85709, 22.052757],
              [71.855537, 22.048076],
              [71.850308, 22.045412],
              [71.840975, 22.049748],
              [71.840574, 22.053967],
              [71.831217, 22.053257],
              [71.829227, 22.057269],
              [71.831611, 22.062347],
              [71.839721, 22.066658],
              [71.840167, 22.060269],
              [71.847414, 22.061693],
              [71.863341, 22.057732],
              [71.86239, 22.062709],
              [71.86988, 22.069806],
              [71.873572, 22.081372],
              [71.882957, 22.08091],
              [71.885719, 22.084241],
              [71.891856, 22.08535],
              [71.893216, 22.105099],
              [71.904544, 22.1038],
              [71.904336, 22.105809],
              [71.910024, 22.105551],
              [71.91583, 22.108624],
              [71.921028, 22.13032],
              [71.930912, 22.125078],
              [71.956498, 22.120435],
              [71.963232, 22.116385],
              [72.020817, 22.104514],
              [72.032106, 22.121205],
              [72.038804, 22.140954],
              [72.03727, 22.140994],
              [72.041366, 22.148243],
              [72.033988, 22.180107],
              [72.018218, 22.194783],
              [72.026184, 22.211395],
              [72.03119, 22.244742],
              [72.013908, 22.241434],
              [72.008821, 22.24627],
              [71.996636, 22.250741],
              [71.943355, 22.252969],
              [71.938302, 22.254601],
              [71.934115, 22.271132],
              [71.927128, 22.271268],
              [71.908298, 22.255235],
              [71.904243, 22.25904],
              [71.887926, 22.25328],
              [71.880314, 22.253924],
              [71.878628, 22.261943],
              [71.872886, 22.262721],
              [71.869036, 22.265959],
              [71.865899, 22.281893],
              [71.854917, 22.285371],
              [71.854471, 22.290091],
              [71.852051, 22.290552],
              [71.859169, 22.307727],
              [71.857511, 22.308193],
              [71.858137, 22.312469],
              [71.856549, 22.311886],
              [71.857673, 22.316754],
              [71.847558, 22.314947],
              [71.848665, 22.318895],
              [71.84056, 22.321818],
              [71.846954, 22.357611],
              [71.831719, 22.360795],
              [71.836929, 22.396409],
              [71.799557, 22.392585],
              [71.796316, 22.396245],
              [71.789134, 22.389171],
              [71.792996, 22.363827],
              [71.757237, 22.361221],
              [71.741284, 22.363747],
              [71.735475, 22.382516],
              [71.720877, 22.382306],
              [71.711488, 22.399285],
              [71.6917, 22.392355],
              [71.690801, 22.389496],
              [71.684361, 22.390616],
              [71.673983, 22.384476],
              [71.671313, 22.386486]
            ]
          ]
        ]
      },
      "properties": {
        "dtname": "Botad",
        "stname": "Gujarat",
        "stcode11": "24",
        "dtcode11": "726",
        "dist_lgd": 676,
        "state_lgd": 24
      }
    },
    {
      "type": "Feature",
      "geometry": {
        "type": "MultiPolygon",
        "coordinates": [
          [
            [
              [72.742181, 22.605397],
              [72.740277, 22.605717],
              [72.741512, 22.598779],
              [72.745895, 22.59666],
              [72.74687, 22.602079],
              [72.742181, 22.605397]
            ]
          ],
          [
            [
              [73.141907, 23.198956],
              [73.133458, 23.205503],
              [73.124578, 23.196745],
              [73.120681, 23.186564],
              [73.11451, 23.184966],
              [73.115109, 23.183394],
              [73.093482, 23.168416],
              [73.086343, 23.168288],
              [73.082456, 23.170756],
              [73.075157, 23.167246],
              [73.068133, 23.159248],
              [73.044497, 23.165378],
              [73.037981, 23.161578],
              [73.033459, 23.162298],
              [73.032219, 23.168189],
              [73.025829, 23.165196],
              [73.023119, 23.165759],
              [73.021803, 23.169347],
              [73.018951, 23.169088],
              [73.019734, 23.161138],
              [73.011971, 23.15944],
              [73.013601, 23.155057],
              [73.01184, 23.15246],
              [73.014661, 23.149017],
              [73.01402, 23.14358],
              [73.02506, 23.142969],
              [73.028079, 23.139088],
              [73.029449, 23.1348],
              [73.025943, 23.130012],
              [73.015621, 23.126249],
              [72.994607, 23.132936],
              [72.979136, 23.127781],
              [72.974647, 23.11825],
              [72.978357, 23.109803],
              [72.975759, 23.107835],
              [72.966373, 23.108037],
              [72.966039, 23.103179],
              [72.971473, 23.103054],
              [72.971491, 23.101384],
              [72.965982, 23.10115],
              [72.964916, 23.090441],
              [72.955189, 23.08547],
              [72.958251, 23.073625],
              [72.941733, 23.073344],
              [72.939651, 23.077214],
              [72.930091, 23.076184],
              [72.925481, 23.080624],
              [72.926055, 23.074086],
              [72.922912, 23.075067],
              [72.922101, 23.071898],
              [72.923735, 23.069315],
              [72.906456, 23.065066],
              [72.913815, 23.054757],
              [72.913502, 23.051949],
              [72.908457, 23.047877],
              [72.908596, 23.041466],
              [72.905454, 23.039959],
              [72.904633, 23.030609],
              [72.898096, 23.029567],
              [72.892119, 23.021201],
              [72.890816, 23.018791],
              [72.892698, 23.014691],
              [72.880319, 23.016132],
              [72.876749, 23.014751],
              [72.877319, 23.010981],
              [72.875081, 23.008683],
              [72.860849, 23.008402],
              [72.859083, 23.011409],
              [72.853093, 23.012903],
              [72.843012, 23.010169],
              [72.848803, 23.002603],
              [72.848462, 22.999171],
              [72.838382, 22.996334],
              [72.830354, 22.984092],
              [72.831945, 22.980273],
              [72.838712, 22.982013],
              [72.839315, 22.970504],
              [72.842622, 22.967114],
              [72.840794, 22.962874],
              [72.838395, 22.964363],
              [72.827072, 22.954423],
              [72.825394, 22.956996],
              [72.819335, 22.953897],
              [72.810467, 22.943225],
              [72.804866, 22.941696],
              [72.805875, 22.932676],
              [72.797579, 22.931367],
              [72.799287, 22.919308],
              [72.788918, 22.915199],
              [72.791208, 22.907949],
              [72.775822, 22.906618],
              [72.771132, 22.909319],
              [72.76007, 22.906991],
              [72.757601, 22.91029],
              [72.747705, 22.909328],
              [72.742014, 22.90572],
              [72.742012, 22.90865],
              [72.736475, 22.908261],
              [72.737625, 22.913439],
              [72.724578, 22.914319],
              [72.723604, 22.909159],
              [72.715396, 22.908221],
              [72.715886, 22.904739],
              [72.706568, 22.889691],
              [72.699641, 22.883812],
              [72.689181, 22.879613],
              [72.683783, 22.881809],
              [72.673613, 22.88058],
              [72.667734, 22.88772],
              [72.670752, 22.891621],
              [72.667552, 22.89545],
              [72.655855, 22.893241],
              [72.647927, 22.893901],
              [72.643775, 22.897392],
              [72.634705, 22.889063],
              [72.633769, 22.881762],
              [72.620739, 22.88388],
              [72.61534, 22.887731],
              [72.608099, 22.886191],
              [72.605332, 22.877612],
              [72.599013, 22.872193],
              [72.600471, 22.866143],
              [72.602839, 22.864545],
              [72.606513, 22.865923],
              [72.608632, 22.862744],
              [72.602171, 22.835626],
              [72.607819, 22.822926],
              [72.606221, 22.822366],
              [72.608039, 22.813575],
              [72.598541, 22.815868],
              [72.597634, 22.824907],
              [72.583333, 22.823527],
              [72.581416, 22.819065],
              [72.570347, 22.826887],
              [72.549998, 22.814959],
              [72.547748, 22.806519],
              [72.538651, 22.806049],
              [72.522051, 22.7958],
              [72.51996, 22.78615],
              [72.514312, 22.778872],
              [72.52977, 22.76731],
              [72.527268, 22.766319],
              [72.527691, 22.760604],
              [72.521273, 22.755732],
              [72.5209, 22.752504],
              [72.539668, 22.751291],
              [72.535807, 22.745214],
              [72.524781, 22.738344],
              [72.523889, 22.733233],
              [72.540656, 22.711466],
              [72.53727, 22.708994],
              [72.522313, 22.712313],
              [72.518131, 22.707665],
              [72.517981, 22.700585],
              [72.523342, 22.695888],
              [72.544078, 22.693028],
              [72.545039, 22.690035],
              [72.542228, 22.686426],
              [72.526408, 22.681459],
              [72.527072, 22.67801],
              [72.531478, 22.674938],
              [72.549126, 22.672757],
              [72.547885, 22.664359],
              [72.560257, 22.664658],
              [72.559986, 22.66021],
              [72.569325, 22.65368],
              [72.559254, 22.65392],
              [72.549799, 22.65076],
              [72.541517, 22.654431],
              [72.537257, 22.652248],
              [72.531659, 22.642921],
              [72.53542, 22.626262],
              [72.529171, 22.626282],
              [72.523609, 22.62957],
              [72.52152, 22.626223],
              [72.517692, 22.632623],
              [72.511801, 22.633192],
              [72.50585, 22.625232],
              [72.505091, 22.614025],
              [72.51605, 22.611762],
              [72.521068, 22.599434],
              [72.52599, 22.598123],
              [72.525788, 22.587557],
              [72.533568, 22.588104],
              [72.532938, 22.569289],
              [72.546697, 22.569878],
              [72.554088, 22.567827],
              [72.552426, 22.555816],
              [72.557454, 22.552739],
              [72.557635, 22.541501],
              [72.567346, 22.543527],
              [72.567564, 22.520012],
              [72.573673, 22.521319],
              [72.574924, 22.515002],
              [72.572432, 22.511611],
              [72.576522, 22.504062],
              [72.588919, 22.50021],
              [72.596698, 22.502532],
              [72.59942, 22.500762],
              [72.6044, 22.504971],
              [72.604749, 22.509572],
              [72.618969, 22.513321],
              [72.621398, 22.509501],
              [72.627808, 22.509673],
              [72.628615, 22.507302],
              [72.638766, 22.503409],
              [72.640987, 22.50456],
              [72.638587, 22.507162],
              [72.650901, 22.509688],
              [72.652231, 22.50101],
              [72.671369, 22.505931],
              [72.666983, 22.530297],
              [72.642346, 22.528879],
              [72.641103, 22.535341],
              [72.643655, 22.539869],
              [72.647204, 22.540907],
              [72.649042, 22.547508],
              [72.655513, 22.552207],
              [72.661201, 22.553019],
              [72.660522, 22.558406],
              [72.67134, 22.564056],
              [72.668504, 22.572496],
              [72.673119, 22.576766],
              [72.675291, 22.585962],
              [72.691319, 22.590273],
              [72.694241, 22.588926],
              [72.697597, 22.581944],
              [72.710468, 22.589735],
              [72.705737, 22.599455],
              [72.693959, 22.598905],
              [72.69382, 22.602932],
              [72.691257, 22.602432],
              [72.688968, 22.605382],
              [72.690268, 22.608804],
              [72.685449, 22.620103],
              [72.685619, 22.629191],
              [72.708477, 22.633741],
              [72.714409, 22.630672],
              [72.714259, 22.624631],
              [72.717294, 22.624769],
              [72.718908, 22.630859],
              [72.724874, 22.62844],
              [72.728207, 22.629662],
              [72.733765, 22.640548],
              [72.740725, 22.645189],
              [72.747232, 22.641197],
              [72.742787, 22.6408],
              [72.745548, 22.637632],
              [72.74017, 22.628162],
              [72.738421, 22.629055],
              [72.737818, 22.625906],
              [72.732329, 22.624457],
              [72.734296, 22.617656],
              [72.73786, 22.615763],
              [72.737682, 22.613268],
              [72.735552, 22.614085],
              [72.736061, 22.610823],
              [72.75209, 22.614739],
              [72.756949, 22.612637],
              [72.750428, 22.597341],
              [72.752189, 22.592854],
              [72.776981, 22.588509],
              [72.779463, 22.590141],
              [72.776372, 22.593955],
              [72.770945, 22.612255],
              [72.777593, 22.615695],
              [72.776734, 22.619816],
              [72.790206, 22.623264],
              [72.795904, 22.61408],
              [72.796035, 22.609358],
              [72.801772, 22.608694],
              [72.808262, 22.611514],
              [72.8105, 22.608145],
              [72.821896, 22.607183],
              [72.822523, 22.603603],
              [72.827201, 22.603943],
              [72.827242, 22.595793],
              [72.83054, 22.594295],
              [72.839719, 22.598695],
              [72.843362, 22.597305],
              [72.850621, 22.601704],
              [72.849798, 22.605745],
              [72.856426, 22.609511],
              [72.853809, 22.618392],
              [72.860209, 22.617101],
              [72.871886, 22.620389],
              [72.875028, 22.603511],
              [72.862977, 22.600865],
              [72.863046, 22.593745],
              [72.85972, 22.591415],
              [72.867209, 22.582434],
              [72.878883, 22.585545],
              [72.897585, 22.594953],
              [72.900745, 22.590343],
              [72.91741, 22.594723],
              [72.92501, 22.605991],
              [72.92978, 22.62917],
              [72.940928, 22.630051],
              [72.961866, 22.63615],
              [72.962775, 22.63391],
              [72.975115, 22.641709],
              [72.976315, 22.65287],
              [72.984863, 22.653677],
              [72.991801, 22.671985],
              [72.992195, 22.687874],
              [72.995183, 22.688246],
              [72.997333, 22.700031],
              [73.009209, 22.705346],
              [73.008499, 22.710985],
              [73.003993, 22.715574],
              [73.005539, 22.717227],
              [73.003563, 22.722694],
              [73.011629, 22.726975],
              [73.02172, 22.725433],
              [73.025169, 22.735035],
              [73.032607, 22.734384],
              [73.033788, 22.730213],
              [73.038987, 22.728974],
              [73.039777, 22.726234],
              [73.037008, 22.726025],
              [73.036768, 22.721297],
              [73.042488, 22.718596],
              [73.041306, 22.717146],
              [73.044684, 22.716226],
              [73.044316, 22.713206],
              [73.052417, 22.718415],
              [73.060904, 22.719056],
              [73.065334, 22.717007],
              [73.074862, 22.722334],
              [73.078542, 22.720457],
              [73.085773, 22.725114],
              [73.099678, 22.727636],
              [73.100589, 22.724746],
              [73.096959, 22.723034],
              [73.09748, 22.717797],
              [73.104488, 22.719636],
              [73.112748, 22.718453],
              [73.124828, 22.722093],
              [73.136465, 22.717415],
              [73.141954, 22.711554],
              [73.143632, 22.704808],
              [73.145505, 22.704776],
              [73.145645, 22.697326],
              [73.157924, 22.681408],
              [73.182761, 22.687108],
              [73.202305, 22.683298],
              [73.203717, 22.677829],
              [73.201167, 22.676408],
              [73.201396, 22.668958],
              [73.199816, 22.671429],
              [73.194508, 22.670487],
              [73.196306, 22.666121],
              [73.200227, 22.666027],
              [73.207754, 22.651499],
              [73.212974, 22.651451],
              [73.212466, 22.644091],
              [73.218763, 22.636833],
              [73.216786, 22.633939],
              [73.219713, 22.626032],
              [73.239282, 22.645908],
              [73.260259, 22.656815],
              [73.269237, 22.666484],
              [73.265019, 22.691454],
              [73.255051, 22.705711],
              [73.251861, 22.719412],
              [73.251818, 22.734641],
              [73.25983, 22.750001],
              [73.254999, 22.760309],
              [73.257189, 22.766578],
              [73.262981, 22.775377],
              [73.275519, 22.782077],
              [73.308083, 22.783629],
              [73.315583, 22.781586],
              [73.324453, 22.785996],
              [73.351151, 22.792594],
              [73.363285, 22.798876],
              [73.363236, 22.813193],
              [73.371715, 22.822625],
              [73.373098, 22.836513],
              [73.381906, 22.848139],
              [73.385595, 22.859499],
              [73.382545, 22.870448],
              [73.368025, 22.886829],
              [73.367605, 22.897705],
              [73.370598, 22.903566],
              [73.383084, 22.915427],
              [73.41935, 22.940361],
              [73.414691, 22.945045],
              [73.410672, 22.955082],
              [73.404923, 22.951842],
              [73.404334, 22.955124],
              [73.393442, 22.951433],
              [73.385476, 22.9577],
              [73.382034, 22.950233],
              [73.371825, 22.939645],
              [73.363636, 22.937523],
              [73.350101, 22.924135],
              [73.347878, 22.926175],
              [73.3301, 22.927684],
              [73.330231, 22.930713],
              [73.325813, 22.934825],
              [73.313444, 22.939733],
              [73.312512, 22.942252],
              [73.304325, 22.936836],
              [73.302738, 22.932356],
              [73.28898, 22.935925],
              [73.277978, 22.934623],
              [73.273287, 22.929907],
              [73.26526, 22.928465],
              [73.264428, 22.926244],
              [73.259118, 22.928506],
              [73.259409, 22.947664],
              [73.25098, 22.964051],
              [73.253512, 22.968491],
              [73.271568, 22.974161],
              [73.275827, 22.977762],
              [73.271679, 22.981101],
              [73.264759, 23.000511],
              [73.253034, 23.006711],
              [73.242153, 23.017879],
              [73.246175, 23.026779],
              [73.244595, 23.037738],
              [73.257693, 23.039407],
              [73.275638, 23.049664],
              [73.2735, 23.058073],
              [73.240964, 23.070614],
              [73.237055, 23.086433],
              [73.228996, 23.084334],
              [73.231893, 23.088901],
              [73.226837, 23.101312],
              [73.224978, 23.101322],
              [73.225137, 23.10553],
              [73.217616, 23.10539],
              [73.205846, 23.110083],
              [73.201218, 23.12526],
              [73.202479, 23.145757],
              [73.200341, 23.146209],
              [73.199642, 23.143749],
              [73.195269, 23.146437],
              [73.192099, 23.144949],
              [73.18867, 23.150057],
              [73.188321, 23.146427],
              [73.183781, 23.146438],
              [73.180962, 23.14354],
              [73.18267, 23.14135],
              [73.171004, 23.134541],
              [73.171521, 23.139218],
              [73.160976, 23.149348],
              [73.151025, 23.167157],
              [73.152583, 23.171287],
              [73.158063, 23.173178],
              [73.155494, 23.192936],
              [73.152886, 23.192295],
              [73.141907, 23.198956]
            ]
          ]
        ]
      },
      "properties": {
        "dtname": "Kheda",
        "stname": "Gujarat",
        "stcode11": "24",
        "dtcode11": "483",
        "dist_lgd": 450,
        "state_lgd": 24
      }
    },
    {
      "type": "Feature",
      "geometry": {
        "type": "Polygon",
        "coordinates": [
          [
            [72.77919, 24.102094],
            [72.773648, 24.102253],
            [72.768443, 24.097718],
            [72.768808, 24.09105],
            [72.764344, 24.089196],
            [72.764674, 24.081765],
            [72.759452, 24.07729],
            [72.761919, 24.070666],
            [72.753814, 24.071121],
            [72.752371, 24.078235],
            [72.74939, 24.079],
            [72.734672, 24.076511],
            [72.734784, 24.086722],
            [72.729966, 24.094111],
            [72.713038, 24.099182],
            [72.706444, 24.09134],
            [72.704679, 24.084078],
            [72.696562, 24.07903],
            [72.69074, 24.078256],
            [72.68585, 24.073076],
            [72.670003, 24.071262],
            [72.661415, 24.075233],
            [72.652237, 24.083767],
            [72.65232, 24.080963],
            [72.644851, 24.078324],
            [72.64603, 24.076495],
            [72.644039, 24.075281],
            [72.637224, 24.076104],
            [72.638713, 24.070921],
            [72.635659, 24.064412],
            [72.629165, 24.062033],
            [72.628452, 24.058882],
            [72.620016, 24.053876],
            [72.625256, 24.046097],
            [72.630668, 24.047781],
            [72.636822, 24.042273],
            [72.639892, 24.023895],
            [72.648455, 24.026905],
            [72.648141, 24.00841],
            [72.650723, 23.993976],
            [72.646153, 23.989453],
            [72.637884, 23.993643],
            [72.629064, 23.993725],
            [72.621374, 23.990403],
            [72.618696, 23.985613],
            [72.601789, 23.984663],
            [72.599677, 23.983645],
            [72.600118, 23.97994],
            [72.590908, 23.977384],
            [72.587328, 23.972205],
            [72.589869, 23.965854],
            [72.585719, 23.962346],
            [72.586281, 23.954405],
            [72.589219, 23.954816],
            [72.590566, 23.952434],
            [72.585062, 23.943186],
            [72.586599, 23.938397],
            [72.584149, 23.938288],
            [72.584351, 23.936019],
            [72.57418, 23.936398],
            [72.565925, 23.933529],
            [72.560264, 23.938406],
            [72.548585, 23.938148],
            [72.545484, 23.940399],
            [72.534647, 23.93508],
            [72.528886, 23.942566],
            [72.524729, 23.944098],
            [72.510689, 23.934599],
            [72.487334, 23.931959],
            [72.486683, 23.934149],
            [72.481211, 23.93409],
            [72.480672, 23.931948],
            [72.482488, 23.932779],
            [72.477626, 23.926146],
            [72.478255, 23.917185],
            [72.474117, 23.906013],
            [72.475477, 23.903581],
            [72.471481, 23.899359],
            [72.47306, 23.893914],
            [72.46838, 23.890964],
            [72.462657, 23.890477],
            [72.461055, 23.894361],
            [72.455796, 23.895779],
            [72.452335, 23.906489],
            [72.444849, 23.906854],
            [72.441701, 23.898736],
            [72.435431, 23.899199],
            [72.432413, 23.905694],
            [72.429615, 23.905325],
            [72.430529, 23.896205],
            [72.422702, 23.900163],
            [72.420516, 23.893751],
            [72.416503, 23.894344],
            [72.414878, 23.886741],
            [72.407695, 23.885559],
            [72.402546, 23.876767],
            [72.402904, 23.872524],
            [72.399402, 23.870495],
            [72.397524, 23.869927],
            [72.396371, 23.873627],
            [72.392548, 23.875151],
            [72.390406, 23.871187],
            [72.385924, 23.872333],
            [72.382371, 23.867102],
            [72.376429, 23.866579],
            [72.371543, 23.86885],
            [72.369871, 23.875498],
            [72.365802, 23.879791],
            [72.359908, 23.880129],
            [72.356597, 23.883386],
            [72.346288, 23.877909],
            [72.337082, 23.87796],
            [72.329241, 23.881104],
            [72.324845, 23.877009],
            [72.323168, 23.87104],
            [72.326011, 23.868784],
            [72.324491, 23.855193],
            [72.326148, 23.851256],
            [72.321066, 23.852358],
            [72.316651, 23.849663],
            [72.296626, 23.852062],
            [72.292875, 23.849018],
            [72.296674, 23.84089],
            [72.302097, 23.842138],
            [72.303544, 23.83427],
            [72.308273, 23.827288],
            [72.307162, 23.822629],
            [72.314213, 23.824289],
            [72.318061, 23.811821],
            [72.309485, 23.808179],
            [72.307924, 23.809849],
            [72.307245, 23.803582],
            [72.301215, 23.802912],
            [72.300335, 23.79795],
            [72.302786, 23.79312],
            [72.298932, 23.788721],
            [72.299303, 23.784004],
            [72.294265, 23.782322],
            [72.294934, 23.780034],
            [72.297956, 23.779173],
            [72.299774, 23.775124],
            [72.304292, 23.775271],
            [72.304612, 23.773023],
            [72.311571, 23.775612],
            [72.312624, 23.768913],
            [72.321214, 23.767214],
            [72.321043, 23.761402],
            [72.319667, 23.757612],
            [72.316674, 23.756935],
            [72.317484, 23.755124],
            [72.305662, 23.750818],
            [72.303121, 23.744285],
            [72.289786, 23.741398],
            [72.290872, 23.734634],
            [72.285711, 23.730542],
            [72.28426, 23.723525],
            [72.288101, 23.714673],
            [72.283384, 23.711382],
            [72.291389, 23.70981],
            [72.284828, 23.689086],
            [72.286041, 23.683545],
            [72.291285, 23.681723],
            [72.296783, 23.685778],
            [72.30413, 23.687254],
            [72.305648, 23.677928],
            [72.309178, 23.67735],
            [72.310583, 23.674545],
            [72.304482, 23.670462],
            [72.30474, 23.668553],
            [72.307384, 23.670343],
            [72.308482, 23.665881],
            [72.304002, 23.658265],
            [72.305121, 23.63891],
            [72.296886, 23.632112],
            [72.29444, 23.621977],
            [72.29106, 23.619358],
            [72.284772, 23.617744],
            [72.282024, 23.623225],
            [72.273383, 23.623977],
            [72.272307, 23.627519],
            [72.265356, 23.629735],
            [72.266087, 23.632798],
            [72.259696, 23.632631],
            [72.258466, 23.636819],
            [72.261334, 23.639314],
            [72.255199, 23.646036],
            [72.24953, 23.643582],
            [72.245176, 23.626139],
            [72.23082, 23.621187],
            [72.228171, 23.61759],
            [72.224618, 23.6181],
            [72.224354, 23.623639],
            [72.220962, 23.626301],
            [72.211158, 23.624619],
            [72.206433, 23.633727],
            [72.194541, 23.632803],
            [72.194964, 23.640064],
            [72.183965, 23.640151],
            [72.179682, 23.637779],
            [72.180034, 23.635543],
            [72.176917, 23.635442],
            [72.177971, 23.632866],
            [72.175438, 23.631893],
            [72.184487, 23.623892],
            [72.179198, 23.618226],
            [72.18069, 23.611987],
            [72.177822, 23.609924],
            [72.157818, 23.602218],
            [72.152819, 23.606356],
            [72.146571, 23.606053],
            [72.145114, 23.60799],
            [72.139292, 23.604783],
            [72.13855, 23.598594],
            [72.13495, 23.59763],
            [72.125448, 23.602252],
            [72.123775, 23.606075],
            [72.1266, 23.606746],
            [72.125303, 23.618463],
            [72.124384, 23.621844],
            [72.120896, 23.621516],
            [72.10902, 23.616186],
            [72.111615, 23.614466],
            [72.113567, 23.602588],
            [72.103801, 23.594251],
            [72.108197, 23.592316],
            [72.106167, 23.590566],
            [72.108955, 23.574837],
            [72.107577, 23.570568],
            [72.102886, 23.568669],
            [72.086315, 23.569261],
            [72.078678, 23.565306],
            [72.077357, 23.56699],
            [72.069064, 23.565598],
            [72.063936, 23.568154],
            [72.061276, 23.565603],
            [72.059203, 23.568076],
            [72.059839, 23.572507],
            [72.063195, 23.573009],
            [72.064299, 23.580424],
            [72.069064, 23.581684],
            [72.070267, 23.590059],
            [72.057633, 23.597407],
            [72.059796, 23.601941],
            [72.055278, 23.604279],
            [72.057126, 23.606145],
            [72.055403, 23.607228],
            [72.06179, 23.61331],
            [72.048029, 23.619923],
            [72.039092, 23.61528],
            [72.0304, 23.616455],
            [72.024533, 23.622932],
            [72.012922, 23.62931],
            [72.002528, 23.620393],
            [71.980928, 23.618499],
            [71.982255, 23.600861],
            [71.969348, 23.599015],
            [71.959631, 23.59332],
            [71.95703, 23.587262],
            [71.940386, 23.583644],
            [71.940467, 23.581141],
            [71.957504, 23.577057],
            [71.959277, 23.550048],
            [71.963712, 23.545168],
            [71.969111, 23.525622],
            [71.979412, 23.51974],
            [71.980584, 23.502256],
            [72.00182, 23.498545],
            [72.027376, 23.508385],
            [72.034445, 23.508186],
            [72.035444, 23.501297],
            [72.031997, 23.488268],
            [72.025768, 23.478029],
            [72.033276, 23.470481],
            [72.033936, 23.45723],
            [72.042876, 23.458292],
            [72.051933, 23.443339],
            [72.087737, 23.459419],
            [72.099168, 23.459769],
            [72.109065, 23.449761],
            [72.127562, 23.453888],
            [72.14001, 23.449102],
            [72.142472, 23.452239],
            [72.148329, 23.449909],
            [72.153042, 23.451348],
            [72.154803, 23.448061],
            [72.171756, 23.444219],
            [72.17176, 23.427519],
            [72.179815, 23.420343],
            [72.191007, 23.416573],
            [72.191695, 23.422392],
            [72.204434, 23.421361],
            [72.211735, 23.424003],
            [72.209875, 23.43055],
            [72.211392, 23.438721],
            [72.225283, 23.437828],
            [72.229171, 23.429649],
            [72.232908, 23.428771],
            [72.239432, 23.430581],
            [72.238418, 23.440162],
            [72.242801, 23.438872],
            [72.243349, 23.445097],
            [72.247318, 23.445559],
            [72.247646, 23.440022],
            [72.249659, 23.440571],
            [72.249636, 23.438014],
            [72.253311, 23.435833],
            [72.2523, 23.433696],
            [72.261461, 23.424499],
            [72.257342, 23.421034],
            [72.256601, 23.41333],
            [72.289284, 23.398771],
            [72.288483, 23.393172],
            [72.273545, 23.386242],
            [72.274875, 23.379715],
            [72.260247, 23.374563],
            [72.267028, 23.352825],
            [72.261095, 23.348658],
            [72.258576, 23.343617],
            [72.254058, 23.343808],
            [72.252859, 23.339446],
            [72.248279, 23.33735],
            [72.250944, 23.332939],
            [72.23739, 23.32603],
            [72.230932, 23.325638],
            [72.230128, 23.329227],
            [72.224511, 23.3231],
            [72.22136, 23.312858],
            [72.217422, 23.315619],
            [72.208754, 23.313759],
            [72.208084, 23.305841],
            [72.200334, 23.29389],
            [72.200473, 23.279483],
            [72.183007, 23.282253],
            [72.174925, 23.272852],
            [72.174978, 23.259457],
            [72.185146, 23.246925],
            [72.180287, 23.241396],
            [72.184814, 23.224558],
            [72.184955, 23.214088],
            [72.175726, 23.20839],
            [72.170887, 23.19854],
            [72.167697, 23.197687],
            [72.173155, 23.178403],
            [72.183436, 23.169243],
            [72.186225, 23.161603],
            [72.183946, 23.152272],
            [72.187882, 23.144152],
            [72.161859, 23.140273],
            [72.163955, 23.131135],
            [72.161188, 23.116178],
            [72.155609, 23.115466],
            [72.156389, 23.113285],
            [72.154417, 23.112955],
            [72.160298, 23.109135],
            [72.159506, 23.105717],
            [72.191203, 23.106885],
            [72.194994, 23.114486],
            [72.194455, 23.118744],
            [72.216101, 23.121957],
            [72.219979, 23.124943],
            [72.23788, 23.120475],
            [72.242927, 23.114746],
            [72.241876, 23.112544],
            [72.257647, 23.106756],
            [72.261253, 23.101634],
            [72.256536, 23.087387],
            [72.279074, 23.084566],
            [72.282742, 23.080148],
            [72.282992, 23.064757],
            [72.28037, 23.059451],
            [72.288362, 23.052028],
            [72.290109, 23.043401],
            [72.295361, 23.038803],
            [72.302948, 23.045683],
            [72.322986, 23.055768],
            [72.322869, 23.068039],
            [72.305261, 23.084869],
            [72.305831, 23.096617],
            [72.310367, 23.102348],
            [72.318857, 23.106956],
            [72.336507, 23.107065],
            [72.341725, 23.125984],
            [72.356291, 23.124474],
            [72.362101, 23.112957],
            [72.369033, 23.107873],
            [72.370829, 23.102257],
            [72.367452, 23.097317],
            [72.370722, 23.095986],
            [72.37756, 23.107575],
            [72.385892, 23.111354],
            [72.386781, 23.118374],
            [72.39008, 23.119205],
            [72.391047, 23.122234],
            [72.402788, 23.125492],
            [72.401027, 23.133782],
            [72.417454, 23.130695],
            [72.427383, 23.143622],
            [72.429003, 23.15099],
            [72.417935, 23.155382],
            [72.418544, 23.151174],
            [72.416396, 23.149973],
            [72.397408, 23.147932],
            [72.386872, 23.153952],
            [72.38388, 23.170959],
            [72.397359, 23.179911],
            [72.403959, 23.18838],
            [72.415299, 23.18686],
            [72.415494, 23.203407],
            [72.422764, 23.209247],
            [72.437165, 23.199747],
            [72.439023, 23.195367],
            [72.447883, 23.195417],
            [72.448912, 23.200627],
            [72.439746, 23.204306],
            [72.440193, 23.210098],
            [72.437816, 23.213878],
            [72.439366, 23.216207],
            [72.432583, 23.222756],
            [72.431257, 23.239362],
            [72.426275, 23.243843],
            [72.426395, 23.248904],
            [72.446484, 23.244625],
            [72.446064, 23.255375],
            [72.433095, 23.263841],
            [72.425667, 23.262543],
            [72.427043, 23.257622],
            [72.423095, 23.257623],
            [72.423375, 23.262101],
            [72.412107, 23.280791],
            [72.415725, 23.283341],
            [72.427058, 23.306241],
            [72.437124, 23.310757],
            [72.448183, 23.304431],
            [72.450863, 23.297992],
            [72.463234, 23.297498],
            [72.465323, 23.300481],
            [72.475038, 23.302526],
            [72.476335, 23.306722],
            [72.459144, 23.313572],
            [72.480382, 23.313023],
            [72.484521, 23.318907],
            [72.480242, 23.33234],
            [72.471799, 23.344547],
            [72.477193, 23.346054],
            [72.485121, 23.340622],
            [72.488738, 23.340623],
            [72.500759, 23.346405],
            [72.506108, 23.346156],
            [72.511385, 23.350196],
            [72.521326, 23.350564],
            [72.519817, 23.354464],
            [72.521514, 23.354366],
            [72.524774, 23.363266],
            [72.519717, 23.369674],
            [72.517943, 23.368675],
            [72.510256, 23.373415],
            [72.503925, 23.381455],
            [72.504108, 23.384521],
            [72.507334, 23.386713],
            [72.511474, 23.396003],
            [72.527336, 23.404632],
            [72.524093, 23.416869],
            [72.526332, 23.42502],
            [72.530903, 23.42356],
            [72.540819, 23.429379],
            [72.536322, 23.431483],
            [72.537044, 23.437195],
            [72.533925, 23.441994],
            [72.540017, 23.44237],
            [72.545555, 23.453758],
            [72.554991, 23.456777],
            [72.567947, 23.455453],
            [72.567811, 23.458543],
            [72.575072, 23.464743],
            [72.576512, 23.488088],
            [72.584237, 23.521862],
            [72.602181, 23.519235],
            [72.605148, 23.510674],
            [72.613689, 23.509625],
            [72.620431, 23.512529],
            [72.621124, 23.539282],
            [72.62692, 23.543922],
            [72.623465, 23.55482],
            [72.62823, 23.559697],
            [72.646896, 23.56758],
            [72.655313, 23.566549],
            [72.654497, 23.551019],
            [72.660756, 23.550265],
            [72.662977, 23.556669],
            [72.679262, 23.555009],
            [72.675758, 23.53052],
            [72.685721, 23.531702],
            [72.686487, 23.527776],
            [72.691841, 23.522717],
            [72.697902, 23.523145],
            [72.698942, 23.527459],
            [72.704143, 23.529304],
            [72.724159, 23.526022],
            [72.724939, 23.52116],
            [72.730355, 23.520442],
            [72.730098, 23.511659],
            [72.724965, 23.502234],
            [72.720304, 23.498448],
            [72.719111, 23.500333],
            [72.717042, 23.498899],
            [72.718329, 23.496296],
            [72.722599, 23.495968],
            [72.728574, 23.506251],
            [72.731432, 23.506977],
            [72.734026, 23.502774],
            [72.740014, 23.50302],
            [72.741594, 23.506101],
            [72.762474, 23.502621],
            [72.764765, 23.511019],
            [72.771709, 23.517591],
            [72.785752, 23.503031],
            [72.797853, 23.502876],
            [72.802814, 23.507501],
            [72.818267, 23.500081],
            [72.825844, 23.501767],
            [72.827455, 23.514513],
            [72.833843, 23.518365],
            [72.833887, 23.520573],
            [72.82714, 23.519749],
            [72.823438, 23.522945],
            [72.832477, 23.534451],
            [72.8317, 23.544238],
            [72.807764, 23.565507],
            [72.806933, 23.58097],
            [72.812708, 23.591166],
            [72.827981, 23.594923],
            [72.841333, 23.603454],
            [72.840386, 23.610312],
            [72.842237, 23.613328],
            [72.830452, 23.619673],
            [72.815494, 23.640372],
            [72.817863, 23.645889],
            [72.83377, 23.663352],
            [72.834233, 23.672264],
            [72.830101, 23.688574],
            [72.820071, 23.69992],
            [72.810715, 23.722589],
            [72.801025, 23.73407],
            [72.800758, 23.746065],
            [72.794845, 23.759391],
            [72.804583, 23.785169],
            [72.814432, 23.798549],
            [72.804901, 23.813095],
            [72.796082, 23.815457],
            [72.789552, 23.821904],
            [72.788696, 23.833226],
            [72.790716, 23.851245],
            [72.802451, 23.869534],
            [72.803852, 23.875783],
            [72.804813, 23.915221],
            [72.809181, 23.92023],
            [72.827369, 23.927319],
            [72.830461, 23.931528],
            [72.829988, 23.936877],
            [72.818603, 23.948475],
            [72.827661, 23.961656],
            [72.845507, 23.967886],
            [72.851588, 23.973182],
            [72.857034, 23.989945],
            [72.85199, 24.010567],
            [72.858864, 24.020946],
            [72.866653, 24.024725],
            [72.860367, 24.029609],
            [72.856265, 24.045531],
            [72.839081, 24.039853],
            [72.834725, 24.04345],
            [72.828537, 24.042975],
            [72.819519, 24.048443],
            [72.815302, 24.057258],
            [72.808859, 24.05867],
            [72.80262, 24.073423],
            [72.799468, 24.075854],
            [72.797216, 24.074665],
            [72.792207, 24.079557],
            [72.79361, 24.085594],
            [72.789915, 24.087822],
            [72.785255, 24.100252],
            [72.77919, 24.102094]
          ]
        ]
      },
      "properties": {
        "dtname": "Mahesana",
        "stname": "Gujarat",
        "stcode11": "24",
        "dtcode11": "471",
        "dist_lgd": 451,
        "state_lgd": 24
      }
    },
    {
      "type": "Feature",
      "geometry": {
        "type": "Polygon",
        "coordinates": [
          [
            [72.650547, 23.566246],
            [72.646896, 23.56758],
            [72.623906, 23.556568],
            [72.623941, 23.548521],
            [72.62692, 23.543922],
            [72.621124, 23.539282],
            [72.62127, 23.515502],
            [72.619501, 23.511511],
            [72.613689, 23.509625],
            [72.605148, 23.510674],
            [72.602181, 23.519235],
            [72.584237, 23.521862],
            [72.576512, 23.488088],
            [72.575072, 23.464743],
            [72.567811, 23.458543],
            [72.567947, 23.455453],
            [72.554991, 23.456777],
            [72.545555, 23.453758],
            [72.540017, 23.44237],
            [72.533925, 23.441994],
            [72.537044, 23.437195],
            [72.536322, 23.431483],
            [72.540819, 23.429379],
            [72.530903, 23.42356],
            [72.526332, 23.42502],
            [72.524093, 23.416869],
            [72.527336, 23.404632],
            [72.511474, 23.396003],
            [72.507334, 23.386713],
            [72.504108, 23.384521],
            [72.503925, 23.381455],
            [72.510256, 23.373415],
            [72.517943, 23.368675],
            [72.519717, 23.369674],
            [72.524774, 23.363266],
            [72.521514, 23.354366],
            [72.519817, 23.354464],
            [72.521326, 23.350564],
            [72.511385, 23.350196],
            [72.506108, 23.346156],
            [72.500759, 23.346405],
            [72.488738, 23.340623],
            [72.485121, 23.340622],
            [72.477193, 23.346054],
            [72.471799, 23.344547],
            [72.480242, 23.33234],
            [72.484521, 23.318907],
            [72.480382, 23.313023],
            [72.459144, 23.313572],
            [72.476335, 23.306722],
            [72.475038, 23.302526],
            [72.465323, 23.300481],
            [72.463234, 23.297498],
            [72.450863, 23.297992],
            [72.448183, 23.304431],
            [72.437124, 23.310757],
            [72.427058, 23.306241],
            [72.415725, 23.283341],
            [72.412107, 23.280791],
            [72.423375, 23.262101],
            [72.423095, 23.257623],
            [72.427043, 23.257622],
            [72.425667, 23.262543],
            [72.433095, 23.263841],
            [72.446064, 23.255375],
            [72.446484, 23.244625],
            [72.426395, 23.248904],
            [72.426275, 23.243843],
            [72.431257, 23.239362],
            [72.432583, 23.222756],
            [72.439366, 23.216207],
            [72.437816, 23.213878],
            [72.440193, 23.210098],
            [72.439746, 23.204306],
            [72.448912, 23.200627],
            [72.448093, 23.195846],
            [72.439023, 23.195367],
            [72.437165, 23.199747],
            [72.422764, 23.209247],
            [72.415494, 23.203407],
            [72.415299, 23.18686],
            [72.402347, 23.187491],
            [72.397359, 23.179911],
            [72.384261, 23.171799],
            [72.38406, 23.163672],
            [72.386872, 23.153952],
            [72.397408, 23.147932],
            [72.416396, 23.149973],
            [72.418544, 23.151174],
            [72.417935, 23.155382],
            [72.429003, 23.15099],
            [72.427383, 23.143622],
            [72.417454, 23.130695],
            [72.401027, 23.133782],
            [72.402788, 23.125492],
            [72.391047, 23.122234],
            [72.39008, 23.119205],
            [72.386781, 23.118374],
            [72.385892, 23.111354],
            [72.37756, 23.107575],
            [72.370722, 23.095986],
            [72.367452, 23.097317],
            [72.370829, 23.102257],
            [72.369033, 23.107873],
            [72.362101, 23.112957],
            [72.356291, 23.124474],
            [72.341725, 23.125984],
            [72.336507, 23.107065],
            [72.345167, 23.099026],
            [72.348643, 23.090457],
            [72.355984, 23.088237],
            [72.3655, 23.090206],
            [72.369502, 23.093597],
            [72.375163, 23.080937],
            [72.384269, 23.079677],
            [72.381028, 23.07337],
            [72.38114, 23.060661],
            [72.388087, 23.054949],
            [72.387247, 23.051739],
            [72.397367, 23.057241],
            [72.403027, 23.05715],
            [72.403346, 23.06516],
            [72.407216, 23.067908],
            [72.414666, 23.064597],
            [72.427635, 23.064968],
            [72.430255, 23.063238],
            [72.431052, 23.05568],
            [72.426604, 23.047888],
            [72.435174, 23.04351],
            [72.447421, 23.047541],
            [72.448809, 23.060458],
            [72.452943, 23.062569],
            [72.461978, 23.060347],
            [72.471778, 23.063628],
            [72.47396, 23.07221],
            [72.465788, 23.081637],
            [72.460219, 23.079537],
            [72.45971, 23.083939],
            [72.475679, 23.086968],
            [72.478667, 23.095075],
            [72.48171, 23.097235],
            [72.498008, 23.099725],
            [72.498976, 23.112302],
            [72.486467, 23.125265],
            [72.484515, 23.132404],
            [72.486087, 23.137794],
            [72.483056, 23.144433],
            [72.487616, 23.144922],
            [72.493916, 23.141793],
            [72.504986, 23.144163],
            [72.504215, 23.155003],
            [72.511823, 23.159839],
            [72.518495, 23.150521],
            [72.530761, 23.148533],
            [72.53743, 23.164411],
            [72.548578, 23.16401],
            [72.540892, 23.1488],
            [72.54332, 23.14565],
            [72.541881, 23.136963],
            [72.539742, 23.137314],
            [72.54058, 23.132271],
            [72.55233, 23.133993],
            [72.557878, 23.138632],
            [72.562619, 23.13727],
            [72.566976, 23.132454],
            [72.567935, 23.126852],
            [72.563078, 23.116035],
            [72.569077, 23.11613],
            [72.571497, 23.122113],
            [72.578213, 23.118196],
            [72.582696, 23.129919],
            [72.597035, 23.131938],
            [72.608541, 23.12907],
            [72.614346, 23.123293],
            [72.612961, 23.115246],
            [72.61861, 23.115051],
            [72.609905, 23.100788],
            [72.610359, 23.091514],
            [72.637367, 23.091983],
            [72.642809, 23.095265],
            [72.646627, 23.101215],
            [72.650384, 23.100583],
            [72.654917, 23.094776],
            [72.659955, 23.096955],
            [72.665254, 23.094837],
            [72.672135, 23.108063],
            [72.680525, 23.106602],
            [72.681094, 23.102575],
            [72.683803, 23.101693],
            [72.69048, 23.102986],
            [72.699891, 23.112003],
            [72.71035, 23.110733],
            [72.716318, 23.094774],
            [72.733116, 23.099752],
            [72.732465, 23.098015],
            [72.736097, 23.098486],
            [72.736176, 23.100274],
            [72.741015, 23.097404],
            [72.744165, 23.099884],
            [72.743985, 23.089035],
            [72.764402, 23.096036],
            [72.77522, 23.085604],
            [72.778149, 23.077375],
            [72.770903, 23.070156],
            [72.766071, 23.059615],
            [72.789789, 23.058469],
            [72.797537, 23.051136],
            [72.794487, 23.044218],
            [72.805126, 23.03662],
            [72.810969, 23.038591],
            [72.815336, 23.037369],
            [72.814898, 23.033739],
            [72.810645, 23.032667],
            [72.811797, 23.030541],
            [72.806936, 23.026259],
            [72.811547, 23.022649],
            [72.815366, 23.023269],
            [72.818266, 23.017242],
            [72.823416, 23.019289],
            [72.824564, 23.014562],
            [72.819058, 23.01405],
            [72.819375, 23.012141],
            [72.822507, 23.011099],
            [72.824124, 23.005699],
            [72.833425, 23.00293],
            [72.836534, 22.99655],
            [72.848462, 22.999171],
            [72.848803, 23.002603],
            [72.843012, 23.010169],
            [72.845641, 23.011633],
            [72.853093, 23.012903],
            [72.859083, 23.011409],
            [72.860849, 23.008402],
            [72.875081, 23.008683],
            [72.877319, 23.010981],
            [72.876749, 23.014751],
            [72.880319, 23.016132],
            [72.892698, 23.014691],
            [72.890816, 23.018791],
            [72.892119, 23.021201],
            [72.898096, 23.029567],
            [72.904633, 23.030609],
            [72.905454, 23.039959],
            [72.908596, 23.041466],
            [72.908457, 23.047877],
            [72.913502, 23.051949],
            [72.913815, 23.054757],
            [72.906456, 23.065066],
            [72.923735, 23.069315],
            [72.922101, 23.071898],
            [72.922912, 23.075067],
            [72.926055, 23.074086],
            [72.925481, 23.080624],
            [72.930091, 23.076184],
            [72.939651, 23.077214],
            [72.941733, 23.073344],
            [72.958251, 23.073625],
            [72.955189, 23.08547],
            [72.964916, 23.090441],
            [72.965982, 23.10115],
            [72.971491, 23.101384],
            [72.971473, 23.103054],
            [72.966039, 23.103179],
            [72.966373, 23.108037],
            [72.977746, 23.108827],
            [72.97484, 23.121643],
            [72.984644, 23.131087],
            [72.996625, 23.132924],
            [73.015621, 23.126249],
            [73.02444, 23.1289],
            [73.02883, 23.13345],
            [73.02893, 23.137509],
            [73.02506, 23.142969],
            [73.01402, 23.14358],
            [73.014661, 23.149017],
            [73.01184, 23.15246],
            [73.013601, 23.155057],
            [73.01143, 23.158139],
            [73.014104, 23.160258],
            [73.012771, 23.161418],
            [72.981336, 23.159317],
            [72.975658, 23.159867],
            [72.971188, 23.163559],
            [72.973545, 23.168158],
            [72.983148, 23.171529],
            [72.984435, 23.174855],
            [72.977538, 23.178377],
            [72.980365, 23.190764],
            [72.986234, 23.200616],
            [72.981698, 23.202416],
            [72.984765, 23.208192],
            [72.982934, 23.209056],
            [72.981445, 23.222453],
            [72.986208, 23.228043],
            [72.989706, 23.250772],
            [72.999912, 23.270255],
            [73.017009, 23.278304],
            [73.004186, 23.282927],
            [72.995307, 23.290268],
            [72.987104, 23.282527],
            [72.977796, 23.284578],
            [72.969807, 23.280258],
            [72.960541, 23.281058],
            [72.958739, 23.275389],
            [72.965821, 23.275931],
            [72.977626, 23.26693],
            [72.978366, 23.263991],
            [72.970158, 23.26521],
            [72.96772, 23.260069],
            [72.970606, 23.257291],
            [72.96932, 23.25577],
            [72.963049, 23.26032],
            [72.959779, 23.259189],
            [72.95917, 23.25355],
            [72.963288, 23.251751],
            [72.959832, 23.241424],
            [72.955649, 23.240713],
            [72.947855, 23.252582],
            [72.944891, 23.250526],
            [72.94451, 23.241454],
            [72.936144, 23.23906],
            [72.933611, 23.243752],
            [72.929941, 23.242774],
            [72.932161, 23.246813],
            [72.927222, 23.249],
            [72.927045, 23.25868],
            [72.918975, 23.263762],
            [72.920445, 23.291049],
            [72.914986, 23.29087],
            [72.898826, 23.281139],
            [72.893518, 23.281998],
            [72.883691, 23.288419],
            [72.884449, 23.293317],
            [72.914157, 23.296667],
            [72.912604, 23.317765],
            [72.915587, 23.322545],
            [72.908416, 23.324967],
            [72.894268, 23.324798],
            [72.884348, 23.322447],
            [72.883228, 23.312997],
            [72.871183, 23.314975],
            [72.865043, 23.313498],
            [72.854861, 23.315416],
            [72.854401, 23.317714],
            [72.833767, 23.331494],
            [72.828326, 23.328937],
            [72.825896, 23.330336],
            [72.810286, 23.318867],
            [72.801061, 23.319049],
            [72.796918, 23.331525],
            [72.804559, 23.334147],
            [72.804801, 23.347945],
            [72.80777, 23.355856],
            [72.79776, 23.355535],
            [72.794361, 23.357723],
            [72.787033, 23.354035],
            [72.775012, 23.356502],
            [72.765023, 23.354744],
            [72.760756, 23.358745],
            [72.764485, 23.367371],
            [72.746589, 23.374563],
            [72.752744, 23.387223],
            [72.740687, 23.393159],
            [72.730711, 23.388692],
            [72.723438, 23.389781],
            [72.726859, 23.398221],
            [72.734127, 23.403331],
            [72.759853, 23.40731],
            [72.771676, 23.415228],
            [72.778574, 23.414731],
            [72.792552, 23.404761],
            [72.80212, 23.40594],
            [72.80312, 23.410369],
            [72.794632, 23.419968],
            [72.793463, 23.426748],
            [72.80717, 23.440565],
            [72.818878, 23.466723],
            [72.814169, 23.480654],
            [72.79961, 23.494761],
            [72.797853, 23.502876],
            [72.785752, 23.503031],
            [72.771709, 23.517591],
            [72.764765, 23.511019],
            [72.762474, 23.502621],
            [72.741594, 23.506101],
            [72.740014, 23.50302],
            [72.734026, 23.502774],
            [72.731432, 23.506977],
            [72.728574, 23.506251],
            [72.722599, 23.495968],
            [72.718329, 23.496296],
            [72.717042, 23.498899],
            [72.719111, 23.500333],
            [72.720304, 23.498448],
            [72.727725, 23.505274],
            [72.730355, 23.520442],
            [72.724939, 23.52116],
            [72.724159, 23.526022],
            [72.708018, 23.529438],
            [72.700238, 23.528353],
            [72.697902, 23.523145],
            [72.690919, 23.522807],
            [72.685721, 23.531702],
            [72.675758, 23.53052],
            [72.677176, 23.545034],
            [72.680053, 23.551195],
            [72.678631, 23.55603],
            [72.662977, 23.556669],
            [72.660756, 23.550265],
            [72.654497, 23.551019],
            [72.655313, 23.566549],
            [72.650547, 23.566246]
          ]
        ]
      },
      "properties": {
        "dtname": "Gandhinagar",
        "stname": "Gujarat",
        "stcode11": "24",
        "dtcode11": "473",
        "dist_lgd": 446,
        "state_lgd": 24
      }
    },
    {
      "type": "Feature",
      "geometry": {
        "type": "Polygon",
        "coordinates": [
          [
            [72.131701, 24.15462],
            [72.120262, 24.152746],
            [72.120006, 24.143925],
            [72.112112, 24.135894],
            [72.093875, 24.141692],
            [72.089684, 24.138608],
            [72.09288, 24.124154],
            [72.11165, 24.123394],
            [72.116623, 24.12655],
            [72.121994, 24.124789],
            [72.123972, 24.128252],
            [72.144557, 24.127302],
            [72.148132, 24.123893],
            [72.1506, 24.117934],
            [72.147151, 24.113578],
            [72.147076, 24.10455],
            [72.156699, 24.098476],
            [72.157322, 24.094513],
            [72.147926, 24.07662],
            [72.136194, 24.070161],
            [72.132791, 24.06316],
            [72.132584, 24.052867],
            [72.116725, 24.050163],
            [72.101245, 24.054454],
            [72.098174, 24.042915],
            [72.10111, 24.034587],
            [72.092927, 24.033227],
            [72.093692, 24.038761],
            [72.090211, 24.041541],
            [72.085867, 24.03941],
            [72.074463, 24.039456],
            [72.067003, 24.035558],
            [72.065746, 24.032605],
            [72.060708, 24.032499],
            [72.047743, 24.046059],
            [72.031738, 24.053038],
            [72.028684, 24.067378],
            [72.018896, 24.07208],
            [72.012994, 24.068803],
            [72.014782, 24.054323],
            [72.012893, 24.049816],
            [72.019238, 24.045419],
            [72.022462, 24.039367],
            [72.028432, 24.022041],
            [72.027393, 24.019331],
            [72.034965, 24.014027],
            [72.034895, 24.008772],
            [72.050607, 23.998936],
            [72.048317, 23.989547],
            [72.038838, 23.980008],
            [72.02035, 23.978008],
            [72.018011, 23.984208],
            [72.011651, 23.985298],
            [72.009902, 23.978078],
            [72.005532, 23.974159],
            [72.007612, 23.969909],
            [72.005942, 23.965939],
            [71.998803, 23.968869],
            [71.996833, 23.975738],
            [71.998923, 23.983528],
            [71.992724, 23.987778],
            [71.992574, 23.993487],
            [71.985785, 23.997307],
            [71.961008, 23.991077],
            [71.949127, 24.008113],
            [71.942516, 24.006319],
            [71.942256, 24.007926],
            [71.925396, 24.009229],
            [71.923674, 24.003844],
            [71.928772, 23.979559],
            [71.948849, 23.973159],
            [71.947779, 23.96332],
            [71.94046, 23.96147],
            [71.929131, 23.952351],
            [71.932781, 23.947671],
            [71.93813, 23.927663],
            [71.950169, 23.917153],
            [71.958688, 23.917653],
            [71.961387, 23.912644],
            [71.974366, 23.905604],
            [71.977745, 23.889345],
            [71.958247, 23.888836],
            [71.93688, 23.880566],
            [71.924142, 23.884516],
            [71.911733, 23.881346],
            [71.901254, 23.873307],
            [71.897015, 23.878997],
            [71.889456, 23.878407],
            [71.875668, 23.871077],
            [71.867369, 23.869588],
            [71.866979, 23.861228],
            [71.861349, 23.84698],
            [71.839292, 23.84366],
            [71.827853, 23.84445],
            [71.823994, 23.849679],
            [71.815105, 23.852249],
            [71.815105, 23.855229],
            [71.797197, 23.850959],
            [71.782359, 23.84423],
            [71.778979, 23.84486],
            [71.77609, 23.839061],
            [71.77265, 23.838921],
            [71.77202, 23.833041],
            [71.766521, 23.826832],
            [71.764451, 23.829631],
            [71.764911, 23.837081],
            [71.761701, 23.84164],
            [71.750863, 23.840851],
            [71.744964, 23.850463],
            [71.727627, 23.855622],
            [71.71965, 23.86118],
            [71.714325, 23.870162],
            [71.714363, 23.876158],
            [71.708771, 23.882174],
            [71.71292, 23.88972],
            [71.717376, 23.927684],
            [71.697767, 23.930394],
            [71.692958, 23.947406],
            [71.693924, 23.962132],
            [71.688544, 23.970829],
            [71.665061, 23.972476],
            [71.649942, 23.964141],
            [71.643285, 23.957398],
            [71.621882, 23.954058],
            [71.613414, 23.944058],
            [71.605196, 23.942491],
            [71.598712, 23.944544],
            [71.594363, 23.955807],
            [71.586928, 23.963408],
            [71.586711, 23.969303],
            [71.591568, 23.976505],
            [71.575345, 23.975553],
            [71.570327, 23.980521],
            [71.560516, 23.979425],
            [71.567043, 23.983572],
            [71.564386, 23.99288],
            [71.565696, 23.99614],
            [71.554392, 24.000992],
            [71.55166, 24.000892],
            [71.547128, 23.995116],
            [71.546084, 23.981915],
            [71.516827, 23.980195],
            [71.498127, 23.969733],
            [71.487531, 23.975393],
            [71.48989, 23.987919],
            [71.486807, 23.990458],
            [71.491396, 24.00044],
            [71.491084, 24.014815],
            [71.486349, 24.017464],
            [71.484168, 24.024414],
            [71.480658, 24.023455],
            [71.479027, 24.025293],
            [71.464019, 24.013335],
            [71.461051, 23.999084],
            [71.445875, 23.987869],
            [71.442589, 23.98104],
            [71.449763, 23.982075],
            [71.446539, 23.970908],
            [71.454464, 23.964697],
            [71.448227, 23.960064],
            [71.444626, 23.941304],
            [71.421656, 23.934961],
            [71.416051, 23.929572],
            [71.416118, 23.925238],
            [71.404399, 23.939999],
            [71.405835, 23.949799],
            [71.395233, 23.965791],
            [71.388448, 23.965232],
            [71.388069, 23.95819],
            [71.383918, 23.953892],
            [71.374177, 23.955175],
            [71.369982, 23.960321],
            [71.372094, 23.96084],
            [71.370832, 23.96521],
            [71.365521, 23.965657],
            [71.365997, 23.970578],
            [71.360127, 23.968618],
            [71.358255, 23.970496],
            [71.348837, 23.968657],
            [71.335395, 23.970293],
            [71.327134, 23.979365],
            [71.319084, 23.983759],
            [71.314507, 23.978431],
            [71.304629, 23.975027],
            [71.298231, 23.967386],
            [71.297409, 23.96241],
            [71.301549, 23.955022],
            [71.288868, 23.94845],
            [71.301979, 23.933489],
            [71.297976, 23.934291],
            [71.299502, 23.927682],
            [71.279773, 23.928236],
            [71.274268, 23.934431],
            [71.270777, 23.933015],
            [71.275427, 23.927804],
            [71.273044, 23.922548],
            [71.265055, 23.92122],
            [71.260262, 23.932024],
            [71.253105, 23.933282],
            [71.247673, 23.928488],
            [71.25439, 23.921404],
            [71.238852, 23.918612],
            [71.233018, 23.930146],
            [71.218215, 23.936114],
            [71.199457, 23.926997],
            [71.193516, 23.920941],
            [71.18702, 23.922565],
            [71.177688, 23.930658],
            [71.176141, 23.920226],
            [71.165189, 23.918071],
            [71.158, 23.920619],
            [71.154434, 23.916692],
            [71.139804, 23.912465],
            [71.140251, 23.910361],
            [71.127812, 23.91121],
            [71.127906, 23.908091],
            [71.119258, 23.90531],
            [71.101738, 23.905367],
            [71.097442, 23.902003],
            [71.07976, 23.87498],
            [71.069467, 23.845412],
            [71.071122, 23.843927],
            [71.066577, 23.843312],
            [71.063753, 23.838426],
            [71.067599, 23.830396],
            [71.06989, 23.831453],
            [71.071987, 23.828511],
            [71.074308, 23.829857],
            [71.072117, 23.823333],
            [71.066777, 23.823945],
            [71.066364, 23.826464],
            [71.063474, 23.82504],
            [71.063378, 23.821325],
            [71.069669, 23.819923],
            [71.069322, 23.817056],
            [71.065392, 23.815899],
            [71.061207, 23.805469],
            [71.053884, 23.809096],
            [71.046597, 23.809533],
            [71.043116, 23.804612],
            [71.044494, 23.790528],
            [71.054719, 23.788993],
            [71.055947, 23.786791],
            [71.054302, 23.77958],
            [71.057065, 23.776859],
            [71.053905, 23.769431],
            [71.056482, 23.767202],
            [71.054518, 23.760195],
            [71.058655, 23.755321],
            [71.053747, 23.743791],
            [71.064856, 23.74167],
            [71.072806, 23.730368],
            [71.068775, 23.729708],
            [71.068141, 23.732186],
            [71.057125, 23.73745],
            [71.059075, 23.730471],
            [71.057089, 23.720859],
            [71.061597, 23.705602],
            [71.068077, 23.697893],
            [71.066883, 23.693509],
            [71.069518, 23.688567],
            [71.068719, 23.686652],
            [71.053764, 23.684574],
            [71.047751, 23.681276],
            [71.039232, 23.680888],
            [71.034394, 23.658953],
            [71.038818, 23.638965],
            [71.051965, 23.620511],
            [71.063464, 23.623044],
            [71.068332, 23.616184],
            [71.066248, 23.609064],
            [71.074358, 23.606448],
            [71.081395, 23.598459],
            [71.086171, 23.602054],
            [71.084843, 23.603165],
            [71.092705, 23.606737],
            [71.090714, 23.612665],
            [71.08574, 23.617503],
            [71.089423, 23.624551],
            [71.094861, 23.624796],
            [71.094026, 23.615022],
            [71.096652, 23.614779],
            [71.12039, 23.624659],
            [71.13554, 23.62785],
            [71.139569, 23.631741],
            [71.138957, 23.637457],
            [71.136713, 23.644071],
            [71.131656, 23.643164],
            [71.131048, 23.651895],
            [71.136642, 23.664048],
            [71.149572, 23.668236],
            [71.149534, 23.673748],
            [71.143299, 23.674205],
            [71.149231, 23.680195],
            [71.148889, 23.683563],
            [71.157348, 23.69469],
            [71.180801, 23.715937],
            [71.179654, 23.717297],
            [71.171361, 23.71376],
            [71.162229, 23.721514],
            [71.157926, 23.712504],
            [71.152067, 23.712997],
            [71.150469, 23.715521],
            [71.151995, 23.719972],
            [71.144575, 23.716958],
            [71.147848, 23.726989],
            [71.144273, 23.730041],
            [71.177496, 23.728913],
            [71.173009, 23.741926],
            [71.174687, 23.744345],
            [71.182027, 23.740203],
            [71.183833, 23.74203],
            [71.189618, 23.739224],
            [71.190106, 23.734032],
            [71.195817, 23.738517],
            [71.206939, 23.738688],
            [71.217727, 23.729467],
            [71.217265, 23.721662],
            [71.225198, 23.713919],
            [71.217999, 23.698976],
            [71.223776, 23.694101],
            [71.223923, 23.687939],
            [71.213303, 23.678523],
            [71.220638, 23.666894],
            [71.221845, 23.656388],
            [71.242846, 23.655755],
            [71.262664, 23.64943],
            [71.304332, 23.64572],
            [71.333603, 23.648814],
            [71.351053, 23.656375],
            [71.361419, 23.651839],
            [71.375543, 23.649722],
            [71.375381, 23.643497],
            [71.383476, 23.634463],
            [71.393836, 23.60281],
            [71.414717, 23.623],
            [71.425077, 23.628825],
            [71.423301, 23.609634],
            [71.426772, 23.603285],
            [71.416672, 23.578598],
            [71.418568, 23.567324],
            [71.422172, 23.563635],
            [71.452384, 23.561446],
            [71.473459, 23.556152],
            [71.448153, 23.536004],
            [71.445223, 23.469348],
            [71.453475, 23.471254],
            [71.477382, 23.493817],
            [71.494902, 23.500283],
            [71.508112, 23.511558],
            [71.508019, 23.5174],
            [71.511906, 23.523448],
            [71.520295, 23.527814],
            [71.519382, 23.500007],
            [71.507521, 23.48739],
            [71.506151, 23.466862],
            [71.50801, 23.456263],
            [71.518219, 23.462292],
            [71.520099, 23.468512],
            [71.534947, 23.479951],
            [71.564694, 23.495629],
            [71.581621, 23.491479],
            [71.59035, 23.500909],
            [71.598244, 23.501995],
            [71.59921, 23.498131],
            [71.603676, 23.49729],
            [71.613602, 23.50132],
            [71.616264, 23.497977],
            [71.626349, 23.497572],
            [71.64464, 23.490713],
            [71.649575, 23.492655],
            [71.666401, 23.484709],
            [71.674234, 23.489057],
            [71.691818, 23.487849],
            [71.702316, 23.481219],
            [71.719954, 23.490239],
            [71.730453, 23.490739],
            [71.732283, 23.486849],
            [71.725454, 23.479959],
            [71.726393, 23.46824],
            [71.739132, 23.47044],
            [71.743431, 23.46736],
            [71.745141, 23.47398],
            [71.75, 23.468973],
            [71.758219, 23.46632],
            [71.764749, 23.46946],
            [71.767248, 23.46677],
            [71.771708, 23.46798],
            [71.772128, 23.461261],
            [71.777817, 23.454601],
            [71.769418, 23.435183],
            [71.762199, 23.432493],
            [71.758049, 23.415324],
            [71.761969, 23.402895],
            [71.781646, 23.394906],
            [71.784206, 23.396376],
            [71.791575, 23.392026],
            [71.802693, 23.394096],
            [71.811582, 23.400755],
            [71.817312, 23.408905],
            [71.821261, 23.409195],
            [71.837729, 23.419364],
            [71.849818, 23.435522],
            [71.851268, 23.456701],
            [71.864186, 23.472629],
            [71.887514, 23.483398],
            [71.886994, 23.485488],
            [71.902142, 23.484898],
            [71.901182, 23.490698],
            [71.904931, 23.487118],
            [71.908181, 23.493917],
            [71.91329, 23.493947],
            [71.91524, 23.491187],
            [71.922109, 23.493817],
            [71.928758, 23.492277],
            [71.929898, 23.496997],
            [71.934058, 23.496107],
            [71.942399, 23.500001],
            [71.943042, 23.518307],
            [71.9688, 23.526721],
            [71.963712, 23.545168],
            [71.959277, 23.550048],
            [71.957504, 23.577057],
            [71.940467, 23.581141],
            [71.940386, 23.583644],
            [71.95703, 23.587262],
            [71.959631, 23.59332],
            [71.969348, 23.599015],
            [71.982255, 23.600861],
            [71.980928, 23.618499],
            [72.002528, 23.620393],
            [72.012922, 23.62931],
            [72.024533, 23.622932],
            [72.0304, 23.616455],
            [72.039092, 23.61528],
            [72.048029, 23.619923],
            [72.061294, 23.613614],
            [72.055403, 23.607228],
            [72.057126, 23.606145],
            [72.055278, 23.604279],
            [72.059796, 23.601941],
            [72.057633, 23.597407],
            [72.070267, 23.590059],
            [72.069064, 23.581684],
            [72.063983, 23.580063],
            [72.063195, 23.573009],
            [72.059839, 23.572507],
            [72.059203, 23.568076],
            [72.061276, 23.565603],
            [72.063936, 23.568154],
            [72.069064, 23.565598],
            [72.077357, 23.56699],
            [72.078678, 23.565306],
            [72.086315, 23.569261],
            [72.102886, 23.568669],
            [72.107577, 23.570568],
            [72.108955, 23.574837],
            [72.106167, 23.590566],
            [72.108197, 23.592316],
            [72.103801, 23.594251],
            [72.113567, 23.602588],
            [72.111615, 23.614466],
            [72.10902, 23.616186],
            [72.124384, 23.621844],
            [72.126655, 23.607217],
            [72.123775, 23.606075],
            [72.129114, 23.599019],
            [72.13495, 23.59763],
            [72.13855, 23.598594],
            [72.139292, 23.604783],
            [72.145114, 23.60799],
            [72.146571, 23.606053],
            [72.152819, 23.606356],
            [72.157497, 23.602291],
            [72.163526, 23.603456],
            [72.18069, 23.611987],
            [72.179198, 23.618226],
            [72.184487, 23.623892],
            [72.175438, 23.631893],
            [72.177971, 23.632866],
            [72.176917, 23.635442],
            [72.180034, 23.635543],
            [72.179682, 23.637779],
            [72.183965, 23.640151],
            [72.194964, 23.640064],
            [72.194541, 23.632803],
            [72.206433, 23.633727],
            [72.211158, 23.624619],
            [72.220962, 23.626301],
            [72.224354, 23.623639],
            [72.224618, 23.6181],
            [72.228171, 23.61759],
            [72.23082, 23.621187],
            [72.245176, 23.626139],
            [72.24953, 23.643582],
            [72.255199, 23.646036],
            [72.261334, 23.639314],
            [72.258466, 23.636819],
            [72.259696, 23.632631],
            [72.266087, 23.632798],
            [72.265356, 23.629735],
            [72.272307, 23.627519],
            [72.273383, 23.623977],
            [72.282024, 23.623225],
            [72.284772, 23.617744],
            [72.29106, 23.619358],
            [72.29444, 23.621977],
            [72.296886, 23.632112],
            [72.305121, 23.63891],
            [72.304002, 23.658265],
            [72.308482, 23.665881],
            [72.307384, 23.670343],
            [72.30474, 23.668553],
            [72.304482, 23.670462],
            [72.310583, 23.674545],
            [72.309178, 23.67735],
            [72.305648, 23.677928],
            [72.30413, 23.687254],
            [72.296783, 23.685778],
            [72.291285, 23.681723],
            [72.286041, 23.683545],
            [72.284828, 23.689086],
            [72.291389, 23.70981],
            [72.283384, 23.711382],
            [72.288101, 23.714673],
            [72.28426, 23.723525],
            [72.285711, 23.730542],
            [72.290872, 23.734634],
            [72.289786, 23.741398],
            [72.303121, 23.744285],
            [72.305662, 23.750818],
            [72.317484, 23.755124],
            [72.316674, 23.756935],
            [72.319667, 23.757612],
            [72.321043, 23.761402],
            [72.321214, 23.767214],
            [72.312624, 23.768913],
            [72.311571, 23.775612],
            [72.304612, 23.773023],
            [72.304292, 23.775271],
            [72.299774, 23.775124],
            [72.297956, 23.779173],
            [72.294934, 23.780034],
            [72.294265, 23.782322],
            [72.299303, 23.784004],
            [72.298932, 23.788721],
            [72.302786, 23.79312],
            [72.300335, 23.79795],
            [72.301215, 23.802912],
            [72.307245, 23.803582],
            [72.307924, 23.809849],
            [72.309485, 23.808179],
            [72.318061, 23.811821],
            [72.314213, 23.824289],
            [72.307162, 23.822629],
            [72.308273, 23.827288],
            [72.303544, 23.83427],
            [72.302097, 23.842138],
            [72.296674, 23.84089],
            [72.292875, 23.849018],
            [72.296626, 23.852062],
            [72.316651, 23.849663],
            [72.321066, 23.852358],
            [72.326148, 23.851256],
            [72.324491, 23.855193],
            [72.326011, 23.868784],
            [72.323168, 23.87104],
            [72.324845, 23.877009],
            [72.329241, 23.881104],
            [72.337082, 23.87796],
            [72.346288, 23.877909],
            [72.356597, 23.883386],
            [72.359908, 23.880129],
            [72.365802, 23.879791],
            [72.369871, 23.875498],
            [72.371543, 23.86885],
            [72.376429, 23.866579],
            [72.382371, 23.867102],
            [72.385924, 23.872333],
            [72.390406, 23.871187],
            [72.392548, 23.875151],
            [72.396371, 23.873627],
            [72.397524, 23.869927],
            [72.399402, 23.870495],
            [72.402904, 23.872524],
            [72.402546, 23.876767],
            [72.407695, 23.885559],
            [72.414878, 23.886741],
            [72.416503, 23.894344],
            [72.420516, 23.893751],
            [72.422702, 23.900163],
            [72.430529, 23.896205],
            [72.429615, 23.905325],
            [72.432413, 23.905694],
            [72.435431, 23.899199],
            [72.441701, 23.898736],
            [72.444849, 23.906854],
            [72.452335, 23.906489],
            [72.455796, 23.895779],
            [72.461055, 23.894361],
            [72.462657, 23.890477],
            [72.469022, 23.891313],
            [72.47306, 23.893914],
            [72.471481, 23.899359],
            [72.475477, 23.903581],
            [72.474117, 23.906013],
            [72.478255, 23.917185],
            [72.477626, 23.926146],
            [72.482488, 23.932779],
            [72.480672, 23.931948],
            [72.480515, 23.953678],
            [72.477254, 23.954398],
            [72.477714, 23.958046],
            [72.475184, 23.957966],
            [72.476212, 23.966154],
            [72.471854, 23.965715],
            [72.470943, 23.968668],
            [72.464047, 23.970857],
            [72.451285, 23.974295],
            [72.44473, 23.971666],
            [72.44348, 23.968227],
            [72.43809, 23.967119],
            [72.43803, 23.973985],
            [72.431581, 23.977586],
            [72.42979, 23.983604],
            [72.427232, 23.976454],
            [72.41946, 23.978086],
            [72.414201, 23.972526],
            [72.407044, 23.975435],
            [72.386144, 23.975389],
            [72.386144, 23.970179],
            [72.383603, 23.968247],
            [72.379487, 23.971475],
            [72.370216, 23.971746],
            [72.369208, 23.986025],
            [72.360967, 24.000434],
            [72.361152, 24.009959],
            [72.351484, 24.009378],
            [72.344347, 24.013993],
            [72.34237, 24.022194],
            [72.345017, 24.026316],
            [72.339816, 24.037776],
            [72.309278, 24.03857],
            [72.306414, 24.039454],
            [72.299393, 24.053231],
            [72.293147, 24.051184],
            [72.287252, 24.054175],
            [72.270465, 24.055541],
            [72.268539, 24.060166],
            [72.263365, 24.063218],
            [72.261258, 24.069752],
            [72.258383, 24.070508],
            [72.25568, 24.08139],
            [72.25096, 24.082388],
            [72.234194, 24.072185],
            [72.226386, 24.071978],
            [72.221822, 24.0758],
            [72.213384, 24.103938],
            [72.210183, 24.11152],
            [72.206338, 24.114082],
            [72.223516, 24.131059],
            [72.217967, 24.136904],
            [72.217633, 24.143314],
            [72.203635, 24.149091],
            [72.19769, 24.137046],
            [72.185256, 24.130334],
            [72.187554, 24.12228],
            [72.176919, 24.118343],
            [72.161079, 24.126929],
            [72.148984, 24.129577],
            [72.153978, 24.135124],
            [72.149643, 24.15241],
            [72.131701, 24.15462]
          ]
        ]
      },
      "properties": {
        "dtname": "Patan",
        "stname": "Gujarat",
        "stcode11": "24",
        "dtcode11": "470",
        "dist_lgd": 455,
        "state_lgd": 24
      }
    },
    {
      "type": "Feature",
      "geometry": {
        "type": "MultiPolygon",
        "coordinates": [
          [
            [
              [71.231203, 24.213498],
              [71.224569, 24.218396],
              [71.21628, 24.204472],
              [71.234845, 24.202839],
              [71.240608, 24.206266],
              [71.241977, 24.213053],
              [71.235047, 24.20993],
              [71.231203, 24.213498]
            ]
          ],
          [
            [
              [71.187102, 24.252034],
              [71.178377, 24.253688],
              [71.172836, 24.258736],
              [71.152335, 24.266671],
              [71.142239, 24.273693],
              [71.133291, 24.274583],
              [71.128825, 24.269295],
              [71.13176, 24.257789],
              [71.137662, 24.249298],
              [71.139563, 24.2508],
              [71.147596, 24.245145],
              [71.159878, 24.235656],
              [71.1619, 24.228318],
              [71.187452, 24.211519],
              [71.204858, 24.218147],
              [71.211487, 24.227987],
              [71.212635, 24.234085],
              [71.207618, 24.245241],
              [71.187102, 24.252034]
            ]
          ],
          [
            [
              [71.536248, 24.678935],
              [71.528902, 24.684704],
              [71.513755, 24.678916],
              [71.502635, 24.682141],
              [71.491362, 24.679263],
              [71.478701, 24.679516],
              [71.461994, 24.666518],
              [71.447724, 24.668385],
              [71.429007, 24.656919],
              [71.422577, 24.64783],
              [71.398385, 24.640781],
              [71.39623, 24.63503],
              [71.391163, 24.631289],
              [71.382995, 24.633659],
              [71.377804, 24.625968],
              [71.369336, 24.626419],
              [71.367128, 24.629299],
              [71.358639, 24.630752],
              [71.348169, 24.660935],
              [71.314112, 24.648056],
              [71.304374, 24.635278],
              [71.304546, 24.62866],
              [71.298004, 24.62612],
              [71.298697, 24.624071],
              [71.287823, 24.616229],
              [71.284615, 24.593883],
              [71.306813, 24.589444],
              [71.300742, 24.579465],
              [71.301056, 24.574833],
              [71.299114, 24.577424],
              [71.297325, 24.564404],
              [71.286036, 24.559306],
              [71.289395, 24.555828],
              [71.280716, 24.552658],
              [71.278874, 24.547055],
              [71.275766, 24.545049],
              [71.278386, 24.545647],
              [71.266389, 24.534308],
              [71.260537, 24.533726],
              [71.258537, 24.52457],
              [71.258179, 24.506739],
              [71.292365, 24.519148],
              [71.348469, 24.517611],
              [71.345318, 24.500001],
              [71.339037, 24.493522],
              [71.33398, 24.479821],
              [71.331351, 24.47936],
              [71.335279, 24.475772],
              [71.336387, 24.479361],
              [71.342317, 24.475413],
              [71.33387, 24.470174],
              [71.344386, 24.466191],
              [71.349216, 24.457583],
              [71.337637, 24.455942],
              [71.33115, 24.460852],
              [71.322459, 24.452634],
              [71.320499, 24.445523],
              [71.33615, 24.430424],
              [71.343787, 24.431947],
              [71.34301, 24.425415],
              [71.337729, 24.425716],
              [71.333269, 24.419607],
              [71.32424, 24.413596],
              [71.31898, 24.402277],
              [71.322961, 24.394221],
              [71.334667, 24.393611],
              [71.339375, 24.391219],
              [71.347355, 24.39253],
              [71.346055, 24.386779],
              [71.366105, 24.39153],
              [71.366115, 24.38795],
              [71.362015, 24.384081],
              [71.366066, 24.382181],
              [71.367195, 24.37587],
              [71.373553, 24.378529],
              [71.372454, 24.370562],
              [71.380821, 24.359899],
              [71.383102, 24.35376],
              [71.380791, 24.353182],
              [71.384024, 24.350722],
              [71.375874, 24.353422],
              [71.371114, 24.350812],
              [71.381954, 24.347991],
              [71.374804, 24.333893],
              [71.371494, 24.335383],
              [71.366636, 24.331663],
              [71.363365, 24.333144],
              [71.362325, 24.329442],
              [71.353516, 24.330204],
              [71.348068, 24.326375],
              [71.342235, 24.328053],
              [71.332526, 24.323455],
              [71.325368, 24.323783],
              [71.325527, 24.321946],
              [71.319831, 24.323673],
              [71.321178, 24.319394],
              [71.316681, 24.317036],
              [71.314152, 24.322072],
              [71.310413, 24.311806],
              [71.307413, 24.311795],
              [71.306562, 24.308626],
              [71.30311, 24.308444],
              [71.303652, 24.306526],
              [71.299502, 24.303048],
              [71.296133, 24.303895],
              [71.294593, 24.300987],
              [71.298033, 24.289419],
              [71.301821, 24.286707],
              [71.299833, 24.284237],
              [71.303282, 24.282],
              [71.300652, 24.281678],
              [71.30316, 24.278858],
              [71.30097, 24.277588],
              [71.305001, 24.271428],
              [71.299894, 24.272821],
              [71.301363, 24.27],
              [71.297194, 24.266139],
              [71.302733, 24.259749],
              [71.289262, 24.258289],
              [71.283796, 24.265829],
              [71.277022, 24.263391],
              [71.274245, 24.257769],
              [71.277106, 24.250422],
              [71.282788, 24.250069],
              [71.285398, 24.242053],
              [71.285546, 24.248612],
              [71.29177, 24.248151],
              [71.292506, 24.24384],
              [71.289059, 24.24415],
              [71.2883, 24.238633],
              [71.285827, 24.240929],
              [71.285607, 24.238641],
              [71.279799, 24.236551],
              [71.288537, 24.229731],
              [71.290509, 24.225064],
              [71.292615, 24.226763],
              [71.298146, 24.222644],
              [71.302186, 24.225093],
              [71.309955, 24.222094],
              [71.310153, 24.219372],
              [71.300218, 24.214836],
              [71.302914, 24.207474],
              [71.308646, 24.202145],
              [71.311446, 24.203812],
              [71.317536, 24.197964],
              [71.329723, 24.195693],
              [71.325591, 24.190275],
              [71.325953, 24.182154],
              [71.333654, 24.182147],
              [71.338432, 24.185737],
              [71.348342, 24.187815],
              [71.359577, 24.187465],
              [71.360739, 24.185727],
              [71.356369, 24.181524],
              [71.3607, 24.177384],
              [71.358368, 24.173177],
              [71.354481, 24.172617],
              [71.349412, 24.175645],
              [71.345181, 24.174028],
              [71.343551, 24.177265],
              [71.342391, 24.175206],
              [71.34531, 24.168575],
              [71.337542, 24.163779],
              [71.333393, 24.166866],
              [71.330595, 24.164355],
              [71.328924, 24.171957],
              [71.324941, 24.164308],
              [71.309407, 24.166176],
              [71.305626, 24.160766],
              [71.302124, 24.159907],
              [71.298586, 24.161088],
              [71.295246, 24.166567],
              [71.287195, 24.168625],
              [71.282237, 24.174008],
              [71.272768, 24.176327],
              [71.269698, 24.175065],
              [71.271929, 24.172196],
              [71.268618, 24.172099],
              [71.267018, 24.167019],
              [71.257593, 24.158968],
              [71.267802, 24.159219],
              [71.285486, 24.14971],
              [71.271799, 24.144681],
              [71.27278, 24.1414],
              [71.279778, 24.138199],
              [71.28348, 24.13454],
              [71.282178, 24.13263],
              [71.293845, 24.133192],
              [71.301737, 24.129178],
              [71.302497, 24.125296],
              [71.304396, 24.125184],
              [71.302406, 24.121057],
              [71.310846, 24.122185],
              [71.312912, 24.120258],
              [71.324983, 24.119716],
              [71.328402, 24.116499],
              [71.331711, 24.119596],
              [71.336363, 24.105337],
              [71.316096, 24.095598],
              [71.313865, 24.08209],
              [71.317524, 24.07871],
              [71.311336, 24.074889],
              [71.315664, 24.071879],
              [71.312623, 24.067341],
              [71.306184, 24.064671],
              [71.304833, 24.061203],
              [71.308292, 24.056559],
              [71.321882, 24.05228],
              [71.319171, 24.046153],
              [71.300917, 24.031722],
              [71.291605, 24.019746],
              [71.285019, 23.991639],
              [71.29538, 23.987008],
              [71.309218, 23.99333],
              [71.335395, 23.970293],
              [71.348837, 23.968657],
              [71.358255, 23.970496],
              [71.360127, 23.968618],
              [71.365997, 23.970578],
              [71.365521, 23.965657],
              [71.370832, 23.96521],
              [71.372094, 23.96084],
              [71.369982, 23.960321],
              [71.374177, 23.955175],
              [71.383918, 23.953892],
              [71.388069, 23.95819],
              [71.388448, 23.965232],
              [71.395233, 23.965791],
              [71.405835, 23.949799],
              [71.404399, 23.939999],
              [71.416118, 23.925238],
              [71.416051, 23.929572],
              [71.421656, 23.934961],
              [71.444626, 23.941304],
              [71.448227, 23.960064],
              [71.454464, 23.964697],
              [71.446539, 23.970908],
              [71.449763, 23.982075],
              [71.442589, 23.98104],
              [71.445875, 23.987869],
              [71.461051, 23.999084],
              [71.464019, 24.013335],
              [71.479027, 24.025293],
              [71.480658, 24.023455],
              [71.484168, 24.024414],
              [71.486349, 24.017464],
              [71.491084, 24.014815],
              [71.491396, 24.00044],
              [71.486807, 23.990458],
              [71.48989, 23.987919],
              [71.487751, 23.975212],
              [71.498717, 23.969592],
              [71.516827, 23.980195],
              [71.546084, 23.981915],
              [71.547128, 23.995116],
              [71.55166, 24.000892],
              [71.558294, 24.000308],
              [71.565411, 23.996857],
              [71.564386, 23.99288],
              [71.567009, 23.984746],
              [71.560516, 23.979425],
              [71.570327, 23.980521],
              [71.575345, 23.975553],
              [71.591568, 23.976505],
              [71.586711, 23.969303],
              [71.586928, 23.963408],
              [71.594363, 23.955807],
              [71.598712, 23.944544],
              [71.606857, 23.942559],
              [71.613414, 23.944058],
              [71.621882, 23.954058],
              [71.639604, 23.956234],
              [71.636806, 23.965556],
              [71.63014, 23.971095],
              [71.631098, 23.974084],
              [71.637018, 23.975876],
              [71.634184, 23.983176],
              [71.633689, 23.998674],
              [71.648636, 23.995133],
              [71.665877, 24.004588],
              [71.673642, 23.992869],
              [71.679671, 23.992086],
              [71.692412, 24.001756],
              [71.692965, 24.006397],
              [71.690789, 24.009097],
              [71.679111, 24.016077],
              [71.663747, 24.011843],
              [71.66338, 24.018199],
              [71.655984, 24.019379],
              [71.656364, 24.024737],
              [71.652615, 24.033315],
              [71.667666, 24.034152],
              [71.674461, 24.038867],
              [71.681274, 24.050516],
              [71.680018, 24.056611],
              [71.684166, 24.063941],
              [71.696721, 24.062269],
              [71.708872, 24.066005],
              [71.735389, 24.052026],
              [71.737777, 24.05638],
              [71.740821, 24.056762],
              [71.745894, 24.067348],
              [71.755604, 24.065847],
              [71.760986, 24.061883],
              [71.77893, 24.06919],
              [71.791116, 24.065198],
              [71.794797, 24.068048],
              [71.797085, 24.064623],
              [71.804504, 24.064947],
              [71.814677, 24.06148],
              [71.81793, 24.066036],
              [71.827305, 24.069059],
              [71.839488, 24.068484],
              [71.842575, 24.072309],
              [71.854871, 24.075624],
              [71.852696, 24.088584],
              [71.846921, 24.094904],
              [71.840686, 24.0946],
              [71.840454, 24.098099],
              [71.843944, 24.104383],
              [71.855952, 24.113734],
              [71.854066, 24.12948],
              [71.858748, 24.140288],
              [71.868409, 24.144004],
              [71.870505, 24.140437],
              [71.88664, 24.140179],
              [71.905321, 24.149372],
              [71.927611, 24.147064],
              [71.929382, 24.151372],
              [71.923485, 24.162183],
              [71.929438, 24.173905],
              [71.927705, 24.183354],
              [71.930871, 24.198467],
              [71.928543, 24.208607],
              [71.935744, 24.212964],
              [71.954511, 24.214782],
              [71.969344, 24.224345],
              [71.97152, 24.234812],
              [71.968599, 24.243677],
              [71.982962, 24.255098],
              [72.000628, 24.257361],
              [72.014521, 24.253579],
              [72.01619, 24.256358],
              [72.024097, 24.259314],
              [72.023813, 24.261745],
              [72.029468, 24.263636],
              [72.032798, 24.267827],
              [72.031561, 24.2761],
              [72.034781, 24.276957],
              [72.033366, 24.280991],
              [72.030278, 24.280905],
              [72.024813, 24.285505],
              [72.02172, 24.284054],
              [72.014621, 24.288801],
              [72.008478, 24.28884],
              [72.003972, 24.296992],
              [72.0086, 24.307286],
              [72.017037, 24.311139],
              [72.019028, 24.313527],
              [72.017455, 24.317],
              [72.02266, 24.320276],
              [72.017259, 24.328019],
              [72.011428, 24.344068],
              [72.027663, 24.341369],
              [72.027423, 24.349127],
              [72.031001, 24.351648],
              [72.023976, 24.356926],
              [72.009493, 24.354113],
              [72.004095, 24.361205],
              [72.002777, 24.367615],
              [72.002612, 24.375458],
              [72.013021, 24.379521],
              [72.021098, 24.379289],
              [72.024693, 24.376791],
              [72.028066, 24.386738],
              [72.030579, 24.387474],
              [72.028868, 24.393134],
              [72.024766, 24.394504],
              [72.024592, 24.396636],
              [72.020315, 24.399926],
              [72.014611, 24.400283],
              [72.014403, 24.409787],
              [72.007263, 24.413117],
              [72.005019, 24.416846],
              [72.009724, 24.429894],
              [72.012517, 24.454349],
              [72.010414, 24.456943],
              [71.990971, 24.458187],
              [71.974379, 24.449139],
              [71.972349, 24.451366],
              [71.960821, 24.446868],
              [71.956365, 24.448897],
              [71.948166, 24.444401],
              [71.944566, 24.45181],
              [71.945742, 24.472674],
              [71.940655, 24.479064],
              [71.94324, 24.489052],
              [71.930877, 24.507799],
              [71.930522, 24.518633],
              [71.935953, 24.52691],
              [71.930792, 24.536928],
              [71.92604, 24.537038],
              [71.922598, 24.544903],
              [71.92184, 24.56295],
              [71.908629, 24.56861],
              [71.902089, 24.56756],
              [71.896098, 24.576693],
              [71.895093, 24.585206],
              [71.890482, 24.587875],
              [71.873875, 24.57906],
              [71.86619, 24.578486],
              [71.855887, 24.582273],
              [71.850175, 24.587242],
              [71.849021, 24.603975],
              [71.852167, 24.609363],
              [71.843909, 24.616938],
              [71.831893, 24.623413],
              [71.819298, 24.620033],
              [71.807709, 24.624737],
              [71.802531, 24.631125],
              [71.810386, 24.656064],
              [71.802963, 24.671648],
              [71.791529, 24.677339],
              [71.780272, 24.674913],
              [71.773024, 24.675964],
              [71.762429, 24.668626],
              [71.735559, 24.660046],
              [71.706822, 24.661423],
              [71.697102, 24.654445],
              [71.690429, 24.654204],
              [71.67745, 24.646306],
              [71.662706, 24.644419],
              [71.655366, 24.639189],
              [71.647238, 24.644576],
              [71.643919, 24.643926],
              [71.638755, 24.659536],
              [71.628881, 24.659925],
              [71.62737, 24.664267],
              [71.624742, 24.663857],
              [71.626861, 24.667116],
              [71.624154, 24.669725],
              [71.619263, 24.667405],
              [71.6076, 24.676554],
              [71.589753, 24.667157],
              [71.584531, 24.670054],
              [71.5777, 24.681404],
              [71.572996, 24.683416],
              [71.550956, 24.676397],
              [71.541832, 24.675756],
              [71.536248, 24.678935]
            ]
          ]
        ]
      },
      "properties": {
        "dtname": "Vav-Tharad",
        "stname": "Gujarat",
        "stcode11": "24",
        "dtcode11": "850",
        "dist_lgd": 789,
        "state_lgd": 24
      }
    },
    {
      "type": "Feature",
      "geometry": {
        "type": "Polygon",
        "coordinates": [
          [
            [72.059298, 24.712108],
            [72.048532, 24.710559],
            [72.042576, 24.704372],
            [72.017829, 24.694778],
            [72.012501, 24.690581],
            [72.001426, 24.688405],
            [72.001099, 24.694882],
            [71.995157, 24.693169],
            [71.993835, 24.695062],
            [71.983846, 24.685947],
            [71.982753, 24.673002],
            [71.988296, 24.657533],
            [71.977439, 24.656918],
            [71.964253, 24.645831],
            [71.955279, 24.645244],
            [71.946184, 24.641087],
            [71.939873, 24.633805],
            [71.938645, 24.636505],
            [71.925503, 24.63604],
            [71.915443, 24.649513],
            [71.911642, 24.658569],
            [71.920318, 24.664164],
            [71.920172, 24.670917],
            [71.912937, 24.675433],
            [71.902835, 24.677272],
            [71.888231, 24.672142],
            [71.885031, 24.677546],
            [71.871751, 24.681767],
            [71.858024, 24.667046],
            [71.857492, 24.652204],
            [71.865392, 24.630713],
            [71.855625, 24.622073],
            [71.849283, 24.605113],
            [71.850437, 24.58652],
            [71.867291, 24.578486],
            [71.874591, 24.579258],
            [71.890482, 24.587875],
            [71.895093, 24.585206],
            [71.896098, 24.576693],
            [71.902089, 24.56756],
            [71.908629, 24.56861],
            [71.92184, 24.56295],
            [71.922598, 24.544903],
            [71.92604, 24.537038],
            [71.930792, 24.536928],
            [71.935953, 24.52691],
            [71.930522, 24.518633],
            [71.930877, 24.507799],
            [71.94324, 24.489052],
            [71.940655, 24.479064],
            [71.945742, 24.472674],
            [71.944566, 24.45181],
            [71.948166, 24.444401],
            [71.956365, 24.448897],
            [71.960821, 24.446868],
            [71.972349, 24.451366],
            [71.974379, 24.449139],
            [71.990971, 24.458187],
            [72.010414, 24.456943],
            [72.012517, 24.454349],
            [72.009724, 24.429894],
            [72.005019, 24.416846],
            [72.007263, 24.413117],
            [72.014403, 24.409787],
            [72.014611, 24.400283],
            [72.020315, 24.399926],
            [72.024592, 24.396636],
            [72.024766, 24.394504],
            [72.028868, 24.393134],
            [72.030579, 24.387474],
            [72.028066, 24.386738],
            [72.024693, 24.376791],
            [72.021098, 24.379289],
            [72.013021, 24.379521],
            [72.002612, 24.375458],
            [72.002777, 24.367615],
            [72.004095, 24.361205],
            [72.009493, 24.354113],
            [72.023976, 24.356926],
            [72.031001, 24.351648],
            [72.027423, 24.349127],
            [72.027663, 24.341369],
            [72.011428, 24.344068],
            [72.017259, 24.328019],
            [72.02266, 24.320276],
            [72.017455, 24.317],
            [72.019028, 24.313527],
            [72.017037, 24.311139],
            [72.0086, 24.307286],
            [72.003972, 24.296992],
            [72.008478, 24.28884],
            [72.014621, 24.288801],
            [72.02172, 24.284054],
            [72.024813, 24.285505],
            [72.030278, 24.280905],
            [72.033366, 24.280991],
            [72.034781, 24.276957],
            [72.031561, 24.2761],
            [72.032798, 24.267827],
            [72.029468, 24.263636],
            [72.023813, 24.261745],
            [72.024097, 24.259314],
            [72.01619, 24.256358],
            [72.014521, 24.253579],
            [72.000628, 24.257361],
            [71.982962, 24.255098],
            [71.968599, 24.243677],
            [71.97152, 24.234812],
            [71.969344, 24.224345],
            [71.954511, 24.214782],
            [71.935744, 24.212964],
            [71.928543, 24.208607],
            [71.930871, 24.198467],
            [71.927705, 24.183354],
            [71.929438, 24.173905],
            [71.923485, 24.162183],
            [71.929382, 24.151372],
            [71.927611, 24.147064],
            [71.905321, 24.149372],
            [71.88664, 24.140179],
            [71.870505, 24.140437],
            [71.868409, 24.144004],
            [71.858748, 24.140288],
            [71.854066, 24.12948],
            [71.855952, 24.113734],
            [71.843944, 24.104383],
            [71.840454, 24.098099],
            [71.840686, 24.0946],
            [71.846921, 24.094904],
            [71.852696, 24.088584],
            [71.854871, 24.075624],
            [71.842575, 24.072309],
            [71.839488, 24.068484],
            [71.827305, 24.069059],
            [71.81793, 24.066036],
            [71.814677, 24.06148],
            [71.804504, 24.064947],
            [71.797085, 24.064623],
            [71.794797, 24.068048],
            [71.791116, 24.065198],
            [71.77893, 24.06919],
            [71.760986, 24.061883],
            [71.755604, 24.065847],
            [71.745894, 24.067348],
            [71.740821, 24.056762],
            [71.737777, 24.05638],
            [71.735389, 24.052026],
            [71.708872, 24.066005],
            [71.696721, 24.062269],
            [71.684166, 24.063941],
            [71.680018, 24.056611],
            [71.681274, 24.050516],
            [71.674461, 24.038867],
            [71.667037, 24.034007],
            [71.656341, 24.032033],
            [71.652694, 24.034304],
            [71.656364, 24.024737],
            [71.655984, 24.019379],
            [71.66338, 24.018199],
            [71.663747, 24.011843],
            [71.679111, 24.016077],
            [71.690789, 24.009097],
            [71.692648, 24.002212],
            [71.679671, 23.992086],
            [71.673642, 23.992869],
            [71.665877, 24.004588],
            [71.648636, 23.995133],
            [71.633689, 23.998674],
            [71.634184, 23.983176],
            [71.637018, 23.975876],
            [71.631098, 23.974084],
            [71.63014, 23.971095],
            [71.636806, 23.965556],
            [71.639604, 23.956234],
            [71.665061, 23.972476],
            [71.689005, 23.970436],
            [71.693924, 23.962132],
            [71.692958, 23.947406],
            [71.697767, 23.930394],
            [71.717376, 23.927684],
            [71.71292, 23.88972],
            [71.708771, 23.882174],
            [71.714363, 23.876158],
            [71.714325, 23.870162],
            [71.71965, 23.86118],
            [71.727627, 23.855622],
            [71.744964, 23.850463],
            [71.750863, 23.840851],
            [71.761701, 23.84164],
            [71.764911, 23.837081],
            [71.764451, 23.829631],
            [71.766521, 23.826832],
            [71.77202, 23.833041],
            [71.77265, 23.838921],
            [71.77609, 23.839061],
            [71.778979, 23.84486],
            [71.782359, 23.84423],
            [71.797197, 23.850959],
            [71.815105, 23.855229],
            [71.815105, 23.852249],
            [71.823994, 23.849679],
            [71.827853, 23.84445],
            [71.839292, 23.84366],
            [71.861349, 23.84698],
            [71.866979, 23.861228],
            [71.867369, 23.869588],
            [71.875668, 23.871077],
            [71.889456, 23.878407],
            [71.897015, 23.878997],
            [71.901254, 23.873307],
            [71.911733, 23.881346],
            [71.924142, 23.884516],
            [71.93688, 23.880566],
            [71.958247, 23.888836],
            [71.977745, 23.889345],
            [71.974366, 23.905604],
            [71.961387, 23.912644],
            [71.958688, 23.917653],
            [71.950169, 23.917153],
            [71.93813, 23.927663],
            [71.932781, 23.947671],
            [71.929131, 23.952351],
            [71.94046, 23.96147],
            [71.947779, 23.96332],
            [71.948849, 23.973159],
            [71.928772, 23.979559],
            [71.923674, 24.003844],
            [71.925396, 24.009229],
            [71.942256, 24.007926],
            [71.942516, 24.006319],
            [71.949127, 24.008113],
            [71.961008, 23.991077],
            [71.983095, 23.998157],
            [71.992254, 23.993747],
            [71.992724, 23.987778],
            [71.998923, 23.983528],
            [71.996833, 23.974889],
            [72.0, 23.967203],
            [72.006582, 23.966669],
            [72.005532, 23.974159],
            [72.009902, 23.978078],
            [72.012921, 23.986198],
            [72.018011, 23.984208],
            [72.02035, 23.978008],
            [72.039978, 23.980438],
            [72.048317, 23.989547],
            [72.050467, 23.999506],
            [72.034895, 24.008772],
            [72.034965, 24.014027],
            [72.027393, 24.019331],
            [72.028432, 24.022041],
            [72.022462, 24.039367],
            [72.019238, 24.045419],
            [72.012893, 24.049816],
            [72.014782, 24.054323],
            [72.012901, 24.068717],
            [72.018896, 24.07208],
            [72.028684, 24.067378],
            [72.031738, 24.053038],
            [72.047743, 24.046059],
            [72.060708, 24.032499],
            [72.065746, 24.032605],
            [72.067003, 24.035558],
            [72.074463, 24.039456],
            [72.085867, 24.03941],
            [72.090211, 24.041541],
            [72.093692, 24.038761],
            [72.092927, 24.033227],
            [72.10111, 24.034587],
            [72.098174, 24.042915],
            [72.101245, 24.054454],
            [72.116725, 24.050163],
            [72.132584, 24.052867],
            [72.132791, 24.06316],
            [72.136194, 24.070161],
            [72.147926, 24.07662],
            [72.157322, 24.094513],
            [72.156699, 24.098476],
            [72.147076, 24.10455],
            [72.147151, 24.113578],
            [72.1506, 24.117934],
            [72.148132, 24.123893],
            [72.144557, 24.127302],
            [72.123972, 24.128252],
            [72.121994, 24.124789],
            [72.116623, 24.12655],
            [72.11165, 24.123394],
            [72.09288, 24.124154],
            [72.089684, 24.138608],
            [72.093875, 24.141692],
            [72.112112, 24.135894],
            [72.120006, 24.143925],
            [72.120262, 24.152746],
            [72.129128, 24.15531],
            [72.149643, 24.15241],
            [72.153978, 24.135124],
            [72.148984, 24.129577],
            [72.161079, 24.126929],
            [72.176919, 24.118343],
            [72.187554, 24.12228],
            [72.185256, 24.130334],
            [72.19769, 24.137046],
            [72.203635, 24.149091],
            [72.213758, 24.145835],
            [72.217633, 24.143314],
            [72.217967, 24.136904],
            [72.223516, 24.131059],
            [72.206338, 24.114082],
            [72.210183, 24.11152],
            [72.216805, 24.094592],
            [72.2179, 24.084989],
            [72.225786, 24.072181],
            [72.234194, 24.072185],
            [72.25096, 24.082388],
            [72.25568, 24.08139],
            [72.258383, 24.070508],
            [72.261258, 24.069752],
            [72.263365, 24.063218],
            [72.268539, 24.060166],
            [72.270465, 24.055541],
            [72.287252, 24.054175],
            [72.293147, 24.051184],
            [72.299393, 24.053231],
            [72.306414, 24.039454],
            [72.309278, 24.03857],
            [72.339816, 24.037776],
            [72.345017, 24.026316],
            [72.34237, 24.022194],
            [72.344347, 24.013993],
            [72.351484, 24.009378],
            [72.361152, 24.009959],
            [72.360967, 24.000434],
            [72.369208, 23.986025],
            [72.370216, 23.971746],
            [72.379487, 23.971475],
            [72.383603, 23.968247],
            [72.386144, 23.970179],
            [72.386144, 23.975389],
            [72.407044, 23.975435],
            [72.414201, 23.972526],
            [72.41946, 23.978086],
            [72.427232, 23.976454],
            [72.42979, 23.983604],
            [72.431581, 23.977586],
            [72.43803, 23.973985],
            [72.43809, 23.967119],
            [72.44348, 23.968227],
            [72.44473, 23.971666],
            [72.451285, 23.974295],
            [72.470943, 23.968668],
            [72.471854, 23.965715],
            [72.476212, 23.966154],
            [72.475184, 23.957966],
            [72.477714, 23.958046],
            [72.477254, 23.954398],
            [72.480515, 23.953678],
            [72.481211, 23.93409],
            [72.486683, 23.934149],
            [72.487334, 23.931959],
            [72.510689, 23.934599],
            [72.524729, 23.944098],
            [72.528886, 23.942566],
            [72.534647, 23.93508],
            [72.545484, 23.940399],
            [72.548585, 23.938148],
            [72.560264, 23.938406],
            [72.565925, 23.933529],
            [72.57418, 23.936398],
            [72.584351, 23.936019],
            [72.584149, 23.938288],
            [72.586599, 23.938397],
            [72.585062, 23.943186],
            [72.590566, 23.952434],
            [72.589219, 23.954816],
            [72.586281, 23.954405],
            [72.585719, 23.962346],
            [72.589869, 23.965854],
            [72.587328, 23.972205],
            [72.590908, 23.977384],
            [72.600118, 23.97994],
            [72.599677, 23.983645],
            [72.601789, 23.984663],
            [72.618696, 23.985613],
            [72.621374, 23.990403],
            [72.629064, 23.993725],
            [72.637884, 23.993643],
            [72.646153, 23.989453],
            [72.650723, 23.993976],
            [72.648141, 24.00841],
            [72.648455, 24.026905],
            [72.639892, 24.023895],
            [72.636822, 24.042273],
            [72.630668, 24.047781],
            [72.625256, 24.046097],
            [72.620016, 24.053876],
            [72.628452, 24.058882],
            [72.629165, 24.062033],
            [72.635659, 24.064412],
            [72.638713, 24.070921],
            [72.637081, 24.075982],
            [72.644039, 24.075281],
            [72.64603, 24.076495],
            [72.644851, 24.078324],
            [72.65232, 24.080963],
            [72.652237, 24.083767],
            [72.661415, 24.075233],
            [72.670003, 24.071262],
            [72.68585, 24.073076],
            [72.69074, 24.078256],
            [72.696562, 24.07903],
            [72.704679, 24.084078],
            [72.706444, 24.09134],
            [72.713038, 24.099182],
            [72.729966, 24.094111],
            [72.734784, 24.086722],
            [72.734672, 24.076511],
            [72.74939, 24.079],
            [72.752371, 24.078235],
            [72.753814, 24.071121],
            [72.761919, 24.070666],
            [72.759452, 24.07729],
            [72.764674, 24.081765],
            [72.764344, 24.089196],
            [72.768808, 24.09105],
            [72.768443, 24.097718],
            [72.773648, 24.102253],
            [72.782746, 24.102042],
            [72.788928, 24.093275],
            [72.789915, 24.087822],
            [72.79361, 24.085594],
            [72.792207, 24.079557],
            [72.797216, 24.074665],
            [72.799468, 24.075854],
            [72.80262, 24.073423],
            [72.808859, 24.05867],
            [72.815302, 24.057258],
            [72.818649, 24.049242],
            [72.828537, 24.042975],
            [72.834725, 24.04345],
            [72.839081, 24.039853],
            [72.856265, 24.045531],
            [72.860367, 24.029609],
            [72.866653, 24.024725],
            [72.882917, 24.028052],
            [72.898703, 24.025495],
            [72.923156, 24.04068],
            [72.921168, 24.047163],
            [72.922268, 24.059248],
            [72.930745, 24.071601],
            [72.927497, 24.088512],
            [72.934095, 24.097606],
            [72.944598, 24.104256],
            [72.946391, 24.109081],
            [72.940549, 24.120748],
            [72.943499, 24.127853],
            [72.942928, 24.13532],
            [72.952926, 24.138601],
            [72.955178, 24.152499],
            [72.953516, 24.155155],
            [72.956653, 24.159008],
            [72.974081, 24.173628],
            [72.985506, 24.178031],
            [72.9918, 24.184017],
            [72.993688, 24.192642],
            [72.989199, 24.208057],
            [72.99162, 24.223467],
            [72.996995, 24.228076],
            [73.004994, 24.228923],
            [73.013904, 24.234784],
            [73.017766, 24.25041],
            [73.024443, 24.261372],
            [73.024825, 24.270459],
            [73.028082, 24.274072],
            [73.023909, 24.276453],
            [73.022625, 24.281648],
            [73.018781, 24.277754],
            [73.013467, 24.278486],
            [73.006928, 24.283375],
            [73.006574, 24.287586],
            [73.001451, 24.289056],
            [72.996742, 24.308019],
            [72.987652, 24.306558],
            [72.978454, 24.309418],
            [72.974339, 24.307245],
            [72.967127, 24.313235],
            [72.96203, 24.321716],
            [72.965657, 24.331438],
            [72.966547, 24.348699],
            [72.95947, 24.360959],
            [72.93821, 24.348303],
            [72.919795, 24.344419],
            [72.910727, 24.337212],
            [72.89115, 24.356974],
            [72.84976, 24.372041],
            [72.836494, 24.369163],
            [72.81478, 24.370226],
            [72.805825, 24.362937],
            [72.771414, 24.368226],
            [72.732033, 24.363749],
            [72.724329, 24.367619],
            [72.689146, 24.411732],
            [72.679773, 24.442929],
            [72.6875, 24.452604],
            [72.688232, 24.457808],
            [72.683358, 24.463877],
            [72.67094, 24.464879],
            [72.656331, 24.462215],
            [72.575943, 24.478855],
            [72.538244, 24.519682],
            [72.535985, 24.51761],
            [72.535246, 24.505672],
            [72.520186, 24.5],
            [72.514486, 24.483955],
            [72.5048, 24.471597],
            [72.504438, 24.458366],
            [72.493193, 24.459084],
            [72.500424, 24.417055],
            [72.457243, 24.414799],
            [72.458413, 24.424867],
            [72.452092, 24.433968],
            [72.451457, 24.442108],
            [72.448039, 24.447794],
            [72.433779, 24.460107],
            [72.430218, 24.480174],
            [72.442934, 24.503981],
            [72.443682, 24.508978],
            [72.441081, 24.515326],
            [72.423438, 24.516687],
            [72.41633, 24.521172],
            [72.412968, 24.517254],
            [72.400041, 24.514472],
            [72.388579, 24.50768],
            [72.385733, 24.511869],
            [72.379689, 24.512393],
            [72.376463, 24.52469],
            [72.368163, 24.537343],
            [72.36986, 24.543703],
            [72.367516, 24.54772],
            [72.361229, 24.547797],
            [72.360498, 24.55092],
            [72.358356, 24.550898],
            [72.357956, 24.555642],
            [72.354294, 24.556558],
            [72.35373, 24.563762],
            [72.340951, 24.563218],
            [72.330935, 24.569305],
            [72.326872, 24.558023],
            [72.330402, 24.554544],
            [72.328991, 24.552408],
            [72.326878, 24.55397],
            [72.323597, 24.551319],
            [72.301858, 24.550209],
            [72.295435, 24.546626],
            [72.2893, 24.548022],
            [72.285498, 24.565358],
            [72.275207, 24.565234],
            [72.271306, 24.561363],
            [72.264732, 24.560275],
            [72.263213, 24.565009],
            [72.246396, 24.585607],
            [72.24847, 24.589338],
            [72.256883, 24.594165],
            [72.258449, 24.598297],
            [72.264303, 24.600062],
            [72.264353, 24.604476],
            [72.276344, 24.607527],
            [72.28535, 24.607144],
            [72.289746, 24.603865],
            [72.295194, 24.609411],
            [72.297391, 24.60897],
            [72.303249, 24.605732],
            [72.305378, 24.602794],
            [72.30462, 24.598975],
            [72.307781, 24.595893],
            [72.313568, 24.594018],
            [72.330623, 24.599553],
            [72.335586, 24.598584],
            [72.338513, 24.600147],
            [72.338674, 24.605604],
            [72.343927, 24.609627],
            [72.345308, 24.615627],
            [72.343188, 24.621188],
            [72.347334, 24.628456],
            [72.337951, 24.630066],
            [72.335447, 24.633301],
            [72.320223, 24.617782],
            [72.315171, 24.619947],
            [72.304985, 24.617546],
            [72.297149, 24.624792],
            [72.289203, 24.619533],
            [72.282976, 24.625754],
            [72.273656, 24.628366],
            [72.270681, 24.630518],
            [72.270844, 24.637573],
            [72.254687, 24.624881],
            [72.248568, 24.6269],
            [72.242289, 24.634579],
            [72.236976, 24.635391],
            [72.234002, 24.640426],
            [72.230368, 24.64061],
            [72.216692, 24.626901],
            [72.19475, 24.623022],
            [72.197788, 24.6167],
            [72.196572, 24.614719],
            [72.192032, 24.620048],
            [72.170341, 24.623175],
            [72.16481, 24.621277],
            [72.16033, 24.635262],
            [72.150257, 24.643669],
            [72.128186, 24.641699],
            [72.124571, 24.638603],
            [72.116994, 24.643365],
            [72.114959, 24.648429],
            [72.108766, 24.646646],
            [72.098056, 24.656119],
            [72.089817, 24.658695],
            [72.086141, 24.67759],
            [72.092755, 24.681947],
            [72.085199, 24.706411],
            [72.059298, 24.712108]
          ]
        ]
      },
      "properties": {
        "dtname": "Banas Kantha",
        "stname": "Gujarat",
        "stcode11": "24",
        "dtcode11": "469",
        "dist_lgd": 441,
        "state_lgd": 24
      }
    }
  ]
}
